"title","start_time","end_time","description","exercise_title","superset_id","exercise_notes","set_index","set_type","weight_kg","reps","distance_km","duration_seconds","rpe"
"Day UpperBody","12 Jul 2026, 10:10","12 Jul 2026, 11:15","","Lat Pulldown (Cable)",,"",0,"normal",30,10,,,
"Day UpperBody","12 Jul 2026, 10:10","12 Jul 2026, 11:15","","Lat Pulldown (Cable)",,"",1,"normal",48,9,,,
"Day UpperBody","12 Jul 2026, 10:10","12 Jul 2026, 11:15","","Lat Pulldown (Cable)",,"",2,"normal",48,8,,,
"Day UpperBody","12 Jul 2026, 10:10","12 Jul 2026, 11:15","","Lat Pulldown (Cable)",,"",3,"normal",42,10,,,
"Day UpperBody","12 Jul 2026, 10:10","12 Jul 2026, 11:15","","Lat Pulldown (Cable)",,"",4,"failure",42,8,,,
"Day UpperBody","12 Jul 2026, 10:10","12 Jul 2026, 11:15","","Chest Press (Machine)",,"",0,"normal",21,10,,,
"Day UpperBody","12 Jul 2026, 10:10","12 Jul 2026, 11:15","","Chest Press (Machine)",,"",1,"normal",61,10,,,
"Day UpperBody","12 Jul 2026, 10:10","12 Jul 2026, 11:15","","Chest Press (Machine)",,"",2,"normal",61,10,,,
"Day UpperBody","12 Jul 2026, 10:10","12 Jul 2026, 11:15","","Chest Press (Machine)",,"",3,"normal",61,10,,,
"Day UpperBody","12 Jul 2026, 10:10","12 Jul 2026, 11:15","","Chest Press (Machine)",,"",4,"failure",61,8,,,
"Day UpperBody","12 Jul 2026, 10:10","12 Jul 2026, 11:15","","Seated Cable Row - V Grip (Cable)",,"",0,"normal",54,10,,,
"Day UpperBody","12 Jul 2026, 10:10","12 Jul 2026, 11:15","","Seated Cable Row - V Grip (Cable)",,"",1,"normal",48,10,,,
"Day UpperBody","12 Jul 2026, 10:10","12 Jul 2026, 11:15","","Seated Cable Row - V Grip (Cable)",,"",2,"normal",48,10,,,
"Day UpperBody","12 Jul 2026, 10:10","12 Jul 2026, 11:15","","Skullcrusher (Barbell)",,"",0,"normal",24.5,10,,,
"Day UpperBody","12 Jul 2026, 10:10","12 Jul 2026, 11:15","","Skullcrusher (Barbell)",,"",1,"normal",24.5,10,,,
"Day UpperBody","12 Jul 2026, 10:10","12 Jul 2026, 11:15","","Skullcrusher (Barbell)",,"",2,"normal",24.5,9,,,
"Day UpperBody","12 Jul 2026, 10:10","12 Jul 2026, 11:15","","Skullcrusher (Barbell)",,"",3,"failure",24.5,6,,,
"Day UpperBody","12 Jul 2026, 10:10","12 Jul 2026, 11:15","","Bicep Curl (Barbell)",,"",0,"normal",27,10,,,
"Day UpperBody","12 Jul 2026, 10:10","12 Jul 2026, 11:15","","Bicep Curl (Barbell)",,"",1,"normal",27,10,,,
"Day UpperBody","12 Jul 2026, 10:10","12 Jul 2026, 11:15","","Bicep Curl (Barbell)",,"",2,"normal",27,8,,,
"Day UpperBody","12 Jul 2026, 10:10","12 Jul 2026, 11:15","","Bicep Curl (Barbell)",,"",3,"failure",27,7,,,
"Day UpperBody","12 Jul 2026, 10:10","12 Jul 2026, 11:15","","Lateral Raise (Dumbbell)",,"",0,"normal",10,10,,,
"Day UpperBody","12 Jul 2026, 10:10","12 Jul 2026, 11:15","","Lateral Raise (Dumbbell)",,"",1,"normal",10,10,,,
"Day UpperBody","12 Jul 2026, 10:10","12 Jul 2026, 11:15","","Lateral Raise (Dumbbell)",,"",2,"normal",10,10,,,
"Day UpperBody","12 Jul 2026, 10:10","12 Jul 2026, 11:15","","Lateral Raise (Dumbbell)",,"",3,"failure",10,10,,,
"Day UpperBody","10 Jul 2026, 10:01","10 Jul 2026, 11:06","","Lat Pulldown (Cable)",,"",0,"normal",30,10,,,
"Day UpperBody","10 Jul 2026, 10:01","10 Jul 2026, 11:06","","Lat Pulldown (Cable)",,"",1,"normal",48,10,,,
"Day UpperBody","10 Jul 2026, 10:01","10 Jul 2026, 11:06","","Lat Pulldown (Cable)",,"",2,"normal",48,9,,,
"Day UpperBody","10 Jul 2026, 10:01","10 Jul 2026, 11:06","","Lat Pulldown (Cable)",,"",3,"normal",42,9,,,
"Day UpperBody","10 Jul 2026, 10:01","10 Jul 2026, 11:06","","Lat Pulldown (Cable)",,"",4,"failure",42,7,,,
"Day UpperBody","10 Jul 2026, 10:01","10 Jul 2026, 11:06","","Chest Press (Machine)",,"",0,"normal",21,10,,,
"Day UpperBody","10 Jul 2026, 10:01","10 Jul 2026, 11:06","","Chest Press (Machine)",,"",1,"normal",61,10,,,
"Day UpperBody","10 Jul 2026, 10:01","10 Jul 2026, 11:06","","Chest Press (Machine)",,"",2,"normal",61,10,,,
"Day UpperBody","10 Jul 2026, 10:01","10 Jul 2026, 11:06","","Chest Press (Machine)",,"",3,"normal",61,8,,,
"Day UpperBody","10 Jul 2026, 10:01","10 Jul 2026, 11:06","","Chest Press (Machine)",,"",4,"failure",61,6,,,
"Day UpperBody","10 Jul 2026, 10:01","10 Jul 2026, 11:06","","Seated Cable Row - V Grip (Cable)",,"",0,"normal",54,10,,,
"Day UpperBody","10 Jul 2026, 10:01","10 Jul 2026, 11:06","","Seated Cable Row - V Grip (Cable)",,"",1,"normal",54,10,,,
"Day UpperBody","10 Jul 2026, 10:01","10 Jul 2026, 11:06","","Seated Cable Row - V Grip (Cable)",,"",2,"normal",54,7,,,
"Day UpperBody","10 Jul 2026, 10:01","10 Jul 2026, 11:06","","Seated Cable Row - V Grip (Cable)",,"",3,"failure",48,9,,,
"Day UpperBody","10 Jul 2026, 10:01","10 Jul 2026, 11:06","","Skullcrusher (Barbell)",,"",0,"normal",19.5,10,,,
"Day UpperBody","10 Jul 2026, 10:01","10 Jul 2026, 11:06","","Skullcrusher (Barbell)",,"",1,"normal",24.5,10,,,
"Day UpperBody","10 Jul 2026, 10:01","10 Jul 2026, 11:06","","Skullcrusher (Barbell)",,"",2,"normal",24.5,10,,,
"Day UpperBody","10 Jul 2026, 10:01","10 Jul 2026, 11:06","","Skullcrusher (Barbell)",,"",3,"failure",24.5,5,,,
"Day UpperBody","10 Jul 2026, 10:01","10 Jul 2026, 11:06","","Bicep Curl (Barbell)",,"",0,"normal",27,10,,,
"Day UpperBody","10 Jul 2026, 10:01","10 Jul 2026, 11:06","","Bicep Curl (Barbell)",,"",1,"normal",27,10,,,
"Day UpperBody","10 Jul 2026, 10:01","10 Jul 2026, 11:06","","Bicep Curl (Barbell)",,"",2,"normal",27,7,,,
"Day UpperBody","10 Jul 2026, 10:01","10 Jul 2026, 11:06","","Bicep Curl (Barbell)",,"",3,"failure",27,5,,,
"Day UpperBody","10 Jul 2026, 10:01","10 Jul 2026, 11:06","","Lateral Raise (Dumbbell)",,"",0,"normal",10,10,,,
"Day UpperBody","10 Jul 2026, 10:01","10 Jul 2026, 11:06","","Lateral Raise (Dumbbell)",,"",1,"normal",10,10,,,
"Day UpperBody","10 Jul 2026, 10:01","10 Jul 2026, 11:06","","Lateral Raise (Dumbbell)",,"",2,"normal",10,10,,,
"Day UpperBody","10 Jul 2026, 10:01","10 Jul 2026, 11:06","","Lateral Raise (Dumbbell)",,"",3,"failure",10,10,,,
"Day UpperBody","10 Jul 2026, 10:01","10 Jul 2026, 11:06","","Diamond Push Up",,"",0,"failure",,20,,,
"Day UpperBody","24 Jun 2026, 09:19","24 Jun 2026, 10:27","","Lat Pulldown (Cable)",,"",0,"normal",30,10,,,
"Day UpperBody","24 Jun 2026, 09:19","24 Jun 2026, 10:27","","Lat Pulldown (Cable)",,"",1,"normal",48,10,,,
"Day UpperBody","24 Jun 2026, 09:19","24 Jun 2026, 10:27","","Lat Pulldown (Cable)",,"",2,"normal",48,10,,,
"Day UpperBody","24 Jun 2026, 09:19","24 Jun 2026, 10:27","","Lat Pulldown (Cable)",,"",3,"normal",48,8,,,
"Day UpperBody","24 Jun 2026, 09:19","24 Jun 2026, 10:27","","Lat Pulldown (Cable)",,"",4,"failure",42,10,,,
"Day UpperBody","24 Jun 2026, 09:19","24 Jun 2026, 10:27","","Chest Press (Machine)",,"",0,"normal",21,10,,,
"Day UpperBody","24 Jun 2026, 09:19","24 Jun 2026, 10:27","","Chest Press (Machine)",,"",1,"normal",61,10,,,
"Day UpperBody","24 Jun 2026, 09:19","24 Jun 2026, 10:27","","Chest Press (Machine)",,"",2,"normal",61,10,,,
"Day UpperBody","24 Jun 2026, 09:19","24 Jun 2026, 10:27","","Chest Press (Machine)",,"",3,"normal",61,10,,,
"Day UpperBody","24 Jun 2026, 09:19","24 Jun 2026, 10:27","","Chest Press (Machine)",,"",4,"failure",61,9,,,
"Day UpperBody","24 Jun 2026, 09:19","24 Jun 2026, 10:27","","Seated Cable Row - V Grip (Cable)",,"",0,"normal",54,10,,,
"Day UpperBody","24 Jun 2026, 09:19","24 Jun 2026, 10:27","","Seated Cable Row - V Grip (Cable)",,"",1,"normal",54,10,,,
"Day UpperBody","24 Jun 2026, 09:19","24 Jun 2026, 10:27","","Seated Cable Row - V Grip (Cable)",,"",2,"normal",54,9,,,
"Day UpperBody","24 Jun 2026, 09:19","24 Jun 2026, 10:27","","Seated Cable Row - V Grip (Cable)",,"",3,"failure",54,8,,,
"Day UpperBody","24 Jun 2026, 09:19","24 Jun 2026, 10:27","","Skullcrusher (Barbell)",,"",0,"normal",24.5,10,,,
"Day UpperBody","24 Jun 2026, 09:19","24 Jun 2026, 10:27","","Skullcrusher (Barbell)",,"",1,"normal",24.5,10,,,
"Day UpperBody","24 Jun 2026, 09:19","24 Jun 2026, 10:27","","Skullcrusher (Barbell)",,"",2,"normal",24.5,10,,,
"Day UpperBody","24 Jun 2026, 09:19","24 Jun 2026, 10:27","","Skullcrusher (Barbell)",,"",3,"failure",24.5,10,,,
"Day UpperBody","24 Jun 2026, 09:19","24 Jun 2026, 10:27","","Bicep Curl (Barbell)",,"",0,"normal",27,10,,,
"Day UpperBody","24 Jun 2026, 09:19","24 Jun 2026, 10:27","","Bicep Curl (Barbell)",,"",1,"normal",27,10,,,
"Day UpperBody","24 Jun 2026, 09:19","24 Jun 2026, 10:27","","Bicep Curl (Barbell)",,"",2,"normal",27,9,,,
"Day UpperBody","24 Jun 2026, 09:19","24 Jun 2026, 10:27","","Bicep Curl (Barbell)",,"",3,"failure",27,7,,,
"Day UpperBody","24 Jun 2026, 09:19","24 Jun 2026, 10:27","","Lateral Raise (Dumbbell)",,"",0,"normal",10,10,,,
"Day UpperBody","24 Jun 2026, 09:19","24 Jun 2026, 10:27","","Lateral Raise (Dumbbell)",,"",1,"normal",10,10,,,
"Day UpperBody","24 Jun 2026, 09:19","24 Jun 2026, 10:27","","Lateral Raise (Dumbbell)",,"",2,"normal",10,10,,,
"Day UpperBody","24 Jun 2026, 09:19","24 Jun 2026, 10:27","","Lateral Raise (Dumbbell)",,"",3,"failure",10,10,,,
"Day UpperBody","20 Jun 2026, 10:05","20 Jun 2026, 11:09","","Lat Pulldown (Cable)",,"",0,"normal",30,10,,,
"Day UpperBody","20 Jun 2026, 10:05","20 Jun 2026, 11:09","","Lat Pulldown (Cable)",,"",1,"normal",48,10,,,
"Day UpperBody","20 Jun 2026, 10:05","20 Jun 2026, 11:09","","Lat Pulldown (Cable)",,"",2,"normal",48,10,,,
"Day UpperBody","20 Jun 2026, 10:05","20 Jun 2026, 11:09","","Lat Pulldown (Cable)",,"",3,"normal",48,8,,,
"Day UpperBody","20 Jun 2026, 10:05","20 Jun 2026, 11:09","","Lat Pulldown (Cable)",,"",4,"failure",42,10,,,
"Day UpperBody","20 Jun 2026, 10:05","20 Jun 2026, 11:09","","Chest Press (Machine)",,"",0,"normal",21,10,,,
"Day UpperBody","20 Jun 2026, 10:05","20 Jun 2026, 11:09","","Chest Press (Machine)",,"",1,"normal",61,10,,,
"Day UpperBody","20 Jun 2026, 10:05","20 Jun 2026, 11:09","","Chest Press (Machine)",,"",2,"normal",61,10,,,
"Day UpperBody","20 Jun 2026, 10:05","20 Jun 2026, 11:09","","Chest Press (Machine)",,"",3,"normal",61,10,,,
"Day UpperBody","20 Jun 2026, 10:05","20 Jun 2026, 11:09","","Chest Press (Machine)",,"",4,"failure",61,10,,,
"Day UpperBody","20 Jun 2026, 10:05","20 Jun 2026, 11:09","","Seated Cable Row - V Grip (Cable)",,"",0,"normal",54,10,,,
"Day UpperBody","20 Jun 2026, 10:05","20 Jun 2026, 11:09","","Seated Cable Row - V Grip (Cable)",,"",1,"normal",54,10,,,
"Day UpperBody","20 Jun 2026, 10:05","20 Jun 2026, 11:09","","Seated Cable Row - V Grip (Cable)",,"",2,"normal",54,10,,,
"Day UpperBody","20 Jun 2026, 10:05","20 Jun 2026, 11:09","","Seated Cable Row - V Grip (Cable)",,"",3,"failure",54,9,,,
"Day UpperBody","20 Jun 2026, 10:05","20 Jun 2026, 11:09","","Skullcrusher (Barbell)",,"",0,"normal",24.5,10,,,
"Day UpperBody","20 Jun 2026, 10:05","20 Jun 2026, 11:09","","Skullcrusher (Barbell)",,"",1,"normal",24.5,10,,,
"Day UpperBody","20 Jun 2026, 10:05","20 Jun 2026, 11:09","","Skullcrusher (Barbell)",,"",2,"normal",24.5,10,,,
"Day UpperBody","20 Jun 2026, 10:05","20 Jun 2026, 11:09","","Skullcrusher (Barbell)",,"",3,"failure",24.5,7,,,
"Day UpperBody","20 Jun 2026, 10:05","20 Jun 2026, 11:09","","Bicep Curl (Barbell)",,"",0,"normal",27,10,,,
"Day UpperBody","20 Jun 2026, 10:05","20 Jun 2026, 11:09","","Bicep Curl (Barbell)",,"",1,"normal",27,10,,,
"Day UpperBody","20 Jun 2026, 10:05","20 Jun 2026, 11:09","","Bicep Curl (Barbell)",,"",2,"normal",27,10,,,
"Day UpperBody","20 Jun 2026, 10:05","20 Jun 2026, 11:09","","Bicep Curl (Barbell)",,"",3,"failure",27,10,,,
"Day UpperBody","20 Jun 2026, 10:05","20 Jun 2026, 11:09","","Lateral Raise (Dumbbell)",,"",0,"normal",10,10,,,
"Day UpperBody","20 Jun 2026, 10:05","20 Jun 2026, 11:09","","Lateral Raise (Dumbbell)",,"",1,"normal",10,10,,,
"Day UpperBody","20 Jun 2026, 10:05","20 Jun 2026, 11:09","","Lateral Raise (Dumbbell)",,"",2,"normal",10,10,,,
"Day UpperBody","20 Jun 2026, 10:05","20 Jun 2026, 11:09","","Lateral Raise (Dumbbell)",,"",3,"failure",10,11,,,
"Day UpperBody","20 Jun 2026, 10:05","20 Jun 2026, 11:09","","Diamond Push Up",,"",0,"failure",,15,,,
"Day UpperBody","17 Jun 2026, 05:28","17 Jun 2026, 06:42","","Lat Pulldown (Cable)",,"",0,"normal",30,10,,,
"Day UpperBody","17 Jun 2026, 05:28","17 Jun 2026, 06:42","","Lat Pulldown (Cable)",,"",1,"normal",48,10,,,
"Day UpperBody","17 Jun 2026, 05:28","17 Jun 2026, 06:42","","Lat Pulldown (Cable)",,"",2,"normal",48,10,,,
"Day UpperBody","17 Jun 2026, 05:28","17 Jun 2026, 06:42","","Lat Pulldown (Cable)",,"",3,"normal",48,8,,,
"Day UpperBody","17 Jun 2026, 05:28","17 Jun 2026, 06:42","","Lat Pulldown (Cable)",,"",4,"failure",42,10,,,
"Day UpperBody","17 Jun 2026, 05:28","17 Jun 2026, 06:42","","Chest Press (Machine)",,"",0,"normal",21,10,,,
"Day UpperBody","17 Jun 2026, 05:28","17 Jun 2026, 06:42","","Chest Press (Machine)",,"",1,"normal",61,10,,,
"Day UpperBody","17 Jun 2026, 05:28","17 Jun 2026, 06:42","","Chest Press (Machine)",,"",2,"normal",61,10,,,
"Day UpperBody","17 Jun 2026, 05:28","17 Jun 2026, 06:42","","Chest Press (Machine)",,"",3,"normal",61,10,,,
"Day UpperBody","17 Jun 2026, 05:28","17 Jun 2026, 06:42","","Chest Press (Machine)",,"",4,"failure",61,8,,,
"Day UpperBody","17 Jun 2026, 05:28","17 Jun 2026, 06:42","","Seated Cable Row - V Grip (Cable)",,"",0,"normal",54,10,,,
"Day UpperBody","17 Jun 2026, 05:28","17 Jun 2026, 06:42","","Seated Cable Row - V Grip (Cable)",,"",1,"normal",54,10,,,
"Day UpperBody","17 Jun 2026, 05:28","17 Jun 2026, 06:42","","Seated Cable Row - V Grip (Cable)",,"",2,"normal",54,10,,,
"Day UpperBody","17 Jun 2026, 05:28","17 Jun 2026, 06:42","","Seated Cable Row - V Grip (Cable)",,"",3,"failure",54,8,,,
"Day UpperBody","17 Jun 2026, 05:28","17 Jun 2026, 06:42","","Skullcrusher (Barbell)",,"",0,"normal",24.5,10,,,
"Day UpperBody","17 Jun 2026, 05:28","17 Jun 2026, 06:42","","Skullcrusher (Barbell)",,"",1,"normal",24.5,10,,,
"Day UpperBody","17 Jun 2026, 05:28","17 Jun 2026, 06:42","","Skullcrusher (Barbell)",,"",2,"normal",24.5,10,,,
"Day UpperBody","17 Jun 2026, 05:28","17 Jun 2026, 06:42","","Skullcrusher (Barbell)",,"",3,"failure",24.5,9,,,
"Day UpperBody","17 Jun 2026, 05:28","17 Jun 2026, 06:42","","Bicep Curl (Barbell)",,"",0,"normal",27,10,,,
"Day UpperBody","17 Jun 2026, 05:28","17 Jun 2026, 06:42","","Bicep Curl (Barbell)",,"",1,"normal",27,10,,,
"Day UpperBody","17 Jun 2026, 05:28","17 Jun 2026, 06:42","","Bicep Curl (Barbell)",,"",2,"normal",27,10,,,
"Day UpperBody","17 Jun 2026, 05:28","17 Jun 2026, 06:42","","Bicep Curl (Barbell)",,"",3,"failure",27,9,,,
"Day UpperBody","17 Jun 2026, 05:28","17 Jun 2026, 06:42","","Lateral Raise (Dumbbell)",,"",0,"normal",10,10,,,
"Day UpperBody","17 Jun 2026, 05:28","17 Jun 2026, 06:42","","Lateral Raise (Dumbbell)",,"",1,"normal",10,10,,,
"Day UpperBody","17 Jun 2026, 05:28","17 Jun 2026, 06:42","","Lateral Raise (Dumbbell)",,"",2,"normal",10,10,,,
"Day UpperBody","17 Jun 2026, 05:28","17 Jun 2026, 06:42","","Lateral Raise (Dumbbell)",,"",3,"failure",10,11,,,
"Day UpperBody","15 Jun 2026, 04:28","15 Jun 2026, 05:46","","Lat Pulldown (Cable)",,"",0,"normal",30,10,,,
"Day UpperBody","15 Jun 2026, 04:28","15 Jun 2026, 05:46","","Lat Pulldown (Cable)",,"",1,"normal",48,10,,,
"Day UpperBody","15 Jun 2026, 04:28","15 Jun 2026, 05:46","","Lat Pulldown (Cable)",,"",2,"normal",48,9,,,
"Day UpperBody","15 Jun 2026, 04:28","15 Jun 2026, 05:46","","Lat Pulldown (Cable)",,"",3,"normal",42,10,,,
"Day UpperBody","15 Jun 2026, 04:28","15 Jun 2026, 05:46","","Lat Pulldown (Cable)",,"",4,"failure",42,11,,,
"Day UpperBody","15 Jun 2026, 04:28","15 Jun 2026, 05:46","","Chest Press (Machine)",,"",0,"normal",21,10,,,
"Day UpperBody","15 Jun 2026, 04:28","15 Jun 2026, 05:46","","Chest Press (Machine)",,"",1,"normal",61,10,,,
"Day UpperBody","15 Jun 2026, 04:28","15 Jun 2026, 05:46","","Chest Press (Machine)",,"",2,"normal",61,10,,,
"Day UpperBody","15 Jun 2026, 04:28","15 Jun 2026, 05:46","","Chest Press (Machine)",,"",3,"normal",61,10,,,
"Day UpperBody","15 Jun 2026, 04:28","15 Jun 2026, 05:46","","Chest Press (Machine)",,"",4,"failure",61,7,,,
"Day UpperBody","15 Jun 2026, 04:28","15 Jun 2026, 05:46","","Seated Cable Row - V Grip (Cable)",,"",0,"normal",54,10,,,
"Day UpperBody","15 Jun 2026, 04:28","15 Jun 2026, 05:46","","Seated Cable Row - V Grip (Cable)",,"",1,"normal",54,10,,,
"Day UpperBody","15 Jun 2026, 04:28","15 Jun 2026, 05:46","","Seated Cable Row - V Grip (Cable)",,"",2,"normal",54,9,,,
"Day UpperBody","15 Jun 2026, 04:28","15 Jun 2026, 05:46","","Seated Cable Row - V Grip (Cable)",,"",3,"failure",54,7,,,
"Day UpperBody","15 Jun 2026, 04:28","15 Jun 2026, 05:46","","Skullcrusher (Barbell)",,"",0,"normal",22,10,,,
"Day UpperBody","15 Jun 2026, 04:28","15 Jun 2026, 05:46","","Skullcrusher (Barbell)",,"",1,"normal",22,10,,,
"Day UpperBody","15 Jun 2026, 04:28","15 Jun 2026, 05:46","","Skullcrusher (Barbell)",,"",2,"normal",22,10,,,
"Day UpperBody","15 Jun 2026, 04:28","15 Jun 2026, 05:46","","Skullcrusher (Barbell)",,"",3,"failure",22,13,,,
"Day UpperBody","15 Jun 2026, 04:28","15 Jun 2026, 05:46","","Bicep Curl (Barbell)",,"",0,"normal",27,10,,,
"Day UpperBody","15 Jun 2026, 04:28","15 Jun 2026, 05:46","","Bicep Curl (Barbell)",,"",1,"normal",27,10,,,
"Day UpperBody","15 Jun 2026, 04:28","15 Jun 2026, 05:46","","Bicep Curl (Barbell)",,"",2,"normal",27,10,,,
"Day UpperBody","15 Jun 2026, 04:28","15 Jun 2026, 05:46","","Bicep Curl (Barbell)",,"",3,"failure",27,8,,,
"Day UpperBody","15 Jun 2026, 04:28","15 Jun 2026, 05:46","","Lateral Raise (Dumbbell)",,"",0,"normal",12.5,10,,,
"Day UpperBody","15 Jun 2026, 04:28","15 Jun 2026, 05:46","","Lateral Raise (Dumbbell)",,"",1,"normal",12.5,10,,,
"Day UpperBody","15 Jun 2026, 04:28","15 Jun 2026, 05:46","","Lateral Raise (Dumbbell)",,"",2,"normal",10,10,,,
"Day UpperBody","15 Jun 2026, 04:28","15 Jun 2026, 05:46","","Lateral Raise (Dumbbell)",,"",3,"failure",10,13,,,
"Day UpperBody","13 Jun 2026, 11:14","13 Jun 2026, 12:16","","Lat Pulldown (Cable)",,"",0,"normal",30,10,,,
"Day UpperBody","13 Jun 2026, 11:14","13 Jun 2026, 12:16","","Lat Pulldown (Cable)",,"",1,"normal",48,10,,,
"Day UpperBody","13 Jun 2026, 11:14","13 Jun 2026, 12:16","","Lat Pulldown (Cable)",,"",2,"normal",42,10,,,
"Day UpperBody","13 Jun 2026, 11:14","13 Jun 2026, 12:16","","Lat Pulldown (Cable)",,"",3,"normal",42,10,,,
"Day UpperBody","13 Jun 2026, 11:14","13 Jun 2026, 12:16","","Lat Pulldown (Cable)",,"",4,"failure",42,10,,,
"Day UpperBody","13 Jun 2026, 11:14","13 Jun 2026, 12:16","","Chest Press (Machine)",,"",0,"normal",21,10,,,
"Day UpperBody","13 Jun 2026, 11:14","13 Jun 2026, 12:16","","Chest Press (Machine)",,"",1,"normal",61,10,,,
"Day UpperBody","13 Jun 2026, 11:14","13 Jun 2026, 12:16","","Chest Press (Machine)",,"",2,"normal",61,10,,,
"Day UpperBody","13 Jun 2026, 11:14","13 Jun 2026, 12:16","","Chest Press (Machine)",,"",3,"normal",61,10,,,
"Day UpperBody","13 Jun 2026, 11:14","13 Jun 2026, 12:16","","Chest Press (Machine)",,"",4,"failure",61,6,,,
"Day UpperBody","13 Jun 2026, 11:14","13 Jun 2026, 12:16","","Seated Cable Row - V Grip (Cable)",,"",0,"normal",54,10,,,
"Day UpperBody","13 Jun 2026, 11:14","13 Jun 2026, 12:16","","Seated Cable Row - V Grip (Cable)",,"",1,"normal",48,10,,,
"Day UpperBody","13 Jun 2026, 11:14","13 Jun 2026, 12:16","","Seated Cable Row - V Grip (Cable)",,"",2,"normal",48,10,,,
"Day UpperBody","13 Jun 2026, 11:14","13 Jun 2026, 12:16","","Seated Cable Row - V Grip (Cable)",,"",3,"failure",48,7,,,
"Day UpperBody","13 Jun 2026, 11:14","13 Jun 2026, 12:16","","Skullcrusher (Barbell)",,"",0,"normal",22,10,,,
"Day UpperBody","13 Jun 2026, 11:14","13 Jun 2026, 12:16","","Skullcrusher (Barbell)",,"",1,"normal",22,10,,,
"Day UpperBody","13 Jun 2026, 11:14","13 Jun 2026, 12:16","","Skullcrusher (Barbell)",,"",2,"normal",22,10,,,
"Day UpperBody","13 Jun 2026, 11:14","13 Jun 2026, 12:16","","Skullcrusher (Barbell)",,"",3,"failure",22,10,,,
"Day UpperBody","13 Jun 2026, 11:14","13 Jun 2026, 12:16","","Bicep Curl (Barbell)",,"",0,"normal",27,10,,,
"Day UpperBody","13 Jun 2026, 11:14","13 Jun 2026, 12:16","","Bicep Curl (Barbell)",,"",1,"normal",27,10,,,
"Day UpperBody","13 Jun 2026, 11:14","13 Jun 2026, 12:16","","Bicep Curl (Barbell)",,"",2,"normal",27,10,,,
"Day UpperBody","13 Jun 2026, 11:14","13 Jun 2026, 12:16","","Bicep Curl (Barbell)",,"",3,"failure",27,6,,,
"Day UpperBody","13 Jun 2026, 11:14","13 Jun 2026, 12:16","","Lateral Raise (Dumbbell)",,"",0,"normal",10,10,,,
"Day UpperBody","13 Jun 2026, 11:14","13 Jun 2026, 12:16","","Lateral Raise (Dumbbell)",,"",1,"normal",10,10,,,
"Day UpperBody","13 Jun 2026, 11:14","13 Jun 2026, 12:16","","Lateral Raise (Dumbbell)",,"",2,"normal",10,10,,,
"Day UpperBody","13 Jun 2026, 11:14","13 Jun 2026, 12:16","","Lateral Raise (Dumbbell)",,"",3,"failure",10,10,,,
"Day UpperBody","10 Jun 2026, 04:11","10 Jun 2026, 05:11","","Lat Pulldown (Cable)",,"",0,"normal",30,10,,,
"Day UpperBody","10 Jun 2026, 04:11","10 Jun 2026, 05:11","","Lat Pulldown (Cable)",,"",1,"normal",48,5,,,
"Day UpperBody","10 Jun 2026, 04:11","10 Jun 2026, 05:11","","Bench Press (Barbell)",,"",0,"normal",20,10,,,
"Day UpperBody","10 Jun 2026, 04:11","10 Jun 2026, 05:11","","Chest Press (Machine)",,"",0,"normal",21,10,,,
"Day UpperBody","10 Jun 2026, 04:11","10 Jun 2026, 05:11","","Chest Press (Machine)",,"",1,"normal",61,10,,,
"Day UpperBody","10 Jun 2026, 04:11","10 Jun 2026, 05:11","","Chest Press (Machine)",,"",2,"normal",61,10,,,
"Day UpperBody","10 Jun 2026, 04:11","10 Jun 2026, 05:11","","Chest Press (Machine)",,"",3,"normal",61,7,,,
"Day UpperBody","10 Jun 2026, 04:11","10 Jun 2026, 05:11","","Chest Press (Machine)",,"",4,"failure",61,7,,,
"Day UpperBody","10 Jun 2026, 04:11","10 Jun 2026, 05:11","","Seated Cable Row - V Grip (Cable)",,"",0,"normal",54,10,,,
"Day UpperBody","10 Jun 2026, 04:11","10 Jun 2026, 05:11","","Seated Cable Row - V Grip (Cable)",,"",1,"normal",54,10,,,
"Day UpperBody","10 Jun 2026, 04:11","10 Jun 2026, 05:11","","Seated Cable Row - V Grip (Cable)",,"",2,"normal",54,9,,,
"Day UpperBody","10 Jun 2026, 04:11","10 Jun 2026, 05:11","","Seated Cable Row - V Grip (Cable)",,"",3,"failure",48,10,,,
"Day UpperBody","10 Jun 2026, 04:11","10 Jun 2026, 05:11","","Skullcrusher (Barbell)",,"",0,"normal",22,10,,,
"Day UpperBody","10 Jun 2026, 04:11","10 Jun 2026, 05:11","","Skullcrusher (Barbell)",,"",1,"normal",22,10,,,
"Day UpperBody","10 Jun 2026, 04:11","10 Jun 2026, 05:11","","Skullcrusher (Barbell)",,"",2,"normal",22,10,,,
"Day UpperBody","10 Jun 2026, 04:11","10 Jun 2026, 05:11","","Skullcrusher (Barbell)",,"",3,"failure",22,10,,,
"Day UpperBody","10 Jun 2026, 04:11","10 Jun 2026, 05:11","","Bicep Curl (Barbell)",,"",0,"normal",27,10,,,
"Day UpperBody","10 Jun 2026, 04:11","10 Jun 2026, 05:11","","Bicep Curl (Barbell)",,"",1,"normal",27,10,,,
"Day UpperBody","10 Jun 2026, 04:11","10 Jun 2026, 05:11","","Bicep Curl (Barbell)",,"",2,"normal",27,10,,,
"Day UpperBody","10 Jun 2026, 04:11","10 Jun 2026, 05:11","","Bicep Curl (Barbell)",,"",3,"failure",27,8,,,
"Day UpperBody","10 Jun 2026, 04:11","10 Jun 2026, 05:11","","Lateral Raise (Dumbbell)",,"",0,"normal",10,10,,,
"Day UpperBody","10 Jun 2026, 04:11","10 Jun 2026, 05:11","","Lateral Raise (Dumbbell)",,"",1,"normal",10,10,,,
"Day UpperBody","10 Jun 2026, 04:11","10 Jun 2026, 05:11","","Lateral Raise (Dumbbell)",,"",2,"normal",10,10,,,
"Day UpperBody","10 Jun 2026, 04:11","10 Jun 2026, 05:11","","Lateral Raise (Dumbbell)",,"",3,"failure",10,10,,,
"Day UpperBody","5 Jun 2026, 05:42","5 Jun 2026, 06:51","","Lat Pulldown (Cable)",,"",0,"normal",30,10,,,
"Day UpperBody","5 Jun 2026, 05:42","5 Jun 2026, 06:51","","Lat Pulldown (Cable)",,"",1,"normal",48,10,,,
"Day UpperBody","5 Jun 2026, 05:42","5 Jun 2026, 06:51","","Lat Pulldown (Cable)",,"",2,"normal",42,10,,,
"Day UpperBody","5 Jun 2026, 05:42","5 Jun 2026, 06:51","","Lat Pulldown (Cable)",,"",3,"normal",42,10,,,
"Day UpperBody","5 Jun 2026, 05:42","5 Jun 2026, 06:51","","Lat Pulldown (Cable)",,"",4,"failure",42,10,,,
"Day UpperBody","5 Jun 2026, 05:42","5 Jun 2026, 06:51","","Chest Press (Machine)",,"",0,"normal",21,10,,,
"Day UpperBody","5 Jun 2026, 05:42","5 Jun 2026, 06:51","","Chest Press (Machine)",,"",1,"normal",61,10,,,
"Day UpperBody","5 Jun 2026, 05:42","5 Jun 2026, 06:51","","Chest Press (Machine)",,"",2,"normal",61,10,,,
"Day UpperBody","5 Jun 2026, 05:42","5 Jun 2026, 06:51","","Chest Press (Machine)",,"",3,"normal",61,10,,,
"Day UpperBody","5 Jun 2026, 05:42","5 Jun 2026, 06:51","","Chest Press (Machine)",,"",4,"failure",61,6,,,
"Day UpperBody","5 Jun 2026, 05:42","5 Jun 2026, 06:51","","Seated Cable Row - V Grip (Cable)",,"",0,"normal",54,10,,,
"Day UpperBody","5 Jun 2026, 05:42","5 Jun 2026, 06:51","","Seated Cable Row - V Grip (Cable)",,"",1,"normal",54,9,,,
"Day UpperBody","5 Jun 2026, 05:42","5 Jun 2026, 06:51","","Seated Cable Row - V Grip (Cable)",,"",2,"normal",48,9,,,
"Day UpperBody","5 Jun 2026, 05:42","5 Jun 2026, 06:51","","Seated Cable Row - V Grip (Cable)",,"",3,"failure",48,9,,,
"Day UpperBody","5 Jun 2026, 05:42","5 Jun 2026, 06:51","","Skullcrusher (Barbell)",,"",0,"normal",22,10,,,
"Day UpperBody","5 Jun 2026, 05:42","5 Jun 2026, 06:51","","Skullcrusher (Barbell)",,"",1,"normal",22,10,,,
"Day UpperBody","5 Jun 2026, 05:42","5 Jun 2026, 06:51","","Skullcrusher (Barbell)",,"",2,"normal",22,10,,,
"Day UpperBody","5 Jun 2026, 05:42","5 Jun 2026, 06:51","","Skullcrusher (Barbell)",,"",3,"failure",22,7,,,
"Day UpperBody","5 Jun 2026, 05:42","5 Jun 2026, 06:51","","Bicep Curl (Barbell)",,"",0,"normal",27,10,,,
"Day UpperBody","5 Jun 2026, 05:42","5 Jun 2026, 06:51","","Bicep Curl (Barbell)",,"",1,"normal",27,10,,,
"Day UpperBody","5 Jun 2026, 05:42","5 Jun 2026, 06:51","","Bicep Curl (Barbell)",,"",2,"normal",27,9,,,
"Day UpperBody","5 Jun 2026, 05:42","5 Jun 2026, 06:51","","Bicep Curl (Barbell)",,"",3,"failure",27,7,,,
"Day UpperBody","5 Jun 2026, 05:42","5 Jun 2026, 06:51","","Lateral Raise (Dumbbell)",,"",0,"normal",10,10,,,
"Day UpperBody","5 Jun 2026, 05:42","5 Jun 2026, 06:51","","Lateral Raise (Dumbbell)",,"",1,"normal",10,10,,,
"Day UpperBody","5 Jun 2026, 05:42","5 Jun 2026, 06:51","","Lateral Raise (Dumbbell)",,"",2,"normal",10,10,,,
"Day UpperBody","5 Jun 2026, 05:42","5 Jun 2026, 06:51","","Lateral Raise (Dumbbell)",,"",3,"failure",10,10,,,
"Day UpperBody","3 Jun 2026, 05:04","3 Jun 2026, 06:12","","Lat Pulldown (Cable)",,"",0,"normal",30,10,,,
"Day UpperBody","3 Jun 2026, 05:04","3 Jun 2026, 06:12","","Lat Pulldown (Cable)",,"",1,"normal",48,10,,,
"Day UpperBody","3 Jun 2026, 05:04","3 Jun 2026, 06:12","","Lat Pulldown (Cable)",,"",2,"normal",42,10,,,
"Day UpperBody","3 Jun 2026, 05:04","3 Jun 2026, 06:12","","Lat Pulldown (Cable)",,"",3,"normal",42,10,,,
"Day UpperBody","3 Jun 2026, 05:04","3 Jun 2026, 06:12","","Lat Pulldown (Cable)",,"",4,"failure",42,9,,,
"Day UpperBody","3 Jun 2026, 05:04","3 Jun 2026, 06:12","","Chest Press (Machine)",,"",0,"normal",21,10,,,
"Day UpperBody","3 Jun 2026, 05:04","3 Jun 2026, 06:12","","Chest Press (Machine)",,"",1,"normal",61,10,,,
"Day UpperBody","3 Jun 2026, 05:04","3 Jun 2026, 06:12","","Chest Press (Machine)",,"",2,"normal",61,10,,,
"Day UpperBody","3 Jun 2026, 05:04","3 Jun 2026, 06:12","","Chest Press (Machine)",,"",3,"normal",61,9,,,
"Day UpperBody","3 Jun 2026, 05:04","3 Jun 2026, 06:12","","Chest Press (Machine)",,"",4,"failure",61,5,,,
"Day UpperBody","3 Jun 2026, 05:04","3 Jun 2026, 06:12","","Seated Cable Row - V Grip (Cable)",,"",0,"normal",54,10,,,
"Day UpperBody","3 Jun 2026, 05:04","3 Jun 2026, 06:12","","Seated Cable Row - V Grip (Cable)",,"",1,"normal",54,10,,,
"Day UpperBody","3 Jun 2026, 05:04","3 Jun 2026, 06:12","","Seated Cable Row - V Grip (Cable)",,"",2,"normal",48,10,,,
"Day UpperBody","3 Jun 2026, 05:04","3 Jun 2026, 06:12","","Seated Cable Row - V Grip (Cable)",,"",3,"failure",48,9,,,
"Day UpperBody","3 Jun 2026, 05:04","3 Jun 2026, 06:12","","Skullcrusher (Barbell)",,"",0,"normal",22,10,,,
"Day UpperBody","3 Jun 2026, 05:04","3 Jun 2026, 06:12","","Skullcrusher (Barbell)",,"",1,"normal",22,10,,,
"Day UpperBody","3 Jun 2026, 05:04","3 Jun 2026, 06:12","","Skullcrusher (Barbell)",,"",2,"normal",22,10,,,
"Day UpperBody","3 Jun 2026, 05:04","3 Jun 2026, 06:12","","Skullcrusher (Barbell)",,"",3,"failure",22,10,,,
"Day UpperBody","3 Jun 2026, 05:04","3 Jun 2026, 06:12","","Bicep Curl (Barbell)",,"",0,"normal",27,10,,,
"Day UpperBody","3 Jun 2026, 05:04","3 Jun 2026, 06:12","","Bicep Curl (Barbell)",,"",1,"normal",27,10,,,
"Day UpperBody","3 Jun 2026, 05:04","3 Jun 2026, 06:12","","Bicep Curl (Barbell)",,"",2,"normal",27,8,,,
"Day UpperBody","3 Jun 2026, 05:04","3 Jun 2026, 06:12","","Bicep Curl (Barbell)",,"",3,"failure",27,9,,,
"Day UpperBody","3 Jun 2026, 05:04","3 Jun 2026, 06:12","","Lateral Raise (Dumbbell)",,"",0,"normal",10,10,,,
"Day UpperBody","3 Jun 2026, 05:04","3 Jun 2026, 06:12","","Lateral Raise (Dumbbell)",,"",1,"normal",10,10,,,
"Day UpperBody","3 Jun 2026, 05:04","3 Jun 2026, 06:12","","Lateral Raise (Dumbbell)",,"",2,"normal",10,10,,,
"Day UpperBody","3 Jun 2026, 05:04","3 Jun 2026, 06:12","","Lateral Raise (Dumbbell)",,"",3,"failure",10,10,,,
"Day UpperBody","27 May 2026, 04:11","27 May 2026, 05:22","","Lat Pulldown (Cable)",,"",0,"normal",30,10,,,
"Day UpperBody","27 May 2026, 04:11","27 May 2026, 05:22","","Lat Pulldown (Cable)",,"",1,"normal",48,10,,,
"Day UpperBody","27 May 2026, 04:11","27 May 2026, 05:22","","Lat Pulldown (Cable)",,"",2,"normal",42,10,,,
"Day UpperBody","27 May 2026, 04:11","27 May 2026, 05:22","","Lat Pulldown (Cable)",,"",3,"normal",42,10,,,
"Day UpperBody","27 May 2026, 04:11","27 May 2026, 05:22","","Lat Pulldown (Cable)",,"",4,"failure",42,9,,,
"Day UpperBody","27 May 2026, 04:11","27 May 2026, 05:22","","Chest Press (Machine)",,"",0,"normal",21,10,,,
"Day UpperBody","27 May 2026, 04:11","27 May 2026, 05:22","","Chest Press (Machine)",,"",1,"normal",61,10,,,
"Day UpperBody","27 May 2026, 04:11","27 May 2026, 05:22","","Chest Press (Machine)",,"",2,"normal",61,10,,,
"Day UpperBody","27 May 2026, 04:11","27 May 2026, 05:22","","Chest Press (Machine)",,"",3,"normal",61,9,,,
"Day UpperBody","27 May 2026, 04:11","27 May 2026, 05:22","","Chest Press (Machine)",,"",4,"failure",61,7,,,
"Day UpperBody","27 May 2026, 04:11","27 May 2026, 05:22","","Seated Cable Row - V Grip (Cable)",,"",0,"normal",54,10,,,
"Day UpperBody","27 May 2026, 04:11","27 May 2026, 05:22","","Seated Cable Row - V Grip (Cable)",,"",1,"normal",54,10,,,
"Day UpperBody","27 May 2026, 04:11","27 May 2026, 05:22","","Seated Cable Row - V Grip (Cable)",,"",2,"normal",54,10,,,
"Day UpperBody","27 May 2026, 04:11","27 May 2026, 05:22","","Seated Cable Row - V Grip (Cable)",,"",3,"failure",54,8,,,
"Day UpperBody","27 May 2026, 04:11","27 May 2026, 05:22","","Skullcrusher (Barbell)",,"",0,"normal",22,10,,,
"Day UpperBody","27 May 2026, 04:11","27 May 2026, 05:22","","Skullcrusher (Barbell)",,"",1,"normal",22,10,,,
"Day UpperBody","27 May 2026, 04:11","27 May 2026, 05:22","","Skullcrusher (Barbell)",,"",2,"normal",22,10,,,
"Day UpperBody","27 May 2026, 04:11","27 May 2026, 05:22","","Skullcrusher (Barbell)",,"",3,"failure",22,10,,,
"Day UpperBody","27 May 2026, 04:11","27 May 2026, 05:22","","Bicep Curl (Barbell)",,"",0,"normal",27,10,,,
"Day UpperBody","27 May 2026, 04:11","27 May 2026, 05:22","","Bicep Curl (Barbell)",,"",1,"normal",27,10,,,
"Day UpperBody","27 May 2026, 04:11","27 May 2026, 05:22","","Bicep Curl (Barbell)",,"",2,"normal",27,9,,,
"Day UpperBody","27 May 2026, 04:11","27 May 2026, 05:22","","Bicep Curl (Barbell)",,"",3,"failure",27,8,,,
"Day UpperBody","27 May 2026, 04:11","27 May 2026, 05:22","","Lateral Raise (Dumbbell)",,"",0,"normal",10,10,,,
"Day UpperBody","27 May 2026, 04:11","27 May 2026, 05:22","","Lateral Raise (Dumbbell)",,"",1,"normal",10,10,,,
"Day UpperBody","27 May 2026, 04:11","27 May 2026, 05:22","","Lateral Raise (Dumbbell)",,"",2,"normal",10,10,,,
"Day UpperBody","27 May 2026, 04:11","27 May 2026, 05:22","","Lateral Raise (Dumbbell)",,"",3,"failure",10,10,,,
"Day UpperBody","27 May 2026, 04:11","27 May 2026, 05:22","","Diamond Push Up",,"",0,"failure",,18,,,
"Day UpperBody","25 May 2026, 04:29","25 May 2026, 05:32","","Chest Press (Machine)",,"",0,"normal",11,10,,,
"Day UpperBody","25 May 2026, 04:29","25 May 2026, 05:32","","Chest Press (Machine)",,"",1,"normal",61,10,,,
"Day UpperBody","25 May 2026, 04:29","25 May 2026, 05:32","","Chest Press (Machine)",,"",2,"normal",61,10,,,
"Day UpperBody","25 May 2026, 04:29","25 May 2026, 05:32","","Chest Press (Machine)",,"",3,"normal",61,10,,,
"Day UpperBody","25 May 2026, 04:29","25 May 2026, 05:32","","Chest Press (Machine)",,"",4,"failure",61,7,,,
"Day UpperBody","25 May 2026, 04:29","25 May 2026, 05:32","","Seated Cable Row - V Grip (Cable)",,"",0,"normal",54,10,,,
"Day UpperBody","25 May 2026, 04:29","25 May 2026, 05:32","","Seated Cable Row - V Grip (Cable)",,"",1,"normal",48,10,,,
"Day UpperBody","25 May 2026, 04:29","25 May 2026, 05:32","","Seated Cable Row - V Grip (Cable)",,"",2,"normal",48,10,,,
"Day UpperBody","25 May 2026, 04:29","25 May 2026, 05:32","","Seated Cable Row - V Grip (Cable)",,"",3,"failure",48,9,,,
"Day UpperBody","25 May 2026, 04:29","25 May 2026, 05:32","","Skullcrusher (Barbell)",,"",0,"normal",22,10,,,
"Day UpperBody","25 May 2026, 04:29","25 May 2026, 05:32","","Skullcrusher (Barbell)",,"",1,"normal",22,10,,,
"Day UpperBody","25 May 2026, 04:29","25 May 2026, 05:32","","Skullcrusher (Barbell)",,"",2,"normal",22,10,,,
"Day UpperBody","25 May 2026, 04:29","25 May 2026, 05:32","","Skullcrusher (Barbell)",,"",3,"failure",22,9,,,
"Day UpperBody","25 May 2026, 04:29","25 May 2026, 05:32","","Bicep Curl (Barbell)",,"",0,"normal",24.5,10,,,
"Day UpperBody","25 May 2026, 04:29","25 May 2026, 05:32","","Bicep Curl (Barbell)",,"",1,"normal",24.5,10,,,
"Day UpperBody","25 May 2026, 04:29","25 May 2026, 05:32","","Bicep Curl (Barbell)",,"",2,"normal",24.5,10,,,
"Day UpperBody","25 May 2026, 04:29","25 May 2026, 05:32","","Bicep Curl (Barbell)",,"",3,"failure",24.5,10,,,
"Day UpperBody","25 May 2026, 04:29","25 May 2026, 05:32","","Lateral Raise (Dumbbell)",,"",0,"normal",9,10,,,
"Day UpperBody","25 May 2026, 04:29","25 May 2026, 05:32","","Lateral Raise (Dumbbell)",,"",1,"normal",9,10,,,
"Day UpperBody","25 May 2026, 04:29","25 May 2026, 05:32","","Lateral Raise (Dumbbell)",,"",2,"normal",9,10,,,
"Day UpperBody","25 May 2026, 04:29","25 May 2026, 05:32","","Lateral Raise (Dumbbell)",,"",3,"failure",9,10,,,
"Day UpperBody","22 May 2026, 04:06","22 May 2026, 05:12","","Lat Pulldown (Cable)",,"",0,"normal",48,10,,,
"Day UpperBody","22 May 2026, 04:06","22 May 2026, 05:12","","Lat Pulldown (Cable)",,"",1,"normal",42,10,,,
"Day UpperBody","22 May 2026, 04:06","22 May 2026, 05:12","","Lat Pulldown (Cable)",,"",2,"normal",42,10,,,
"Day UpperBody","22 May 2026, 04:06","22 May 2026, 05:12","","Lat Pulldown (Cable)",,"",3,"failure",42,8,,,
"Day UpperBody","22 May 2026, 04:06","22 May 2026, 05:12","","Bench Press (Barbell)",,"",0,"normal",20,10,,,
"Day UpperBody","22 May 2026, 04:06","22 May 2026, 05:12","","Bench Press (Barbell)",,"",1,"normal",45,10,,,
"Day UpperBody","22 May 2026, 04:06","22 May 2026, 05:12","","Bench Press (Barbell)",,"",2,"normal",45,10,,,
"Day UpperBody","22 May 2026, 04:06","22 May 2026, 05:12","","Bench Press (Barbell)",,"",3,"normal",45,10,,,
"Day UpperBody","22 May 2026, 04:06","22 May 2026, 05:12","","Bench Press (Barbell)",,"",4,"failure",45,10,,,
"Day UpperBody","22 May 2026, 04:06","22 May 2026, 05:12","","Seated Cable Row - V Grip (Cable)",,"",0,"normal",54,10,,,
"Day UpperBody","22 May 2026, 04:06","22 May 2026, 05:12","","Seated Cable Row - V Grip (Cable)",,"",1,"normal",48,10,,,
"Day UpperBody","22 May 2026, 04:06","22 May 2026, 05:12","","Seated Cable Row - V Grip (Cable)",,"",2,"normal",48,9,,,
"Day UpperBody","22 May 2026, 04:06","22 May 2026, 05:12","","Seated Cable Row - V Grip (Cable)",,"",3,"failure",48,8,,,
"Day UpperBody","22 May 2026, 04:06","22 May 2026, 05:12","","Skullcrusher (Barbell)",,"",0,"normal",22,10,,,
"Day UpperBody","22 May 2026, 04:06","22 May 2026, 05:12","","Skullcrusher (Barbell)",,"",1,"normal",22,10,,,
"Day UpperBody","22 May 2026, 04:06","22 May 2026, 05:12","","Skullcrusher (Barbell)",,"",2,"normal",22,10,,,
"Day UpperBody","22 May 2026, 04:06","22 May 2026, 05:12","","Skullcrusher (Barbell)",,"",3,"failure",22,8,,,
"Day UpperBody","22 May 2026, 04:06","22 May 2026, 05:12","","Bicep Curl (Barbell)",,"",0,"normal",24.5,10,,,
"Day UpperBody","22 May 2026, 04:06","22 May 2026, 05:12","","Bicep Curl (Barbell)",,"",1,"normal",24.5,10,,,
"Day UpperBody","22 May 2026, 04:06","22 May 2026, 05:12","","Bicep Curl (Barbell)",,"",2,"normal",24.5,10,,,
"Day UpperBody","22 May 2026, 04:06","22 May 2026, 05:12","","Bicep Curl (Barbell)",,"",3,"failure",24.5,8,,,
"Day UpperBody","22 May 2026, 04:06","22 May 2026, 05:12","","Lateral Raise (Dumbbell)",,"",0,"normal",10,10,,,
"Day UpperBody","22 May 2026, 04:06","22 May 2026, 05:12","","Lateral Raise (Dumbbell)",,"",1,"normal",10,10,,,
"Day UpperBody","22 May 2026, 04:06","22 May 2026, 05:12","","Lateral Raise (Dumbbell)",,"",2,"normal",10,10,,,
"Day UpperBody","22 May 2026, 04:06","22 May 2026, 05:12","","Lateral Raise (Dumbbell)",,"",3,"failure",10,10,,,
"Day UpperBody","22 May 2026, 04:06","22 May 2026, 05:12","","Diamond Push Up",,"",0,"failure",,18,,,
"Day UpperBody","20 May 2026, 04:23","20 May 2026, 05:19","","Lat Pulldown (Cable)",,"",0,"normal",48,10,,,
"Day UpperBody","20 May 2026, 04:23","20 May 2026, 05:19","","Lat Pulldown (Cable)",,"",1,"normal",42,10,,,
"Day UpperBody","20 May 2026, 04:23","20 May 2026, 05:19","","Lat Pulldown (Cable)",,"",2,"normal",42,10,,,
"Day UpperBody","20 May 2026, 04:23","20 May 2026, 05:19","","Lat Pulldown (Cable)",,"",3,"failure",42,7,,,
"Day UpperBody","20 May 2026, 04:23","20 May 2026, 05:19","","Chest Press (Machine)",,"",0,"normal",11,10,,,
"Day UpperBody","20 May 2026, 04:23","20 May 2026, 05:19","","Chest Press (Machine)",,"",1,"normal",61,10,,,
"Day UpperBody","20 May 2026, 04:23","20 May 2026, 05:19","","Chest Press (Machine)",,"",2,"normal",61,10,,,
"Day UpperBody","20 May 2026, 04:23","20 May 2026, 05:19","","Chest Press (Machine)",,"",3,"normal",61,8,,,
"Day UpperBody","20 May 2026, 04:23","20 May 2026, 05:19","","Chest Press (Machine)",,"",4,"failure",51,10,,,
"Day UpperBody","20 May 2026, 04:23","20 May 2026, 05:19","","Seated Cable Row - V Grip (Cable)",,"",0,"normal",54,9,,,
"Day UpperBody","20 May 2026, 04:23","20 May 2026, 05:19","","Seated Cable Row - V Grip (Cable)",,"",1,"normal",42,10,,,
"Day UpperBody","20 May 2026, 04:23","20 May 2026, 05:19","","Seated Cable Row - V Grip (Cable)",,"",2,"normal",42,10,,,
"Day UpperBody","20 May 2026, 04:23","20 May 2026, 05:19","","Seated Cable Row - V Grip (Cable)",,"",3,"failure",42,9,,,
"Day UpperBody","20 May 2026, 04:23","20 May 2026, 05:19","","Skullcrusher (Barbell)",,"",0,"normal",22,10,,,
"Day UpperBody","20 May 2026, 04:23","20 May 2026, 05:19","","Skullcrusher (Barbell)",,"",1,"normal",22,10,,,
"Day UpperBody","20 May 2026, 04:23","20 May 2026, 05:19","","Skullcrusher (Barbell)",,"",2,"normal",22,10,,,
"Day UpperBody","20 May 2026, 04:23","20 May 2026, 05:19","","Skullcrusher (Barbell)",,"",3,"failure",22,9,,,
"Day UpperBody","20 May 2026, 04:23","20 May 2026, 05:19","","Bicep Curl (Barbell)",,"",0,"normal",24.5,10,,,
"Day UpperBody","20 May 2026, 04:23","20 May 2026, 05:19","","Bicep Curl (Barbell)",,"",1,"normal",24.5,10,,,
"Day UpperBody","20 May 2026, 04:23","20 May 2026, 05:19","","Bicep Curl (Barbell)",,"",2,"normal",24.5,10,,,
"Day UpperBody","20 May 2026, 04:23","20 May 2026, 05:19","","Bicep Curl (Barbell)",,"",3,"failure",24.5,9,,,
"Day UpperBody","18 May 2026, 04:05","18 May 2026, 05:25","","Chest Press (Machine)",,"",0,"normal",11,10,,,
"Day UpperBody","18 May 2026, 04:05","18 May 2026, 05:25","","Chest Press (Machine)",,"",1,"normal",61,10,,,
"Day UpperBody","18 May 2026, 04:05","18 May 2026, 05:25","","Chest Press (Machine)",,"",2,"normal",61,10,,,
"Day UpperBody","18 May 2026, 04:05","18 May 2026, 05:25","","Chest Press (Machine)",,"",3,"normal",61,7,,,
"Day UpperBody","18 May 2026, 04:05","18 May 2026, 05:25","","Chest Press (Machine)",,"",4,"failure",51,10,,,
"Day UpperBody","18 May 2026, 04:05","18 May 2026, 05:25","","Seated Cable Row - V Grip (Cable)",,"",0,"normal",54,10,,,
"Day UpperBody","18 May 2026, 04:05","18 May 2026, 05:25","","Seated Cable Row - V Grip (Cable)",,"",1,"normal",54,10,,,
"Day UpperBody","18 May 2026, 04:05","18 May 2026, 05:25","","Seated Cable Row - V Grip (Cable)",,"",2,"normal",54,10,,,
"Day UpperBody","18 May 2026, 04:05","18 May 2026, 05:25","","Seated Cable Row - V Grip (Cable)",,"",3,"failure",54,8,,,
"Day UpperBody","18 May 2026, 04:05","18 May 2026, 05:25","","Skullcrusher (Barbell)",,"",0,"normal",22,11,,,
"Day UpperBody","18 May 2026, 04:05","18 May 2026, 05:25","","Skullcrusher (Barbell)",,"",1,"normal",22,10,,,
"Day UpperBody","18 May 2026, 04:05","18 May 2026, 05:25","","Skullcrusher (Barbell)",,"",2,"normal",22,10,,,
"Day UpperBody","18 May 2026, 04:05","18 May 2026, 05:25","","Skullcrusher (Barbell)",,"",3,"failure",22,10,,,
"Day UpperBody","18 May 2026, 04:05","18 May 2026, 05:25","","Bicep Curl (Barbell)",,"",0,"normal",24.5,10,,,
"Day UpperBody","18 May 2026, 04:05","18 May 2026, 05:25","","Bicep Curl (Barbell)",,"",1,"normal",24.5,10,,,
"Day UpperBody","18 May 2026, 04:05","18 May 2026, 05:25","","Bicep Curl (Barbell)",,"",2,"normal",24.5,10,,,
"Day UpperBody","18 May 2026, 04:05","18 May 2026, 05:25","","Bicep Curl (Barbell)",,"",3,"failure",24.5,8,,,
"Day UpperBody","18 May 2026, 04:05","18 May 2026, 05:25","","Lateral Raise (Dumbbell)",,"",0,"normal",9,10,,,
"Day UpperBody","18 May 2026, 04:05","18 May 2026, 05:25","","Lateral Raise (Dumbbell)",,"",1,"normal",9,10,,,
"Day UpperBody","18 May 2026, 04:05","18 May 2026, 05:25","","Lateral Raise (Dumbbell)",,"",2,"normal",9,10,,,
"Day UpperBody","18 May 2026, 04:05","18 May 2026, 05:25","","Lateral Raise (Dumbbell)",,"",3,"failure",9,14,,,
"Day UpperBody","18 May 2026, 04:05","18 May 2026, 05:25","","Seated Calf Raise",,"",0,"normal",50,10,,,
"Day UpperBody","18 May 2026, 04:05","18 May 2026, 05:25","","Seated Calf Raise",,"",1,"normal",50,10,,,
"Day UpperBody","18 May 2026, 04:05","18 May 2026, 05:25","","Seated Calf Raise",,"",2,"normal",50,10,,,
"Day UpperBody","18 May 2026, 04:05","18 May 2026, 05:25","","Seated Calf Raise",,"",3,"normal",50,15,,,
"Day UpperBody","11 May 2026, 05:05","11 May 2026, 06:12","","Lat Pulldown (Cable)",,"",0,"normal",30,10,,,
"Day UpperBody","11 May 2026, 05:05","11 May 2026, 06:12","","Lat Pulldown (Cable)",,"",1,"normal",48,10,,,
"Day UpperBody","11 May 2026, 05:05","11 May 2026, 06:12","","Lat Pulldown (Cable)",,"",2,"normal",42,10,,,
"Day UpperBody","11 May 2026, 05:05","11 May 2026, 06:12","","Lat Pulldown (Cable)",,"",3,"normal",42,10,,,
"Day UpperBody","11 May 2026, 05:05","11 May 2026, 06:12","","Lat Pulldown (Cable)",,"",4,"failure",42,10,,,
"Day UpperBody","11 May 2026, 05:05","11 May 2026, 06:12","","Bench Press (Barbell)",,"",0,"normal",20,10,,,
"Day UpperBody","11 May 2026, 05:05","11 May 2026, 06:12","","Chest Press (Machine)",,"",0,"normal",11,10,,,
"Day UpperBody","11 May 2026, 05:05","11 May 2026, 06:12","","Chest Press (Machine)",,"",1,"normal",51,10,,,
"Day UpperBody","11 May 2026, 05:05","11 May 2026, 06:12","","Chest Press (Machine)",,"",2,"normal",61,10,,,
"Day UpperBody","11 May 2026, 05:05","11 May 2026, 06:12","","Chest Press (Machine)",,"",3,"normal",61,7,,,
"Day UpperBody","11 May 2026, 05:05","11 May 2026, 06:12","","Chest Press (Machine)",,"",4,"failure",51,10,,,
"Day UpperBody","11 May 2026, 05:05","11 May 2026, 06:12","","Seated Cable Row - V Grip (Cable)",,"",0,"normal",54,10,,,
"Day UpperBody","11 May 2026, 05:05","11 May 2026, 06:12","","Seated Cable Row - V Grip (Cable)",,"",1,"normal",54,10,,,
"Day UpperBody","11 May 2026, 05:05","11 May 2026, 06:12","","Seated Cable Row - V Grip (Cable)",,"",2,"normal",54,10,,,
"Day UpperBody","11 May 2026, 05:05","11 May 2026, 06:12","","Seated Cable Row - V Grip (Cable)",,"",3,"failure",54,9,,,
"Day UpperBody","11 May 2026, 05:05","11 May 2026, 06:12","","Skullcrusher (Barbell)",,"",0,"normal",22,10,,,
"Day UpperBody","11 May 2026, 05:05","11 May 2026, 06:12","","Skullcrusher (Barbell)",,"",1,"normal",22,10,,,
"Day UpperBody","11 May 2026, 05:05","11 May 2026, 06:12","","Skullcrusher (Barbell)",,"",2,"normal",22,10,,,
"Day UpperBody","11 May 2026, 05:05","11 May 2026, 06:12","","Skullcrusher (Barbell)",,"",3,"failure",22,10,,,
"Day UpperBody","11 May 2026, 05:05","11 May 2026, 06:12","","Bicep Curl (Barbell)",,"",0,"normal",24.5,10,,,
"Day UpperBody","11 May 2026, 05:05","11 May 2026, 06:12","","Bicep Curl (Barbell)",,"",1,"normal",24.5,10,,,
"Day UpperBody","11 May 2026, 05:05","11 May 2026, 06:12","","Bicep Curl (Barbell)",,"",2,"normal",24.5,10,,,
"Day UpperBody","11 May 2026, 05:05","11 May 2026, 06:12","","Bicep Curl (Barbell)",,"",3,"failure",24.5,7,,,
"Day UpperBody","11 May 2026, 05:05","11 May 2026, 06:12","","Lateral Raise (Dumbbell)",,"",0,"normal",9,10,,,
"Day UpperBody","11 May 2026, 05:05","11 May 2026, 06:12","","Lateral Raise (Dumbbell)",,"",1,"normal",9,10,,,
"Day UpperBody","11 May 2026, 05:05","11 May 2026, 06:12","","Lateral Raise (Dumbbell)",,"",2,"normal",9,10,,,
"Day UpperBody","11 May 2026, 05:05","11 May 2026, 06:12","","Lateral Raise (Dumbbell)",,"",3,"failure",9,10,,,
"Day UpperBody","11 May 2026, 05:05","11 May 2026, 06:12","","Diamond Push Up",,"",0,"failure",,19,,,
"Day UpperBody","8 May 2026, 04:01","8 May 2026, 05:14","","Lat Pulldown (Cable)",,"",0,"normal",30,10,,,
"Day UpperBody","8 May 2026, 04:01","8 May 2026, 05:14","","Lat Pulldown (Cable)",,"",1,"normal",48,10,,,
"Day UpperBody","8 May 2026, 04:01","8 May 2026, 05:14","","Lat Pulldown (Cable)",,"",2,"normal",42,10,,,
"Day UpperBody","8 May 2026, 04:01","8 May 2026, 05:14","","Lat Pulldown (Cable)",,"",3,"normal",42,10,,,
"Day UpperBody","8 May 2026, 04:01","8 May 2026, 05:14","","Lat Pulldown (Cable)",,"",4,"failure",42,9,,,
"Day UpperBody","8 May 2026, 04:01","8 May 2026, 05:14","","Bench Press (Barbell)",,"",0,"normal",20,10,,,
"Day UpperBody","8 May 2026, 04:01","8 May 2026, 05:14","","Bench Press (Barbell)",,"",1,"normal",45,10,,,
"Day UpperBody","8 May 2026, 04:01","8 May 2026, 05:14","","Bench Press (Barbell)",,"",2,"normal",45,10,,,
"Day UpperBody","8 May 2026, 04:01","8 May 2026, 05:14","","Bench Press (Barbell)",,"",3,"normal",40,8,,,
"Day UpperBody","8 May 2026, 04:01","8 May 2026, 05:14","","Bench Press (Barbell)",,"",4,"failure",40,10,,,
"Day UpperBody","8 May 2026, 04:01","8 May 2026, 05:14","","Seated Cable Row - V Grip (Cable)",,"",0,"normal",54,10,,,
"Day UpperBody","8 May 2026, 04:01","8 May 2026, 05:14","","Seated Cable Row - V Grip (Cable)",,"",1,"normal",54,10,,,
"Day UpperBody","8 May 2026, 04:01","8 May 2026, 05:14","","Seated Cable Row - V Grip (Cable)",,"",2,"normal",54,10,,,
"Day UpperBody","8 May 2026, 04:01","8 May 2026, 05:14","","Seated Cable Row - V Grip (Cable)",,"",3,"failure",54,9,,,
"Day UpperBody","8 May 2026, 04:01","8 May 2026, 05:14","","Skullcrusher (Barbell)",,"",0,"normal",22,10,,,
"Day UpperBody","8 May 2026, 04:01","8 May 2026, 05:14","","Skullcrusher (Barbell)",,"",1,"normal",22,10,,,
"Day UpperBody","8 May 2026, 04:01","8 May 2026, 05:14","","Skullcrusher (Barbell)",,"",2,"normal",22,10,,,
"Day UpperBody","8 May 2026, 04:01","8 May 2026, 05:14","","Skullcrusher (Barbell)",,"",3,"failure",22,10,,,
"Day UpperBody","8 May 2026, 04:01","8 May 2026, 05:14","","Bicep Curl (Barbell)",,"",0,"normal",24.5,10,,,
"Day UpperBody","8 May 2026, 04:01","8 May 2026, 05:14","","Bicep Curl (Barbell)",,"",1,"normal",24.5,10,,,
"Day UpperBody","8 May 2026, 04:01","8 May 2026, 05:14","","Bicep Curl (Barbell)",,"",2,"normal",24.5,10,,,
"Day UpperBody","8 May 2026, 04:01","8 May 2026, 05:14","","Bicep Curl (Barbell)",,"",3,"failure",24.5,8,,,
"Day UpperBody","8 May 2026, 04:01","8 May 2026, 05:14","","Lateral Raise (Dumbbell)",,"",0,"normal",9,10,,,
"Day UpperBody","8 May 2026, 04:01","8 May 2026, 05:14","","Lateral Raise (Dumbbell)",,"",1,"normal",9,10,,,
"Day UpperBody","8 May 2026, 04:01","8 May 2026, 05:14","","Lateral Raise (Dumbbell)",,"",2,"normal",9,10,,,
"Day UpperBody","6 May 2026, 04:19","6 May 2026, 05:26","","Lat Pulldown (Cable)",,"",0,"normal",48,8,,,
"Day UpperBody","6 May 2026, 04:19","6 May 2026, 05:26","","Lat Pulldown (Cable)",,"",1,"normal",36,10,,,
"Day UpperBody","6 May 2026, 04:19","6 May 2026, 05:26","","Lat Pulldown (Cable)",,"",2,"normal",36,10,,,
"Day UpperBody","6 May 2026, 04:19","6 May 2026, 05:26","","Lat Pulldown (Cable)",,"",3,"failure",36,12,,,
"Day UpperBody","6 May 2026, 04:19","6 May 2026, 05:26","","Bench Press (Barbell)",,"",0,"normal",20,10,,,
"Day UpperBody","6 May 2026, 04:19","6 May 2026, 05:26","","Bench Press (Barbell)",,"",1,"normal",45,10,,,
"Day UpperBody","6 May 2026, 04:19","6 May 2026, 05:26","","Bench Press (Barbell)",,"",2,"normal",45,10,,,
"Day UpperBody","6 May 2026, 04:19","6 May 2026, 05:26","","Bench Press (Barbell)",,"",3,"normal",45,10,,,
"Day UpperBody","6 May 2026, 04:19","6 May 2026, 05:26","","Bench Press (Barbell)",,"",4,"failure",45,8,,,
"Day UpperBody","6 May 2026, 04:19","6 May 2026, 05:26","","Seated Cable Row - V Grip (Cable)",,"",0,"normal",54,10,,,
"Day UpperBody","6 May 2026, 04:19","6 May 2026, 05:26","","Seated Cable Row - V Grip (Cable)",,"",1,"normal",54,10,,,
"Day UpperBody","6 May 2026, 04:19","6 May 2026, 05:26","","Seated Cable Row - V Grip (Cable)",,"",2,"normal",54,10,,,
"Day UpperBody","6 May 2026, 04:19","6 May 2026, 05:26","","Seated Cable Row - V Grip (Cable)",,"",3,"failure",54,9,,,
"Day UpperBody","6 May 2026, 04:19","6 May 2026, 05:26","","Skullcrusher (Barbell)",,"",0,"normal",22,10,,,
"Day UpperBody","6 May 2026, 04:19","6 May 2026, 05:26","","Skullcrusher (Barbell)",,"",1,"normal",22,10,,,
"Day UpperBody","6 May 2026, 04:19","6 May 2026, 05:26","","Skullcrusher (Barbell)",,"",2,"normal",22,10,,,
"Day UpperBody","6 May 2026, 04:19","6 May 2026, 05:26","","Skullcrusher (Barbell)",,"",3,"failure",22,10,,,
"Day UpperBody","6 May 2026, 04:19","6 May 2026, 05:26","","Bicep Curl (Barbell)",,"",0,"normal",24.5,10,,,
"Day UpperBody","6 May 2026, 04:19","6 May 2026, 05:26","","Bicep Curl (Barbell)",,"",1,"normal",24.5,10,,,
"Day UpperBody","6 May 2026, 04:19","6 May 2026, 05:26","","Bicep Curl (Barbell)",,"",2,"normal",24.5,10,,,
"Day UpperBody","6 May 2026, 04:19","6 May 2026, 05:26","","Bicep Curl (Barbell)",,"",3,"failure",24.5,8,,,
"Day UpperBody","6 May 2026, 04:19","6 May 2026, 05:26","","Lateral Raise (Dumbbell)",,"",0,"normal",9,10,,,
"Day UpperBody","6 May 2026, 04:19","6 May 2026, 05:26","","Lateral Raise (Dumbbell)",,"",1,"normal",9,10,,,
"Day UpperBody","6 May 2026, 04:19","6 May 2026, 05:26","","Lateral Raise (Dumbbell)",,"",2,"normal",9,10,,,
"Day UpperBody","6 May 2026, 04:19","6 May 2026, 05:26","","Lateral Raise (Dumbbell)",,"",3,"failure",9,10,,,
"Day UpperBody","6 May 2026, 04:19","6 May 2026, 05:26","","Diamond Push Up",,"",0,"failure",,17,,,
"Day UpperBody","1 May 2026, 04:01","1 May 2026, 05:16","","Lat Pulldown (Cable)",,"",0,"normal",30,10,,,
"Day UpperBody","1 May 2026, 04:01","1 May 2026, 05:16","","Lat Pulldown (Cable)",,"",1,"normal",48,9,,,
"Day UpperBody","1 May 2026, 04:01","1 May 2026, 05:16","","Lat Pulldown (Cable)",,"",2,"normal",42,9,,,
"Day UpperBody","1 May 2026, 04:01","1 May 2026, 05:16","","Lat Pulldown (Cable)",,"",3,"normal",42,8,,,
"Day UpperBody","1 May 2026, 04:01","1 May 2026, 05:16","","Lat Pulldown (Cable)",,"",4,"failure",36,10,,,
"Day UpperBody","1 May 2026, 04:01","1 May 2026, 05:16","","Chest Press (Machine)",,"",0,"normal",11,10,,,
"Day UpperBody","1 May 2026, 04:01","1 May 2026, 05:16","","Chest Press (Machine)",,"",1,"normal",61,10,,,
"Day UpperBody","1 May 2026, 04:01","1 May 2026, 05:16","","Chest Press (Machine)",,"",2,"normal",61,10,,,
"Day UpperBody","1 May 2026, 04:01","1 May 2026, 05:16","","Chest Press (Machine)",,"",3,"normal",61,8,,,
"Day UpperBody","1 May 2026, 04:01","1 May 2026, 05:16","","Chest Press (Machine)",,"",4,"failure",61,6,,,
"Day UpperBody","1 May 2026, 04:01","1 May 2026, 05:16","","Seated Cable Row - V Grip (Cable)",,"",0,"normal",36,10,,,
"Day UpperBody","1 May 2026, 04:01","1 May 2026, 05:16","","Seated Cable Row - V Grip (Cable)",,"",1,"normal",54,10,,,
"Day UpperBody","1 May 2026, 04:01","1 May 2026, 05:16","","Seated Cable Row - V Grip (Cable)",,"",2,"normal",54,10,,,
"Day UpperBody","1 May 2026, 04:01","1 May 2026, 05:16","","Seated Cable Row - V Grip (Cable)",,"",3,"failure",54,10,,,
"Day UpperBody","1 May 2026, 04:01","1 May 2026, 05:16","","Seated Cable Row - V Grip (Cable)",,"",4,"normal",54,8,,,
"Day UpperBody","1 May 2026, 04:01","1 May 2026, 05:16","","Skullcrusher (Barbell)",,"",0,"normal",22,10,,,
"Day UpperBody","1 May 2026, 04:01","1 May 2026, 05:16","","Skullcrusher (Barbell)",,"",1,"normal",22,10,,,
"Day UpperBody","1 May 2026, 04:01","1 May 2026, 05:16","","Skullcrusher (Barbell)",,"",2,"normal",22,10,,,
"Day UpperBody","1 May 2026, 04:01","1 May 2026, 05:16","","Skullcrusher (Barbell)",,"",3,"failure",22,9,,,
"Day UpperBody","1 May 2026, 04:01","1 May 2026, 05:16","","Bicep Curl (Barbell)",,"",0,"normal",24.5,10,,,
"Day UpperBody","1 May 2026, 04:01","1 May 2026, 05:16","","Bicep Curl (Barbell)",,"",1,"normal",24.5,10,,,
"Day UpperBody","1 May 2026, 04:01","1 May 2026, 05:16","","Bicep Curl (Barbell)",,"",2,"normal",24.5,10,,,
"Day UpperBody","1 May 2026, 04:01","1 May 2026, 05:16","","Bicep Curl (Barbell)",,"",3,"failure",24.5,8,,,
"Day UpperBody","1 May 2026, 04:01","1 May 2026, 05:16","","Lateral Raise (Dumbbell)",,"",0,"normal",9,10,,,
"Day UpperBody","1 May 2026, 04:01","1 May 2026, 05:16","","Lateral Raise (Dumbbell)",,"",1,"normal",9,10,,,
"Day UpperBody","1 May 2026, 04:01","1 May 2026, 05:16","","Lateral Raise (Dumbbell)",,"",2,"normal",9,10,,,
"Day UpperBody","1 May 2026, 04:01","1 May 2026, 05:16","","Lateral Raise (Dumbbell)",,"",3,"failure",9,12,,,
"Day UpperBody","29 Apr 2026, 05:18","29 Apr 2026, 06:39","","Lat Pulldown (Cable)",,"",0,"normal",30,10,,,
"Day UpperBody","29 Apr 2026, 05:18","29 Apr 2026, 06:39","","Lat Pulldown (Cable)",,"",1,"normal",48,10,,,
"Day UpperBody","29 Apr 2026, 05:18","29 Apr 2026, 06:39","","Lat Pulldown (Cable)",,"",2,"normal",42,10,,,
"Day UpperBody","29 Apr 2026, 05:18","29 Apr 2026, 06:39","","Lat Pulldown (Cable)",,"",3,"normal",42,10,,,
"Day UpperBody","29 Apr 2026, 05:18","29 Apr 2026, 06:39","","Lat Pulldown (Cable)",,"",4,"failure",42,7,,,
"Day UpperBody","29 Apr 2026, 05:18","29 Apr 2026, 06:39","","Bench Press (Barbell)",,"",0,"normal",20,10,,,
"Day UpperBody","29 Apr 2026, 05:18","29 Apr 2026, 06:39","","Chest Press (Machine)",,"",0,"normal",11,10,,,
"Day UpperBody","29 Apr 2026, 05:18","29 Apr 2026, 06:39","","Chest Press (Machine)",,"",1,"normal",61,10,,,
"Day UpperBody","29 Apr 2026, 05:18","29 Apr 2026, 06:39","","Chest Press (Machine)",,"",2,"normal",61,10,,,
"Day UpperBody","29 Apr 2026, 05:18","29 Apr 2026, 06:39","","Chest Press (Machine)",,"",3,"normal",61,8,,,
"Day UpperBody","29 Apr 2026, 05:18","29 Apr 2026, 06:39","","Chest Press (Machine)",,"",4,"failure",51,8,,,
"Day UpperBody","29 Apr 2026, 05:18","29 Apr 2026, 06:39","","Seated Cable Row - V Grip (Cable)",,"",0,"normal",54,10,,,
"Day UpperBody","29 Apr 2026, 05:18","29 Apr 2026, 06:39","","Seated Cable Row - V Grip (Cable)",,"",1,"normal",54,9,,,
"Day UpperBody","29 Apr 2026, 05:18","29 Apr 2026, 06:39","","Seated Cable Row - V Grip (Cable)",,"",2,"normal",48,10,,,
"Day UpperBody","29 Apr 2026, 05:18","29 Apr 2026, 06:39","","Seated Cable Row - V Grip (Cable)",,"",3,"failure",48,8,,,
"Day UpperBody","29 Apr 2026, 05:18","29 Apr 2026, 06:39","","Skullcrusher (Barbell)",,"",0,"normal",22,10,,,
"Day UpperBody","29 Apr 2026, 05:18","29 Apr 2026, 06:39","","Skullcrusher (Barbell)",,"",1,"normal",22,10,,,
"Day UpperBody","29 Apr 2026, 05:18","29 Apr 2026, 06:39","","Skullcrusher (Barbell)",,"",2,"normal",22,10,,,
"Day UpperBody","29 Apr 2026, 05:18","29 Apr 2026, 06:39","","Skullcrusher (Barbell)",,"",3,"failure",22,8,,,
"Day UpperBody","29 Apr 2026, 05:18","29 Apr 2026, 06:39","","Bicep Curl (Barbell)",,"",0,"normal",24.5,10,,,
"Day UpperBody","29 Apr 2026, 05:18","29 Apr 2026, 06:39","","Bicep Curl (Barbell)",,"",1,"normal",24.5,10,,,
"Day UpperBody","29 Apr 2026, 05:18","29 Apr 2026, 06:39","","Bicep Curl (Barbell)",,"",2,"normal",24.5,10,,,
"Day UpperBody","29 Apr 2026, 05:18","29 Apr 2026, 06:39","","Bicep Curl (Barbell)",,"",3,"failure",24.5,7,,,
"Day UpperBody","29 Apr 2026, 05:18","29 Apr 2026, 06:39","","Lateral Raise (Dumbbell)",,"",0,"normal",9,10,,,
"Day UpperBody","29 Apr 2026, 05:18","29 Apr 2026, 06:39","","Lateral Raise (Dumbbell)",,"",1,"normal",9,10,,,
"Day UpperBody","29 Apr 2026, 05:18","29 Apr 2026, 06:39","","Lateral Raise (Dumbbell)",,"",2,"normal",9,10,,,
"Day UpperBody","29 Apr 2026, 05:18","29 Apr 2026, 06:39","","Lateral Raise (Dumbbell)",,"",3,"failure",9,9,,,
"Day UpperBody","25 Apr 2026, 12:15","25 Apr 2026, 13:24","","Lat Pulldown (Cable)",,"",0,"normal",30,10,,,
"Day UpperBody","25 Apr 2026, 12:15","25 Apr 2026, 13:24","","Lat Pulldown (Cable)",,"",1,"normal",48,10,,,
"Day UpperBody","25 Apr 2026, 12:15","25 Apr 2026, 13:24","","Lat Pulldown (Cable)",,"",2,"normal",42,10,,,
"Day UpperBody","25 Apr 2026, 12:15","25 Apr 2026, 13:24","","Lat Pulldown (Cable)",,"",3,"normal",42,10,,,
"Day UpperBody","25 Apr 2026, 12:15","25 Apr 2026, 13:24","","Lat Pulldown (Cable)",,"",4,"failure",42,9,,,
"Day UpperBody","25 Apr 2026, 12:15","25 Apr 2026, 13:24","","Bench Press (Barbell)",,"",0,"normal",20,10,,,
"Day UpperBody","25 Apr 2026, 12:15","25 Apr 2026, 13:24","","Bench Press (Barbell)",,"",1,"normal",45,10,,,
"Day UpperBody","25 Apr 2026, 12:15","25 Apr 2026, 13:24","","Bench Press (Barbell)",,"",2,"normal",45,10,,,
"Day UpperBody","25 Apr 2026, 12:15","25 Apr 2026, 13:24","","Bench Press (Barbell)",,"",3,"normal",45,8,,,
"Day UpperBody","25 Apr 2026, 12:15","25 Apr 2026, 13:24","","Bench Press (Barbell)",,"",4,"failure",45,6,,,
"Day UpperBody","25 Apr 2026, 12:15","25 Apr 2026, 13:24","","Seated Cable Row - V Grip (Cable)",,"",0,"normal",48,10,,,
"Day UpperBody","25 Apr 2026, 12:15","25 Apr 2026, 13:24","","Seated Cable Row - V Grip (Cable)",,"",1,"normal",48,10,,,
"Day UpperBody","25 Apr 2026, 12:15","25 Apr 2026, 13:24","","Seated Cable Row - V Grip (Cable)",,"",2,"normal",48,10,,,
"Day UpperBody","25 Apr 2026, 12:15","25 Apr 2026, 13:24","","Seated Cable Row - V Grip (Cable)",,"",3,"failure",48,8,,,
"Day UpperBody","25 Apr 2026, 12:15","25 Apr 2026, 13:24","","Skullcrusher (Barbell)",,"",0,"normal",22,10,,,
"Day UpperBody","25 Apr 2026, 12:15","25 Apr 2026, 13:24","","Skullcrusher (Barbell)",,"",1,"normal",22,10,,,
"Day UpperBody","25 Apr 2026, 12:15","25 Apr 2026, 13:24","","Skullcrusher (Barbell)",,"",2,"normal",22,8,,,
"Day UpperBody","25 Apr 2026, 12:15","25 Apr 2026, 13:24","","Skullcrusher (Barbell)",,"",3,"failure",22,8,,,
"Day UpperBody","25 Apr 2026, 12:15","25 Apr 2026, 13:24","","Bicep Curl (Barbell)",,"",0,"normal",24.5,10,,,
"Day UpperBody","25 Apr 2026, 12:15","25 Apr 2026, 13:24","","Bicep Curl (Barbell)",,"",1,"normal",24.5,10,,,
"Day UpperBody","25 Apr 2026, 12:15","25 Apr 2026, 13:24","","Bicep Curl (Barbell)",,"",2,"normal",24.5,10,,,
"Day UpperBody","25 Apr 2026, 12:15","25 Apr 2026, 13:24","","Bicep Curl (Barbell)",,"",3,"failure",24.5,6,,,
"Day UpperBody","25 Apr 2026, 12:15","25 Apr 2026, 13:24","","Lateral Raise (Dumbbell)",,"",0,"normal",9,10,,,
"Day UpperBody","25 Apr 2026, 12:15","25 Apr 2026, 13:24","","Lateral Raise (Dumbbell)",,"",1,"normal",9,10,,,
"Day UpperBody","25 Apr 2026, 12:15","25 Apr 2026, 13:24","","Lateral Raise (Dumbbell)",,"",2,"normal",9,10,,,
"Day UpperBody","25 Apr 2026, 12:15","25 Apr 2026, 13:24","","Lateral Raise (Dumbbell)",,"",3,"failure",9,9,,,
"Day UpperBody","22 Apr 2026, 04:18","22 Apr 2026, 05:33","","Lat Pulldown (Cable)",,"",0,"normal",30,10,,,
"Day UpperBody","22 Apr 2026, 04:18","22 Apr 2026, 05:33","","Lat Pulldown (Cable)",,"",1,"normal",48,10,,,
"Day UpperBody","22 Apr 2026, 04:18","22 Apr 2026, 05:33","","Lat Pulldown (Cable)",,"",2,"normal",42,10,,,
"Day UpperBody","22 Apr 2026, 04:18","22 Apr 2026, 05:33","","Lat Pulldown (Cable)",,"",3,"normal",42,10,,,
"Day UpperBody","22 Apr 2026, 04:18","22 Apr 2026, 05:33","","Lat Pulldown (Cable)",,"",4,"failure",42,9,,,
"Day UpperBody","22 Apr 2026, 04:18","22 Apr 2026, 05:33","","Chest Press (Machine)",,"",0,"normal",11,10,,,
"Day UpperBody","22 Apr 2026, 04:18","22 Apr 2026, 05:33","","Chest Press (Machine)",,"",1,"normal",61,10,,,
"Day UpperBody","22 Apr 2026, 04:18","22 Apr 2026, 05:33","","Chest Press (Machine)",,"",2,"normal",61,10,,,
"Day UpperBody","22 Apr 2026, 04:18","22 Apr 2026, 05:33","","Chest Press (Machine)",,"",3,"normal",61,6,,,
"Day UpperBody","22 Apr 2026, 04:18","22 Apr 2026, 05:33","","Chest Press (Machine)",,"",4,"failure",51,7,,,
"Day UpperBody","22 Apr 2026, 04:18","22 Apr 2026, 05:33","","Seated Cable Row - V Grip (Cable)",,"",0,"normal",54,10,,,
"Day UpperBody","22 Apr 2026, 04:18","22 Apr 2026, 05:33","","Seated Cable Row - V Grip (Cable)",,"",1,"normal",54,10,,,
"Day UpperBody","22 Apr 2026, 04:18","22 Apr 2026, 05:33","","Seated Cable Row - V Grip (Cable)",,"",2,"normal",48,10,,,
"Day UpperBody","22 Apr 2026, 04:18","22 Apr 2026, 05:33","","Seated Cable Row - V Grip (Cable)",,"",3,"failure",48,10,,,
"Day UpperBody","22 Apr 2026, 04:18","22 Apr 2026, 05:33","","Skullcrusher (Barbell)",,"",0,"normal",22,10,,,
"Day UpperBody","22 Apr 2026, 04:18","22 Apr 2026, 05:33","","Skullcrusher (Barbell)",,"",1,"normal",22,10,,,
"Day UpperBody","22 Apr 2026, 04:18","22 Apr 2026, 05:33","","Skullcrusher (Barbell)",,"",2,"normal",22,10,,,
"Day UpperBody","22 Apr 2026, 04:18","22 Apr 2026, 05:33","","Skullcrusher (Barbell)",,"",3,"failure",22,10,,,
"Day UpperBody","22 Apr 2026, 04:18","22 Apr 2026, 05:33","","Bicep Curl (Barbell)",,"",0,"normal",24.5,10,,,
"Day UpperBody","22 Apr 2026, 04:18","22 Apr 2026, 05:33","","Bicep Curl (Barbell)",,"",1,"normal",24.5,10,,,
"Day UpperBody","22 Apr 2026, 04:18","22 Apr 2026, 05:33","","Bicep Curl (Barbell)",,"",2,"normal",24.5,8,,,
"Day UpperBody","22 Apr 2026, 04:18","22 Apr 2026, 05:33","","Bicep Curl (Barbell)",,"",3,"failure",24.5,5,,,
"Day UpperBody","22 Apr 2026, 04:18","22 Apr 2026, 05:33","","Lateral Raise (Dumbbell)",,"",0,"normal",9,10,,,
"Day UpperBody","22 Apr 2026, 04:18","22 Apr 2026, 05:33","","Lateral Raise (Dumbbell)",,"",1,"normal",9,10,,,
"Day UpperBody","22 Apr 2026, 04:18","22 Apr 2026, 05:33","","Lateral Raise (Dumbbell)",,"",2,"normal",9,10,,,
"Day UpperBody","22 Apr 2026, 04:18","22 Apr 2026, 05:33","","Lateral Raise (Dumbbell)",,"",3,"failure",9,10,,,
"Day UpperBody","22 Apr 2026, 04:18","22 Apr 2026, 05:33","","Diamond Push Up",,"",0,"failure",,20,,,
"Day UpperBody","18 Apr 2026, 04:08","18 Apr 2026, 05:16","","Lat Pulldown (Cable)",,"",0,"normal",30,10,,,
"Day UpperBody","18 Apr 2026, 04:08","18 Apr 2026, 05:16","","Lat Pulldown (Cable)",,"",1,"normal",48,10,,,
"Day UpperBody","18 Apr 2026, 04:08","18 Apr 2026, 05:16","","Lat Pulldown (Cable)",,"",2,"normal",42,10,,,
"Day UpperBody","18 Apr 2026, 04:08","18 Apr 2026, 05:16","","Lat Pulldown (Cable)",,"",3,"normal",42,10,,,
"Day UpperBody","18 Apr 2026, 04:08","18 Apr 2026, 05:16","","Lat Pulldown (Cable)",,"",4,"failure",42,9,,,
"Day UpperBody","18 Apr 2026, 04:08","18 Apr 2026, 05:16","","Chest Press (Machine)",,"",0,"normal",11,10,,,
"Day UpperBody","18 Apr 2026, 04:08","18 Apr 2026, 05:16","","Chest Press (Machine)",,"",1,"normal",61,10,,,
"Day UpperBody","18 Apr 2026, 04:08","18 Apr 2026, 05:16","","Chest Press (Machine)",,"",2,"normal",61,10,,,
"Day UpperBody","18 Apr 2026, 04:08","18 Apr 2026, 05:16","","Chest Press (Machine)",,"",3,"normal",61,9,,,
"Day UpperBody","18 Apr 2026, 04:08","18 Apr 2026, 05:16","","Chest Press (Machine)",,"",4,"failure",51,7,,,
"Day UpperBody","18 Apr 2026, 04:08","18 Apr 2026, 05:16","","Seated Cable Row - V Grip (Cable)",,"",0,"normal",54,10,,,
"Day UpperBody","18 Apr 2026, 04:08","18 Apr 2026, 05:16","","Seated Cable Row - V Grip (Cable)",,"",1,"normal",54,10,,,
"Day UpperBody","18 Apr 2026, 04:08","18 Apr 2026, 05:16","","Seated Cable Row - V Grip (Cable)",,"",2,"normal",48,10,,,
"Day UpperBody","18 Apr 2026, 04:08","18 Apr 2026, 05:16","","Seated Cable Row - V Grip (Cable)",,"",3,"failure",48,10,,,
"Day UpperBody","18 Apr 2026, 04:08","18 Apr 2026, 05:16","","Skullcrusher (Barbell)",,"",0,"normal",22,10,,,
"Day UpperBody","18 Apr 2026, 04:08","18 Apr 2026, 05:16","","Skullcrusher (Barbell)",,"",1,"normal",22,9,,,
"Day UpperBody","18 Apr 2026, 04:08","18 Apr 2026, 05:16","","Skullcrusher (Barbell)",,"",2,"normal",22,8,,,
"Day UpperBody","18 Apr 2026, 04:08","18 Apr 2026, 05:16","","Skullcrusher (Barbell)",,"",3,"failure",22,7,,,
"Day UpperBody","18 Apr 2026, 04:08","18 Apr 2026, 05:16","","Bicep Curl (Barbell)",,"",0,"normal",24.5,10,,,
"Day UpperBody","18 Apr 2026, 04:08","18 Apr 2026, 05:16","","Bicep Curl (Barbell)",,"",1,"normal",24.5,10,,,
"Day UpperBody","18 Apr 2026, 04:08","18 Apr 2026, 05:16","","Bicep Curl (Barbell)",,"",2,"normal",24.5,10,,,
"Day UpperBody","18 Apr 2026, 04:08","18 Apr 2026, 05:16","","Bicep Curl (Barbell)",,"",3,"failure",24.5,5,,,
"Day UpperBody","18 Apr 2026, 04:08","18 Apr 2026, 05:16","","Lateral Raise (Dumbbell)",,"",0,"normal",9,10,,,
"Day UpperBody","18 Apr 2026, 04:08","18 Apr 2026, 05:16","","Lateral Raise (Dumbbell)",,"",1,"normal",9,10,,,
"Day UpperBody","18 Apr 2026, 04:08","18 Apr 2026, 05:16","","Lateral Raise (Dumbbell)",,"",2,"normal",9,10,,,
"Day UpperBody","18 Apr 2026, 04:08","18 Apr 2026, 05:16","","Lateral Raise (Dumbbell)",,"",3,"failure",9,10,,,
"Day UpperBody","18 Apr 2026, 04:08","18 Apr 2026, 05:16","","Diamond Push Up",,"",0,"failure",,20,,,
"Day UpperBody","15 Apr 2026, 03:41","15 Apr 2026, 04:51","","Lat Pulldown (Cable)",,"",0,"normal",30,10,,,
"Day UpperBody","15 Apr 2026, 03:41","15 Apr 2026, 04:51","","Lat Pulldown (Cable)",,"",1,"normal",48,10,,,
"Day UpperBody","15 Apr 2026, 03:41","15 Apr 2026, 04:51","","Lat Pulldown (Cable)",,"",2,"normal",42,10,,,
"Day UpperBody","15 Apr 2026, 03:41","15 Apr 2026, 04:51","","Lat Pulldown (Cable)",,"",3,"normal",42,10,,,
"Day UpperBody","15 Apr 2026, 03:41","15 Apr 2026, 04:51","","Lat Pulldown (Cable)",,"",4,"failure",42,9,,,
"Day UpperBody","15 Apr 2026, 03:41","15 Apr 2026, 04:51","","Chest Press (Machine)",,"",0,"normal",11,10,,,
"Day UpperBody","15 Apr 2026, 03:41","15 Apr 2026, 04:51","","Chest Press (Machine)",,"",1,"normal",61,10,,,
"Day UpperBody","15 Apr 2026, 03:41","15 Apr 2026, 04:51","","Chest Press (Machine)",,"",2,"normal",61,10,,,
"Day UpperBody","15 Apr 2026, 03:41","15 Apr 2026, 04:51","","Chest Press (Machine)",,"",3,"normal",51,10,,,
"Day UpperBody","15 Apr 2026, 03:41","15 Apr 2026, 04:51","","Chest Press (Machine)",,"",4,"failure",51,8,,,
"Day UpperBody","15 Apr 2026, 03:41","15 Apr 2026, 04:51","","Seated Cable Row - V Grip (Cable)",,"",0,"normal",54,10,,,
"Day UpperBody","15 Apr 2026, 03:41","15 Apr 2026, 04:51","","Seated Cable Row - V Grip (Cable)",,"",1,"normal",54,10,,,
"Day UpperBody","15 Apr 2026, 03:41","15 Apr 2026, 04:51","","Seated Cable Row - V Grip (Cable)",,"",2,"normal",54,9,,,
"Day UpperBody","15 Apr 2026, 03:41","15 Apr 2026, 04:51","","Seated Cable Row - V Grip (Cable)",,"",3,"failure",48,10,,,
"Day UpperBody","15 Apr 2026, 03:41","15 Apr 2026, 04:51","","Skullcrusher (Barbell)",,"",0,"normal",22,10,,,
"Day UpperBody","15 Apr 2026, 03:41","15 Apr 2026, 04:51","","Skullcrusher (Barbell)",,"",1,"normal",22,10,,,
"Day UpperBody","15 Apr 2026, 03:41","15 Apr 2026, 04:51","","Skullcrusher (Barbell)",,"",2,"normal",22,10,,,
"Day UpperBody","15 Apr 2026, 03:41","15 Apr 2026, 04:51","","Skullcrusher (Barbell)",,"",3,"failure",22,8,,,
"Day UpperBody","15 Apr 2026, 03:41","15 Apr 2026, 04:51","","Bicep Curl (Barbell)",,"No",0,"normal",24.5,10,,,
"Day UpperBody","15 Apr 2026, 03:41","15 Apr 2026, 04:51","","Bicep Curl (Barbell)",,"No",1,"normal",24.5,10,,,
"Day UpperBody","15 Apr 2026, 03:41","15 Apr 2026, 04:51","","Bicep Curl (Barbell)",,"No",2,"normal",24.5,10,,,
"Day UpperBody","15 Apr 2026, 03:41","15 Apr 2026, 04:51","","Bicep Curl (Barbell)",,"No",3,"failure",24.5,9,,,
"Day UpperBody","15 Apr 2026, 03:41","15 Apr 2026, 04:51","","Lateral Raise (Dumbbell)",,"",0,"normal",9,10,,,
"Day UpperBody","15 Apr 2026, 03:41","15 Apr 2026, 04:51","","Lateral Raise (Dumbbell)",,"",1,"normal",9,10,,,
"Day UpperBody","15 Apr 2026, 03:41","15 Apr 2026, 04:51","","Lateral Raise (Dumbbell)",,"",2,"normal",9,10,,,
"Day UpperBody","15 Apr 2026, 03:41","15 Apr 2026, 04:51","","Lateral Raise (Dumbbell)",,"",3,"failure",9,10,,,
"Day UpperBody","15 Apr 2026, 03:41","15 Apr 2026, 04:51","","Diamond Push Up",,"",0,"failure",,18,,,
"Day UpperBody","12 Apr 2026, 03:45","12 Apr 2026, 04:49","","Lat Pulldown (Cable)",,"",0,"normal",30,10,,,
"Day UpperBody","12 Apr 2026, 03:45","12 Apr 2026, 04:49","","Lat Pulldown (Cable)",,"",1,"normal",48,10,,,
"Day UpperBody","12 Apr 2026, 03:45","12 Apr 2026, 04:49","","Lat Pulldown (Cable)",,"",2,"normal",42,10,,,
"Day UpperBody","12 Apr 2026, 03:45","12 Apr 2026, 04:49","","Lat Pulldown (Cable)",,"",3,"normal",42,10,,,
"Day UpperBody","12 Apr 2026, 03:45","12 Apr 2026, 04:49","","Lat Pulldown (Cable)",,"",4,"failure",42,9,,,
"Day UpperBody","12 Apr 2026, 03:45","12 Apr 2026, 04:49","","Lat Pulldown (Cable)",,"",5,"normal",30,7,,,
"Day UpperBody","12 Apr 2026, 03:45","12 Apr 2026, 04:49","","Bench Press (Barbell)",,"",0,"normal",20,10,,,
"Day UpperBody","12 Apr 2026, 03:45","12 Apr 2026, 04:49","","Bench Press (Barbell)",,"",1,"normal",40,10,,,
"Day UpperBody","12 Apr 2026, 03:45","12 Apr 2026, 04:49","","Bench Press (Barbell)",,"",2,"normal",40,10,,,
"Day UpperBody","12 Apr 2026, 03:45","12 Apr 2026, 04:49","","Bench Press (Barbell)",,"",3,"normal",40,10,,,
"Day UpperBody","12 Apr 2026, 03:45","12 Apr 2026, 04:49","","Bench Press (Barbell)",,"",4,"failure",40,12,,,
"Day UpperBody","12 Apr 2026, 03:45","12 Apr 2026, 04:49","","Seated Cable Row - V Grip (Cable)",,"",0,"normal",54,10,,,
"Day UpperBody","12 Apr 2026, 03:45","12 Apr 2026, 04:49","","Seated Cable Row - V Grip (Cable)",,"",1,"normal",48,10,,,
"Day UpperBody","12 Apr 2026, 03:45","12 Apr 2026, 04:49","","Seated Cable Row - V Grip (Cable)",,"",2,"normal",48,10,,,
"Day UpperBody","12 Apr 2026, 03:45","12 Apr 2026, 04:49","","Seated Cable Row - V Grip (Cable)",,"",3,"failure",48,10,,,
"Day UpperBody","12 Apr 2026, 03:45","12 Apr 2026, 04:49","","Skullcrusher (Barbell)",,"",0,"normal",22,10,,,
"Day UpperBody","12 Apr 2026, 03:45","12 Apr 2026, 04:49","","Skullcrusher (Barbell)",,"",1,"normal",22,10,,,
"Day UpperBody","12 Apr 2026, 03:45","12 Apr 2026, 04:49","","Skullcrusher (Barbell)",,"",2,"normal",22,10,,,
"Day UpperBody","12 Apr 2026, 03:45","12 Apr 2026, 04:49","","Skullcrusher (Barbell)",,"",3,"failure",22,8,,,
"Day UpperBody","12 Apr 2026, 03:45","12 Apr 2026, 04:49","","Bicep Curl (Barbell)",,"",0,"normal",24.5,10,,,
"Day UpperBody","12 Apr 2026, 03:45","12 Apr 2026, 04:49","","Bicep Curl (Barbell)",,"",1,"normal",24.5,10,,,
"Day UpperBody","12 Apr 2026, 03:45","12 Apr 2026, 04:49","","Bicep Curl (Barbell)",,"",2,"normal",24.5,5,,,
"Day UpperBody","12 Apr 2026, 03:45","12 Apr 2026, 04:49","","Bicep Curl (Barbell)",,"",3,"failure",22,10,,,
"Day UpperBody","12 Apr 2026, 03:45","12 Apr 2026, 04:49","","Lateral Raise (Dumbbell)",,"",0,"normal",9,10,,,
"Day UpperBody","12 Apr 2026, 03:45","12 Apr 2026, 04:49","","Lateral Raise (Dumbbell)",,"",1,"normal",9,10,,,
"Day UpperBody","12 Apr 2026, 03:45","12 Apr 2026, 04:49","","Lateral Raise (Dumbbell)",,"",2,"normal",9,10,,,
"Day UpperBody","12 Apr 2026, 03:45","12 Apr 2026, 04:49","","Lateral Raise (Dumbbell)",,"",3,"failure",9,10,,,
"Day UpperBody","12 Apr 2026, 03:45","12 Apr 2026, 04:49","","Diamond Push Up",,"",0,"failure",,18,,,
"Day UpperBody","10 Apr 2026, 04:21","10 Apr 2026, 05:29","","Lat Pulldown (Cable)",,"",0,"normal",30,10,,,
"Day UpperBody","10 Apr 2026, 04:21","10 Apr 2026, 05:29","","Lat Pulldown (Cable)",,"",1,"normal",48,10,,,
"Day UpperBody","10 Apr 2026, 04:21","10 Apr 2026, 05:29","","Lat Pulldown (Cable)",,"",2,"normal",42,10,,,
"Day UpperBody","10 Apr 2026, 04:21","10 Apr 2026, 05:29","","Lat Pulldown (Cable)",,"",3,"normal",42,10,,,
"Day UpperBody","10 Apr 2026, 04:21","10 Apr 2026, 05:29","","Lat Pulldown (Cable)",,"",4,"failure",42,9,,,
"Day UpperBody","10 Apr 2026, 04:21","10 Apr 2026, 05:29","","Chest Press (Machine)",,"",0,"normal",11,10,,,
"Day UpperBody","10 Apr 2026, 04:21","10 Apr 2026, 05:29","","Chest Press (Machine)",,"",1,"normal",51,10,,,
"Day UpperBody","10 Apr 2026, 04:21","10 Apr 2026, 05:29","","Chest Press (Machine)",,"",2,"normal",51,10,,,
"Day UpperBody","10 Apr 2026, 04:21","10 Apr 2026, 05:29","","Chest Press (Machine)",,"",3,"normal",51,10,,,
"Day UpperBody","10 Apr 2026, 04:21","10 Apr 2026, 05:29","","Chest Press (Machine)",,"",4,"failure",51,11,,,
"Day UpperBody","10 Apr 2026, 04:21","10 Apr 2026, 05:29","","Seated Cable Row - V Grip (Cable)",,"",0,"normal",54,10,,,
"Day UpperBody","10 Apr 2026, 04:21","10 Apr 2026, 05:29","","Seated Cable Row - V Grip (Cable)",,"",1,"normal",48,10,,,
"Day UpperBody","10 Apr 2026, 04:21","10 Apr 2026, 05:29","","Seated Cable Row - V Grip (Cable)",,"",2,"normal",48,10,,,
"Day UpperBody","10 Apr 2026, 04:21","10 Apr 2026, 05:29","","Seated Cable Row - V Grip (Cable)",,"",3,"failure",48,10,,,
"Day UpperBody","10 Apr 2026, 04:21","10 Apr 2026, 05:29","","Skullcrusher (Barbell)",,"",0,"normal",22,10,,,
"Day UpperBody","10 Apr 2026, 04:21","10 Apr 2026, 05:29","","Skullcrusher (Barbell)",,"",1,"normal",22,10,,,
"Day UpperBody","10 Apr 2026, 04:21","10 Apr 2026, 05:29","","Skullcrusher (Barbell)",,"",2,"normal",22,10,,,
"Day UpperBody","10 Apr 2026, 04:21","10 Apr 2026, 05:29","","Skullcrusher (Barbell)",,"",3,"failure",22,8,,,
"Day UpperBody","10 Apr 2026, 04:21","10 Apr 2026, 05:29","","Bicep Curl (Barbell)",,"",0,"normal",24.5,10,,,
"Day UpperBody","10 Apr 2026, 04:21","10 Apr 2026, 05:29","","Bicep Curl (Barbell)",,"",1,"normal",24.5,10,,,
"Day UpperBody","10 Apr 2026, 04:21","10 Apr 2026, 05:29","","Bicep Curl (Barbell)",,"",2,"normal",24.5,10,,,
"Day UpperBody","10 Apr 2026, 04:21","10 Apr 2026, 05:29","","Bicep Curl (Barbell)",,"",3,"failure",24.5,8,,,
"Day UpperBody","10 Apr 2026, 04:21","10 Apr 2026, 05:29","","Lateral Raise (Dumbbell)",,"",0,"normal",9,10,,,
"Day UpperBody","10 Apr 2026, 04:21","10 Apr 2026, 05:29","","Lateral Raise (Dumbbell)",,"",1,"normal",9,10,,,
"Day UpperBody","10 Apr 2026, 04:21","10 Apr 2026, 05:29","","Lateral Raise (Dumbbell)",,"",2,"normal",9,10,,,
"Day UpperBody","10 Apr 2026, 04:21","10 Apr 2026, 05:29","","Lateral Raise (Dumbbell)",,"",3,"failure",9,8,,,
"Day UpperBody","10 Apr 2026, 04:21","10 Apr 2026, 05:29","","Diamond Push Up",,"",0,"failure",,20,,,
"Day UpperBody","8 Apr 2026, 04:10","8 Apr 2026, 05:25","","Lat Pulldown (Cable)",,"",0,"normal",30,10,,,
"Day UpperBody","8 Apr 2026, 04:10","8 Apr 2026, 05:25","","Lat Pulldown (Cable)",,"",1,"normal",48,10,,,
"Day UpperBody","8 Apr 2026, 04:10","8 Apr 2026, 05:25","","Lat Pulldown (Cable)",,"",2,"normal",42,10,,,
"Day UpperBody","8 Apr 2026, 04:10","8 Apr 2026, 05:25","","Lat Pulldown (Cable)",,"",3,"normal",42,10,,,
"Day UpperBody","8 Apr 2026, 04:10","8 Apr 2026, 05:25","","Lat Pulldown (Cable)",,"",4,"failure",42,9,,,
"Day UpperBody","8 Apr 2026, 04:10","8 Apr 2026, 05:25","","Lat Pulldown (Cable)",,"",5,"normal",30,10,,,
"Day UpperBody","8 Apr 2026, 04:10","8 Apr 2026, 05:25","","Chest Press (Machine)",,"",0,"normal",11,10,,,
"Day UpperBody","8 Apr 2026, 04:10","8 Apr 2026, 05:25","","Chest Press (Machine)",,"",1,"normal",51,10,,,
"Day UpperBody","8 Apr 2026, 04:10","8 Apr 2026, 05:25","","Chest Press (Machine)",,"",2,"normal",51,10,,,
"Day UpperBody","8 Apr 2026, 04:10","8 Apr 2026, 05:25","","Chest Press (Machine)",,"",3,"normal",51,10,,,
"Day UpperBody","8 Apr 2026, 04:10","8 Apr 2026, 05:25","","Chest Press (Machine)",,"",4,"failure",51,10,,,
"Day UpperBody","8 Apr 2026, 04:10","8 Apr 2026, 05:25","","Seated Cable Row - V Grip (Cable)",,"",0,"normal",54,10,,,
"Day UpperBody","8 Apr 2026, 04:10","8 Apr 2026, 05:25","","Seated Cable Row - V Grip (Cable)",,"",1,"normal",48,10,,,
"Day UpperBody","8 Apr 2026, 04:10","8 Apr 2026, 05:25","","Seated Cable Row - V Grip (Cable)",,"",2,"normal",48,10,,,
"Day UpperBody","8 Apr 2026, 04:10","8 Apr 2026, 05:25","","Seated Cable Row - V Grip (Cable)",,"",3,"failure",48,10,,,
"Day UpperBody","8 Apr 2026, 04:10","8 Apr 2026, 05:25","","Skullcrusher (Barbell)",,"",0,"normal",22,10,,,
"Day UpperBody","8 Apr 2026, 04:10","8 Apr 2026, 05:25","","Skullcrusher (Barbell)",,"",1,"normal",22,10,,,
"Day UpperBody","8 Apr 2026, 04:10","8 Apr 2026, 05:25","","Skullcrusher (Barbell)",,"",2,"normal",22,8,,,
"Day UpperBody","8 Apr 2026, 04:10","8 Apr 2026, 05:25","","Skullcrusher (Barbell)",,"",3,"failure",22,6,,,
"Day UpperBody","8 Apr 2026, 04:10","8 Apr 2026, 05:25","","Bicep Curl (Barbell)",,"",0,"normal",24.5,10,,,
"Day UpperBody","8 Apr 2026, 04:10","8 Apr 2026, 05:25","","Bicep Curl (Barbell)",,"",1,"normal",24.5,10,,,
"Day UpperBody","8 Apr 2026, 04:10","8 Apr 2026, 05:25","","Bicep Curl (Barbell)",,"",2,"normal",22,10,,,
"Day UpperBody","8 Apr 2026, 04:10","8 Apr 2026, 05:25","","Bicep Curl (Barbell)",,"",3,"failure",22,10,,,
"Day UpperBody","8 Apr 2026, 04:10","8 Apr 2026, 05:25","","Lateral Raise (Dumbbell)",,"",0,"normal",9,10,,,
"Day UpperBody","8 Apr 2026, 04:10","8 Apr 2026, 05:25","","Lateral Raise (Dumbbell)",,"",1,"normal",9,10,,,
"Day UpperBody","8 Apr 2026, 04:10","8 Apr 2026, 05:25","","Lateral Raise (Dumbbell)",,"",2,"normal",9,10,,,
"Day UpperBody","8 Apr 2026, 04:10","8 Apr 2026, 05:25","","Lateral Raise (Dumbbell)",,"",3,"failure",9,10,,,
"Day UpperBody","8 Apr 2026, 04:10","8 Apr 2026, 05:25","","Diamond Push Up",,"",0,"failure",,15,,,
"Day UpperBody","4 Apr 2026, 03:40","4 Apr 2026, 04:53","","Lat Pulldown (Cable)",,"",0,"normal",30,10,,,
"Day UpperBody","4 Apr 2026, 03:40","4 Apr 2026, 04:53","","Lat Pulldown (Cable)",,"",1,"normal",48,10,,,
"Day UpperBody","4 Apr 2026, 03:40","4 Apr 2026, 04:53","","Lat Pulldown (Cable)",,"",2,"normal",42,10,,,
"Day UpperBody","4 Apr 2026, 03:40","4 Apr 2026, 04:53","","Lat Pulldown (Cable)",,"",3,"normal",42,10,,,
"Day UpperBody","4 Apr 2026, 03:40","4 Apr 2026, 04:53","","Lat Pulldown (Cable)",,"",4,"failure",42,9,,,
"Day UpperBody","4 Apr 2026, 03:40","4 Apr 2026, 04:53","","Bench Press (Barbell)",,"",0,"normal",20,10,,,
"Day UpperBody","4 Apr 2026, 03:40","4 Apr 2026, 04:53","","Chest Press (Machine)",,"",0,"normal",11,10,,,
"Day UpperBody","4 Apr 2026, 03:40","4 Apr 2026, 04:53","","Chest Press (Machine)",,"",1,"normal",51,10,,,
"Day UpperBody","4 Apr 2026, 03:40","4 Apr 2026, 04:53","","Chest Press (Machine)",,"",2,"normal",51,10,,,
"Day UpperBody","4 Apr 2026, 03:40","4 Apr 2026, 04:53","","Chest Press (Machine)",,"",3,"normal",51,10,,,
"Day UpperBody","4 Apr 2026, 03:40","4 Apr 2026, 04:53","","Chest Press (Machine)",,"",4,"failure",51,10,,,
"Day UpperBody","4 Apr 2026, 03:40","4 Apr 2026, 04:53","","Seated Cable Row - V Grip (Cable)",,"",0,"normal",54,10,,,
"Day UpperBody","4 Apr 2026, 03:40","4 Apr 2026, 04:53","","Seated Cable Row - V Grip (Cable)",,"",1,"normal",48,10,,,
"Day UpperBody","4 Apr 2026, 03:40","4 Apr 2026, 04:53","","Seated Cable Row - V Grip (Cable)",,"",2,"normal",48,10,,,
"Day UpperBody","4 Apr 2026, 03:40","4 Apr 2026, 04:53","","Seated Cable Row - V Grip (Cable)",,"",3,"failure",48,10,,,
"Day UpperBody","4 Apr 2026, 03:40","4 Apr 2026, 04:53","","Skullcrusher (Barbell)",,"",0,"normal",22,10,,,
"Day UpperBody","4 Apr 2026, 03:40","4 Apr 2026, 04:53","","Skullcrusher (Barbell)",,"",1,"normal",22,10,,,
"Day UpperBody","4 Apr 2026, 03:40","4 Apr 2026, 04:53","","Skullcrusher (Barbell)",,"",2,"normal",22,9,,,
"Day UpperBody","4 Apr 2026, 03:40","4 Apr 2026, 04:53","","Skullcrusher (Barbell)",,"",3,"failure",22,7,,,
"Day UpperBody","4 Apr 2026, 03:40","4 Apr 2026, 04:53","","Bicep Curl (Barbell)",,"",0,"normal",22,10,,,
"Day UpperBody","4 Apr 2026, 03:40","4 Apr 2026, 04:53","","Bicep Curl (Barbell)",,"",1,"normal",22,10,,,
"Day UpperBody","4 Apr 2026, 03:40","4 Apr 2026, 04:53","","Bicep Curl (Barbell)",,"",2,"normal",22,10,,,
"Day UpperBody","4 Apr 2026, 03:40","4 Apr 2026, 04:53","","Bicep Curl (Barbell)",,"",3,"failure",22,11,,,
"Day UpperBody","4 Apr 2026, 03:40","4 Apr 2026, 04:53","","Lateral Raise (Dumbbell)",,"",0,"normal",9,10,,,
"Day UpperBody","4 Apr 2026, 03:40","4 Apr 2026, 04:53","","Lateral Raise (Dumbbell)",,"",1,"normal",9,10,,,
"Day UpperBody","4 Apr 2026, 03:40","4 Apr 2026, 04:53","","Lateral Raise (Dumbbell)",,"",2,"normal",9,10,,,
"Day UpperBody","4 Apr 2026, 03:40","4 Apr 2026, 04:53","","Lateral Raise (Dumbbell)",,"",3,"failure",9,10,,,
"Day UpperBody","4 Apr 2026, 03:40","4 Apr 2026, 04:53","","Diamond Push Up",,"",0,"failure",,18,,,
"Day UpperBody","1 Apr 2026, 05:15","1 Apr 2026, 06:31","","Lat Pulldown (Cable)",,"",0,"normal",30,10,,,
"Day UpperBody","1 Apr 2026, 05:15","1 Apr 2026, 06:31","","Lat Pulldown (Cable)",,"",1,"normal",48,10,,,
"Day UpperBody","1 Apr 2026, 05:15","1 Apr 2026, 06:31","","Lat Pulldown (Cable)",,"",2,"normal",42,10,,,
"Day UpperBody","1 Apr 2026, 05:15","1 Apr 2026, 06:31","","Lat Pulldown (Cable)",,"",3,"normal",42,9,,,
"Day UpperBody","1 Apr 2026, 05:15","1 Apr 2026, 06:31","","Lat Pulldown (Cable)",,"",4,"failure",42,8,,,
"Day UpperBody","1 Apr 2026, 05:15","1 Apr 2026, 06:31","","Chest Press (Machine)",,"",0,"normal",11,10,,,
"Day UpperBody","1 Apr 2026, 05:15","1 Apr 2026, 06:31","","Chest Press (Machine)",,"",1,"normal",51,10,,,
"Day UpperBody","1 Apr 2026, 05:15","1 Apr 2026, 06:31","","Chest Press (Machine)",,"",2,"normal",51,10,,,
"Day UpperBody","1 Apr 2026, 05:15","1 Apr 2026, 06:31","","Chest Press (Machine)",,"",3,"normal",51,10,,,
"Day UpperBody","1 Apr 2026, 05:15","1 Apr 2026, 06:31","","Chest Press (Machine)",,"",4,"failure",51,8,,,
"Day UpperBody","1 Apr 2026, 05:15","1 Apr 2026, 06:31","","Seated Cable Row - V Grip (Cable)",,"",0,"normal",54,10,,,
"Day UpperBody","1 Apr 2026, 05:15","1 Apr 2026, 06:31","","Seated Cable Row - V Grip (Cable)",,"",1,"normal",48,10,,,
"Day UpperBody","1 Apr 2026, 05:15","1 Apr 2026, 06:31","","Seated Cable Row - V Grip (Cable)",,"",2,"normal",48,9,,,
"Day UpperBody","1 Apr 2026, 05:15","1 Apr 2026, 06:31","","Seated Cable Row - V Grip (Cable)",,"",3,"failure",48,7,,,
"Day UpperBody","1 Apr 2026, 05:15","1 Apr 2026, 06:31","","Skullcrusher (Barbell)",,"",0,"normal",22,10,,,
"Day UpperBody","1 Apr 2026, 05:15","1 Apr 2026, 06:31","","Skullcrusher (Barbell)",,"",1,"normal",22,10,,,
"Day UpperBody","1 Apr 2026, 05:15","1 Apr 2026, 06:31","","Skullcrusher (Barbell)",,"",2,"normal",22,9,,,
"Day UpperBody","1 Apr 2026, 05:15","1 Apr 2026, 06:31","","Skullcrusher (Barbell)",,"",3,"failure",22,7,,,
"Day UpperBody","1 Apr 2026, 05:15","1 Apr 2026, 06:31","","Bicep Curl (Barbell)",,"",0,"normal",22,10,,,
"Day UpperBody","1 Apr 2026, 05:15","1 Apr 2026, 06:31","","Bicep Curl (Barbell)",,"",1,"normal",22,10,,,
"Day UpperBody","1 Apr 2026, 05:15","1 Apr 2026, 06:31","","Bicep Curl (Barbell)",,"",2,"normal",22,10,,,
"Day UpperBody","1 Apr 2026, 05:15","1 Apr 2026, 06:31","","Bicep Curl (Barbell)",,"",3,"failure",22,10,,,
"Day UpperBody","1 Apr 2026, 05:15","1 Apr 2026, 06:31","","Lateral Raise (Dumbbell)",,"",0,"normal",9,10,,,
"Day UpperBody","1 Apr 2026, 05:15","1 Apr 2026, 06:31","","Lateral Raise (Dumbbell)",,"",1,"normal",9,10,,,
"Day UpperBody","1 Apr 2026, 05:15","1 Apr 2026, 06:31","","Lateral Raise (Dumbbell)",,"",2,"normal",9,10,,,
"Day UpperBody","1 Apr 2026, 05:15","1 Apr 2026, 06:31","","Lateral Raise (Dumbbell)",,"",3,"failure",9,12,,,
"Day UpperBody","1 Apr 2026, 05:15","1 Apr 2026, 06:31","","Diamond Push Up",,"",0,"failure",,10,,,
"Day UpperBody","30 Mar 2026, 11:12","30 Mar 2026, 12:26","","Lat Pulldown (Cable)",,"",0,"normal",30,10,,,
"Day UpperBody","30 Mar 2026, 11:12","30 Mar 2026, 12:26","","Lat Pulldown (Cable)",,"",1,"normal",48,10,,,
"Day UpperBody","30 Mar 2026, 11:12","30 Mar 2026, 12:26","","Lat Pulldown (Cable)",,"",2,"normal",42,10,,,
"Day UpperBody","30 Mar 2026, 11:12","30 Mar 2026, 12:26","","Lat Pulldown (Cable)",,"",3,"normal",42,10,,,
"Day UpperBody","30 Mar 2026, 11:12","30 Mar 2026, 12:26","","Lat Pulldown (Cable)",,"",4,"failure",42,9,,,
"Day UpperBody","30 Mar 2026, 11:12","30 Mar 2026, 12:26","","Bench Press (Barbell)",,"",0,"normal",20,10,,,
"Day UpperBody","30 Mar 2026, 11:12","30 Mar 2026, 12:26","","Bench Press (Barbell)",,"",1,"normal",45,10,,,
"Day UpperBody","30 Mar 2026, 11:12","30 Mar 2026, 12:26","","Bench Press (Barbell)",,"",2,"normal",45,10,,,
"Day UpperBody","30 Mar 2026, 11:12","30 Mar 2026, 12:26","","Bench Press (Barbell)",,"",3,"normal",45,10,,,
"Day UpperBody","30 Mar 2026, 11:12","30 Mar 2026, 12:26","","Bench Press (Barbell)",,"",4,"failure",45,7,,,
"Day UpperBody","30 Mar 2026, 11:12","30 Mar 2026, 12:26","","Seated Cable Row - V Grip (Cable)",,"",0,"normal",54,10,,,
"Day UpperBody","30 Mar 2026, 11:12","30 Mar 2026, 12:26","","Seated Cable Row - V Grip (Cable)",,"",1,"normal",48,10,,,
"Day UpperBody","30 Mar 2026, 11:12","30 Mar 2026, 12:26","","Seated Cable Row - V Grip (Cable)",,"",2,"normal",48,10,,,
"Day UpperBody","30 Mar 2026, 11:12","30 Mar 2026, 12:26","","Seated Cable Row - V Grip (Cable)",,"",3,"failure",48,8,,,
"Day UpperBody","30 Mar 2026, 11:12","30 Mar 2026, 12:26","","Skullcrusher (Barbell)",,"",0,"normal",22,10,,,
"Day UpperBody","30 Mar 2026, 11:12","30 Mar 2026, 12:26","","Skullcrusher (Barbell)",,"",1,"normal",22,9,,,
"Day UpperBody","30 Mar 2026, 11:12","30 Mar 2026, 12:26","","Skullcrusher (Barbell)",,"",2,"normal",22,5,,,
"Day UpperBody","30 Mar 2026, 11:12","30 Mar 2026, 12:26","","Skullcrusher (Barbell)",,"",3,"failure",22,5,,,
"Day UpperBody","30 Mar 2026, 11:12","30 Mar 2026, 12:26","","Bicep Curl (Barbell)",,"",0,"normal",24.5,10,,,
"Day UpperBody","30 Mar 2026, 11:12","30 Mar 2026, 12:26","","Bicep Curl (Barbell)",,"",1,"normal",24.5,10,,,
"Day UpperBody","30 Mar 2026, 11:12","30 Mar 2026, 12:26","","Bicep Curl (Barbell)",,"",2,"normal",24.5,9,,,
"Day UpperBody","30 Mar 2026, 11:12","30 Mar 2026, 12:26","","Bicep Curl (Barbell)",,"",3,"failure",22,8,,,
"Day UpperBody","30 Mar 2026, 11:12","30 Mar 2026, 12:26","","Lateral Raise (Dumbbell)",,"",0,"normal",9,10,,,
"Day UpperBody","30 Mar 2026, 11:12","30 Mar 2026, 12:26","","Lateral Raise (Dumbbell)",,"",1,"normal",9,10,,,
"Day UpperBody","30 Mar 2026, 11:12","30 Mar 2026, 12:26","","Lateral Raise (Dumbbell)",,"",2,"normal",9,10,,,
"Day UpperBody","30 Mar 2026, 11:12","30 Mar 2026, 12:26","","Lateral Raise (Dumbbell)",,"",3,"failure",9,11,,,
"Day UpperBody","22 Mar 2026, 04:32","22 Mar 2026, 05:48","","Lat Pulldown (Cable)",,"",0,"normal",30,10,,,
"Day UpperBody","22 Mar 2026, 04:32","22 Mar 2026, 05:48","","Lat Pulldown (Cable)",,"",1,"normal",48,10,,,
"Day UpperBody","22 Mar 2026, 04:32","22 Mar 2026, 05:48","","Lat Pulldown (Cable)",,"",2,"normal",42,10,,,
"Day UpperBody","22 Mar 2026, 04:32","22 Mar 2026, 05:48","","Lat Pulldown (Cable)",,"",3,"normal",42,10,,,
"Day UpperBody","22 Mar 2026, 04:32","22 Mar 2026, 05:48","","Lat Pulldown (Cable)",,"",4,"failure",42,8,,,
"Day UpperBody","22 Mar 2026, 04:32","22 Mar 2026, 05:48","","Bench Press (Barbell)",,"",0,"normal",45,10,,,
"Day UpperBody","22 Mar 2026, 04:32","22 Mar 2026, 05:48","","Chest Press (Machine)",,"",0,"normal",51,10,,,
"Day UpperBody","22 Mar 2026, 04:32","22 Mar 2026, 05:48","","Chest Press (Machine)",,"",1,"normal",51,10,,,
"Day UpperBody","22 Mar 2026, 04:32","22 Mar 2026, 05:48","","Chest Press (Machine)",,"",2,"normal",51,10,,,
"Day UpperBody","22 Mar 2026, 04:32","22 Mar 2026, 05:48","","Chest Press (Machine)",,"",3,"failure",51,10,,,
"Day UpperBody","22 Mar 2026, 04:32","22 Mar 2026, 05:48","","Seated Cable Row - V Grip (Cable)",,"",0,"normal",48,10,,,
"Day UpperBody","22 Mar 2026, 04:32","22 Mar 2026, 05:48","","Seated Cable Row - V Grip (Cable)",,"",1,"normal",48,10,,,
"Day UpperBody","22 Mar 2026, 04:32","22 Mar 2026, 05:48","","Seated Cable Row - V Grip (Cable)",,"",2,"normal",48,10,,,
"Day UpperBody","22 Mar 2026, 04:32","22 Mar 2026, 05:48","","Seated Cable Row - V Grip (Cable)",,"",3,"failure",48,11,,,
"Day UpperBody","22 Mar 2026, 04:32","22 Mar 2026, 05:48","","Skullcrusher (Barbell)",,"",0,"normal",22,10,,,
"Day UpperBody","22 Mar 2026, 04:32","22 Mar 2026, 05:48","","Skullcrusher (Barbell)",,"",1,"normal",22,10,,,
"Day UpperBody","22 Mar 2026, 04:32","22 Mar 2026, 05:48","","Skullcrusher (Barbell)",,"",2,"normal",22,10,,,
"Day UpperBody","22 Mar 2026, 04:32","22 Mar 2026, 05:48","","Skullcrusher (Barbell)",,"",3,"failure",22,9,,,
"Day UpperBody","22 Mar 2026, 04:32","22 Mar 2026, 05:48","","Bicep Curl (Barbell)",,"",0,"normal",22,10,,,
"Day UpperBody","22 Mar 2026, 04:32","22 Mar 2026, 05:48","","Bicep Curl (Barbell)",,"",1,"normal",24.5,10,,,
"Day UpperBody","22 Mar 2026, 04:32","22 Mar 2026, 05:48","","Bicep Curl (Barbell)",,"",2,"normal",24.5,10,,,
"Day UpperBody","22 Mar 2026, 04:32","22 Mar 2026, 05:48","","Bicep Curl (Barbell)",,"",3,"failure",24.5,7,,,
"Day UpperBody","22 Mar 2026, 04:32","22 Mar 2026, 05:48","","Lateral Raise (Dumbbell)",,"",0,"normal",9,10,,,
"Day UpperBody","22 Mar 2026, 04:32","22 Mar 2026, 05:48","","Lateral Raise (Dumbbell)",,"",1,"normal",9,10,,,
"Day UpperBody","22 Mar 2026, 04:32","22 Mar 2026, 05:48","","Lateral Raise (Dumbbell)",,"",2,"normal",9,10,,,
"Day UpperBody","22 Mar 2026, 04:32","22 Mar 2026, 05:48","","Lateral Raise (Dumbbell)",,"",3,"failure",9,8,,,
"Day UpperBody","22 Mar 2026, 04:32","22 Mar 2026, 05:48","","Diamond Push Up",,"",0,"failure",,16,,,
"Day UpperBody","13 Mar 2026, 05:09","13 Mar 2026, 06:11","","Lat Pulldown (Cable)",,"",0,"normal",42,10,,,
"Day UpperBody","13 Mar 2026, 05:09","13 Mar 2026, 06:11","","Lat Pulldown (Cable)",,"",1,"normal",42,10,,,
"Day UpperBody","13 Mar 2026, 05:09","13 Mar 2026, 06:11","","Lat Pulldown (Cable)",,"",2,"normal",36,10,,,
"Day UpperBody","13 Mar 2026, 05:09","13 Mar 2026, 06:11","","Lat Pulldown (Cable)",,"",3,"failure",36,8,,,
"Day UpperBody","13 Mar 2026, 05:09","13 Mar 2026, 06:11","","Chest Press (Machine)",,"",0,"normal",11,10,,,
"Day UpperBody","13 Mar 2026, 05:09","13 Mar 2026, 06:11","","Chest Press (Machine)",,"",1,"normal",51,10,,,
"Day UpperBody","13 Mar 2026, 05:09","13 Mar 2026, 06:11","","Chest Press (Machine)",,"",2,"normal",51,10,,,
"Day UpperBody","13 Mar 2026, 05:09","13 Mar 2026, 06:11","","Chest Press (Machine)",,"",3,"normal",51,10,,,
"Day UpperBody","13 Mar 2026, 05:09","13 Mar 2026, 06:11","","Chest Press (Machine)",,"",4,"failure",51,9,,,
"Day UpperBody","13 Mar 2026, 05:09","13 Mar 2026, 06:11","","Seated Cable Row - V Grip (Cable)",,"",0,"normal",48,10,,,
"Day UpperBody","13 Mar 2026, 05:09","13 Mar 2026, 06:11","","Seated Cable Row - V Grip (Cable)",,"",1,"normal",48,10,,,
"Day UpperBody","13 Mar 2026, 05:09","13 Mar 2026, 06:11","","Seated Cable Row - V Grip (Cable)",,"",2,"normal",48,10,,,
"Day UpperBody","13 Mar 2026, 05:09","13 Mar 2026, 06:11","","Seated Cable Row - V Grip (Cable)",,"",3,"failure",48,10,,,
"Day UpperBody","13 Mar 2026, 05:09","13 Mar 2026, 06:11","","Skullcrusher (Barbell)",,"",0,"normal",22,10,,,
"Day UpperBody","13 Mar 2026, 05:09","13 Mar 2026, 06:11","","Skullcrusher (Barbell)",,"",1,"normal",22,10,,,
"Day UpperBody","13 Mar 2026, 05:09","13 Mar 2026, 06:11","","Skullcrusher (Barbell)",,"",2,"normal",22,9,,,
"Day UpperBody","13 Mar 2026, 05:09","13 Mar 2026, 06:11","","Skullcrusher (Barbell)",,"",3,"failure",22,6,,,
"Day UpperBody","13 Mar 2026, 05:09","13 Mar 2026, 06:11","","Bicep Curl (Barbell)",,"",0,"normal",24.5,10,,,
"Day UpperBody","13 Mar 2026, 05:09","13 Mar 2026, 06:11","","Bicep Curl (Barbell)",,"",1,"normal",24.5,10,,,
"Day UpperBody","13 Mar 2026, 05:09","13 Mar 2026, 06:11","","Bicep Curl (Barbell)",,"",2,"normal",24.5,10,,,
"Day UpperBody","13 Mar 2026, 05:09","13 Mar 2026, 06:11","","Bicep Curl (Barbell)",,"",3,"failure",24.5,8,,,
"Day UpperBody","13 Mar 2026, 05:09","13 Mar 2026, 06:11","","Lateral Raise (Dumbbell)",,"",0,"normal",9,10,,,
"Day UpperBody","13 Mar 2026, 05:09","13 Mar 2026, 06:11","","Lateral Raise (Dumbbell)",,"",1,"normal",9,10,,,
"Day UpperBody","13 Mar 2026, 05:09","13 Mar 2026, 06:11","","Lateral Raise (Dumbbell)",,"",2,"normal",9,9,,,
"Day UpperBody","13 Mar 2026, 05:09","13 Mar 2026, 06:11","","Diamond Push Up",,"",0,"failure",,20,,,
"Day UpperBody","9 Mar 2026, 05:59","9 Mar 2026, 07:15","","Lat Pulldown (Cable)",,"",0,"normal",30,10,,,
"Day UpperBody","9 Mar 2026, 05:59","9 Mar 2026, 07:15","","Lat Pulldown (Cable)",,"",1,"normal",48,10,,,
"Day UpperBody","9 Mar 2026, 05:59","9 Mar 2026, 07:15","","Lat Pulldown (Cable)",,"",2,"normal",42,10,,,
"Day UpperBody","9 Mar 2026, 05:59","9 Mar 2026, 07:15","","Lat Pulldown (Cable)",,"",3,"normal",42,10,,,
"Day UpperBody","9 Mar 2026, 05:59","9 Mar 2026, 07:15","","Lat Pulldown (Cable)",,"",4,"failure",42,9,,,
"Day UpperBody","9 Mar 2026, 05:59","9 Mar 2026, 07:15","","Chest Press (Machine)",,"",0,"normal",11,10,,,
"Day UpperBody","9 Mar 2026, 05:59","9 Mar 2026, 07:15","","Chest Press (Machine)",,"",1,"normal",51,10,,,
"Day UpperBody","9 Mar 2026, 05:59","9 Mar 2026, 07:15","","Chest Press (Machine)",,"",2,"normal",51,10,,,
"Day UpperBody","9 Mar 2026, 05:59","9 Mar 2026, 07:15","","Chest Press (Machine)",,"",3,"normal",51,10,,,
"Day UpperBody","9 Mar 2026, 05:59","9 Mar 2026, 07:15","","Chest Press (Machine)",,"",4,"failure",51,10,,,
"Day UpperBody","9 Mar 2026, 05:59","9 Mar 2026, 07:15","","Seated Cable Row - V Grip (Cable)",,"",0,"normal",48,10,,,
"Day UpperBody","9 Mar 2026, 05:59","9 Mar 2026, 07:15","","Seated Cable Row - V Grip (Cable)",,"",1,"normal",48,10,,,
"Day UpperBody","9 Mar 2026, 05:59","9 Mar 2026, 07:15","","Seated Cable Row - V Grip (Cable)",,"",2,"normal",48,10,,,
"Day UpperBody","9 Mar 2026, 05:59","9 Mar 2026, 07:15","","Seated Cable Row - V Grip (Cable)",,"",3,"failure",48,9,,,
"Day UpperBody","9 Mar 2026, 05:59","9 Mar 2026, 07:15","","Skullcrusher (Barbell)",,"",0,"normal",22,10,,,
"Day UpperBody","9 Mar 2026, 05:59","9 Mar 2026, 07:15","","Skullcrusher (Barbell)",,"",1,"normal",22,10,,,
"Day UpperBody","9 Mar 2026, 05:59","9 Mar 2026, 07:15","","Skullcrusher (Barbell)",,"",2,"normal",22,8,,,
"Day UpperBody","9 Mar 2026, 05:59","9 Mar 2026, 07:15","","Skullcrusher (Barbell)",,"",3,"failure",22,8,,,
"Day UpperBody","9 Mar 2026, 05:59","9 Mar 2026, 07:15","","Bicep Curl (Barbell)",,"",0,"normal",22,10,,,
"Day UpperBody","9 Mar 2026, 05:59","9 Mar 2026, 07:15","","Bicep Curl (Barbell)",,"",1,"normal",22,10,,,
"Day UpperBody","9 Mar 2026, 05:59","9 Mar 2026, 07:15","","Bicep Curl (Barbell)",,"",2,"normal",22,10,,,
"Day UpperBody","9 Mar 2026, 05:59","9 Mar 2026, 07:15","","Bicep Curl (Barbell)",,"",3,"failure",22,11,,,
"Day UpperBody","9 Mar 2026, 05:59","9 Mar 2026, 07:15","","Lateral Raise (Dumbbell)",,"",0,"normal",9,10,,,
"Day UpperBody","9 Mar 2026, 05:59","9 Mar 2026, 07:15","","Lateral Raise (Dumbbell)",,"",1,"normal",9,10,,,
"Day UpperBody","9 Mar 2026, 05:59","9 Mar 2026, 07:15","","Lateral Raise (Dumbbell)",,"",2,"normal",9,10,,,
"Day UpperBody","9 Mar 2026, 05:59","9 Mar 2026, 07:15","","Lateral Raise (Dumbbell)",,"",3,"failure",9,10,,,
"Day UpperBody","4 Mar 2026, 05:31","4 Mar 2026, 06:37","","Chest Press (Machine)",,"",0,"normal",11,10,,,
"Day UpperBody","4 Mar 2026, 05:31","4 Mar 2026, 06:37","","Chest Press (Machine)",,"",1,"normal",51,10,,,
"Day UpperBody","4 Mar 2026, 05:31","4 Mar 2026, 06:37","","Chest Press (Machine)",,"",2,"normal",51,10,,,
"Day UpperBody","4 Mar 2026, 05:31","4 Mar 2026, 06:37","","Chest Press (Machine)",,"",3,"normal",51,10,,,
"Day UpperBody","4 Mar 2026, 05:31","4 Mar 2026, 06:37","","Chest Press (Machine)",,"",4,"failure",51,11,,,
"Day UpperBody","4 Mar 2026, 05:31","4 Mar 2026, 06:37","","Seated Cable Row - V Grip (Cable)",,"",0,"normal",48,10,,,
"Day UpperBody","4 Mar 2026, 05:31","4 Mar 2026, 06:37","","Seated Cable Row - V Grip (Cable)",,"",1,"normal",48,10,,,
"Day UpperBody","4 Mar 2026, 05:31","4 Mar 2026, 06:37","","Seated Cable Row - V Grip (Cable)",,"",2,"normal",48,10,,,
"Day UpperBody","4 Mar 2026, 05:31","4 Mar 2026, 06:37","","Seated Cable Row - V Grip (Cable)",,"",3,"failure",48,9,,,
"Day UpperBody","4 Mar 2026, 05:31","4 Mar 2026, 06:37","","Skullcrusher (Barbell)",,"",0,"normal",22,10,,,
"Day UpperBody","4 Mar 2026, 05:31","4 Mar 2026, 06:37","","Skullcrusher (Barbell)",,"",1,"normal",22,10,,,
"Day UpperBody","4 Mar 2026, 05:31","4 Mar 2026, 06:37","","Skullcrusher (Barbell)",,"",2,"normal",22,10,,,
"Day UpperBody","4 Mar 2026, 05:31","4 Mar 2026, 06:37","","Skullcrusher (Barbell)",,"",3,"failure",22,6,,,
"Day UpperBody","4 Mar 2026, 05:31","4 Mar 2026, 06:37","","Bicep Curl (Barbell)",,"",0,"normal",22,10,,,
"Day UpperBody","4 Mar 2026, 05:31","4 Mar 2026, 06:37","","Bicep Curl (Barbell)",,"",1,"normal",22,10,,,
"Day UpperBody","4 Mar 2026, 05:31","4 Mar 2026, 06:37","","Bicep Curl (Barbell)",,"",2,"normal",22,10,,,
"Day UpperBody","4 Mar 2026, 05:31","4 Mar 2026, 06:37","","Bicep Curl (Barbell)",,"",3,"failure",22,11,,,
"Day UpperBody","4 Mar 2026, 05:31","4 Mar 2026, 06:37","","Lateral Raise (Dumbbell)",,"",0,"normal",9,10,,,
"Day UpperBody","4 Mar 2026, 05:31","4 Mar 2026, 06:37","","Lateral Raise (Dumbbell)",,"",1,"normal",9,10,,,
"Day UpperBody","4 Mar 2026, 05:31","4 Mar 2026, 06:37","","Lateral Raise (Dumbbell)",,"",2,"normal",9,10,,,
"Day UpperBody","27 Feb 2026, 05:21","27 Feb 2026, 06:31","","Lat Pulldown (Cable)",,"",0,"normal",30,10,,,
"Day UpperBody","27 Feb 2026, 05:21","27 Feb 2026, 06:31","","Lat Pulldown (Cable)",,"",1,"normal",48,10,,,
"Day UpperBody","27 Feb 2026, 05:21","27 Feb 2026, 06:31","","Lat Pulldown (Cable)",,"",2,"normal",42,10,,,
"Day UpperBody","27 Feb 2026, 05:21","27 Feb 2026, 06:31","","Lat Pulldown (Cable)",,"",3,"normal",42,10,,,
"Day UpperBody","27 Feb 2026, 05:21","27 Feb 2026, 06:31","","Lat Pulldown (Cable)",,"",4,"failure",42,12,,,
"Day UpperBody","27 Feb 2026, 05:21","27 Feb 2026, 06:31","","Chest Press (Machine)",,"",0,"normal",51,10,,,
"Day UpperBody","27 Feb 2026, 05:21","27 Feb 2026, 06:31","","Chest Press (Machine)",,"",1,"normal",51,10,,,
"Day UpperBody","27 Feb 2026, 05:21","27 Feb 2026, 06:31","","Chest Press (Machine)",,"",2,"normal",51,10,,,
"Day UpperBody","27 Feb 2026, 05:21","27 Feb 2026, 06:31","","Chest Press (Machine)",,"",3,"normal",51,7,,,
"Day UpperBody","27 Feb 2026, 05:21","27 Feb 2026, 06:31","","Chest Press (Machine)",,"",4,"failure",31,13,,,
"Day UpperBody","27 Feb 2026, 05:21","27 Feb 2026, 06:31","","Seated Cable Row - V Grip (Cable)",,"",0,"normal",48,10,,,
"Day UpperBody","27 Feb 2026, 05:21","27 Feb 2026, 06:31","","Seated Cable Row - V Grip (Cable)",,"",1,"normal",48,10,,,
"Day UpperBody","27 Feb 2026, 05:21","27 Feb 2026, 06:31","","Seated Cable Row - V Grip (Cable)",,"",2,"normal",48,10,,,
"Day UpperBody","27 Feb 2026, 05:21","27 Feb 2026, 06:31","","Seated Cable Row - V Grip (Cable)",,"",3,"failure",48,10,,,
"Day UpperBody","27 Feb 2026, 05:21","27 Feb 2026, 06:31","","Skullcrusher (Barbell)",,"",0,"normal",22,10,,,
"Day UpperBody","27 Feb 2026, 05:21","27 Feb 2026, 06:31","","Skullcrusher (Barbell)",,"",1,"normal",22,10,,,
"Day UpperBody","27 Feb 2026, 05:21","27 Feb 2026, 06:31","","Skullcrusher (Barbell)",,"",2,"normal",22,9,,,
"Day UpperBody","27 Feb 2026, 05:21","27 Feb 2026, 06:31","","Skullcrusher (Barbell)",,"",3,"failure",22,7,,,
"Day UpperBody","27 Feb 2026, 05:21","27 Feb 2026, 06:31","","Bicep Curl (Barbell)",,"",0,"normal",22,10,,,
"Day UpperBody","27 Feb 2026, 05:21","27 Feb 2026, 06:31","","Bicep Curl (Barbell)",,"",1,"normal",22,10,,,
"Day UpperBody","27 Feb 2026, 05:21","27 Feb 2026, 06:31","","Bicep Curl (Barbell)",,"",2,"normal",22,10,,,
"Day UpperBody","27 Feb 2026, 05:21","27 Feb 2026, 06:31","","Bicep Curl (Barbell)",,"",3,"failure",22,10,,,
"Day UpperBody","27 Feb 2026, 05:21","27 Feb 2026, 06:31","","Lateral Raise (Dumbbell)",,"",0,"normal",9,10,,,
"Day UpperBody","27 Feb 2026, 05:21","27 Feb 2026, 06:31","","Lateral Raise (Dumbbell)",,"",1,"normal",9,10,,,
"Day UpperBody","27 Feb 2026, 05:21","27 Feb 2026, 06:31","","Lateral Raise (Dumbbell)",,"",2,"normal",9,10,,,
"Day UpperBody","27 Feb 2026, 05:21","27 Feb 2026, 06:31","","Lateral Raise (Dumbbell)",,"",3,"failure",9,10,,,
"Day UpperBody","27 Feb 2026, 05:21","27 Feb 2026, 06:31","","Diamond Push Up",,"",0,"failure",,15,,,
"Day UpperBody","25 Feb 2026, 05:17","25 Feb 2026, 06:21","","Lat Pulldown (Cable)",,"",0,"normal",30,10,,,
"Day UpperBody","25 Feb 2026, 05:17","25 Feb 2026, 06:21","","Lat Pulldown (Cable)",,"",1,"normal",48,10,,,
"Day UpperBody","25 Feb 2026, 05:17","25 Feb 2026, 06:21","","Lat Pulldown (Cable)",,"",2,"normal",42,10,,,
"Day UpperBody","25 Feb 2026, 05:17","25 Feb 2026, 06:21","","Lat Pulldown (Cable)",,"",3,"normal",42,9,,,
"Day UpperBody","25 Feb 2026, 05:17","25 Feb 2026, 06:21","","Lat Pulldown (Cable)",,"",4,"failure",36,12,,,
"Day UpperBody","25 Feb 2026, 05:17","25 Feb 2026, 06:21","","Chest Press (Machine)",,"",0,"normal",31,10,,,
"Day UpperBody","25 Feb 2026, 05:17","25 Feb 2026, 06:21","","Chest Press (Machine)",,"",1,"normal",51,10,,,
"Day UpperBody","25 Feb 2026, 05:17","25 Feb 2026, 06:21","","Chest Press (Machine)",,"",2,"normal",51,10,,,
"Day UpperBody","25 Feb 2026, 05:17","25 Feb 2026, 06:21","","Chest Press (Machine)",,"",3,"normal",51,10,,,
"Day UpperBody","25 Feb 2026, 05:17","25 Feb 2026, 06:21","","Chest Press (Machine)",,"",4,"failure",51,9,,,
"Day UpperBody","25 Feb 2026, 05:17","25 Feb 2026, 06:21","","Seated Cable Row - V Grip (Cable)",,"",0,"normal",48,10,,,
"Day UpperBody","25 Feb 2026, 05:17","25 Feb 2026, 06:21","","Seated Cable Row - V Grip (Cable)",,"",1,"normal",48,9,,,
"Day UpperBody","25 Feb 2026, 05:17","25 Feb 2026, 06:21","","Seated Cable Row - V Grip (Cable)",,"",2,"normal",42,10,,,
"Day UpperBody","25 Feb 2026, 05:17","25 Feb 2026, 06:21","","Seated Cable Row - V Grip (Cable)",,"",3,"failure",42,10,,,
"Day UpperBody","25 Feb 2026, 05:17","25 Feb 2026, 06:21","","Skullcrusher (Barbell)",,"",0,"normal",22,10,,,
"Day UpperBody","25 Feb 2026, 05:17","25 Feb 2026, 06:21","","Skullcrusher (Barbell)",,"",1,"normal",22,10,,,
"Day UpperBody","25 Feb 2026, 05:17","25 Feb 2026, 06:21","","Skullcrusher (Barbell)",,"",2,"normal",22,10,,,
"Day UpperBody","25 Feb 2026, 05:17","25 Feb 2026, 06:21","","Skullcrusher (Barbell)",,"",3,"failure",22,6,,,
"Day UpperBody","25 Feb 2026, 05:17","25 Feb 2026, 06:21","","Bicep Curl (Barbell)",,"",0,"normal",22,10,,,
"Day UpperBody","25 Feb 2026, 05:17","25 Feb 2026, 06:21","","Bicep Curl (Barbell)",,"",1,"normal",22,10,,,
"Day UpperBody","25 Feb 2026, 05:17","25 Feb 2026, 06:21","","Bicep Curl (Barbell)",,"",2,"normal",22,10,,,
"Day UpperBody","25 Feb 2026, 05:17","25 Feb 2026, 06:21","","Bicep Curl (Barbell)",,"",3,"failure",22,8,,,
"Day UpperBody","25 Feb 2026, 05:17","25 Feb 2026, 06:21","","Lateral Raise (Dumbbell)",,"",0,"normal",9,10,,,
"Day UpperBody","25 Feb 2026, 05:17","25 Feb 2026, 06:21","","Lateral Raise (Dumbbell)",,"",1,"normal",9,10,,,
"Day UpperBody","25 Feb 2026, 05:17","25 Feb 2026, 06:21","","Lateral Raise (Dumbbell)",,"",2,"normal",9,10,,,
"Day UpperBody","25 Feb 2026, 05:17","25 Feb 2026, 06:21","","Lateral Raise (Dumbbell)",,"",3,"failure",9,10,,,
"Day UpperBody","25 Feb 2026, 05:17","25 Feb 2026, 06:21","","Diamond Push Up",,"",0,"failure",,20,,,
"Day UpperBody","21 Feb 2026, 05:40","21 Feb 2026, 06:48","","Lat Pulldown (Cable)",,"",0,"normal",30,10,,,
"Day UpperBody","21 Feb 2026, 05:40","21 Feb 2026, 06:48","","Lat Pulldown (Cable)",,"",1,"normal",48,10,,,
"Day UpperBody","21 Feb 2026, 05:40","21 Feb 2026, 06:48","","Lat Pulldown (Cable)",,"",2,"normal",42,10,,,
"Day UpperBody","21 Feb 2026, 05:40","21 Feb 2026, 06:48","","Lat Pulldown (Cable)",,"",3,"normal",42,10,,,
"Day UpperBody","21 Feb 2026, 05:40","21 Feb 2026, 06:48","","Lat Pulldown (Cable)",,"",4,"failure",42,9,,,
"Day UpperBody","21 Feb 2026, 05:40","21 Feb 2026, 06:48","","Chest Press (Machine)",,"",0,"normal",11,10,,,
"Day UpperBody","21 Feb 2026, 05:40","21 Feb 2026, 06:48","","Chest Press (Machine)",,"",1,"normal",51,10,,,
"Day UpperBody","21 Feb 2026, 05:40","21 Feb 2026, 06:48","","Chest Press (Machine)",,"",2,"normal",51,10,,,
"Day UpperBody","21 Feb 2026, 05:40","21 Feb 2026, 06:48","","Chest Press (Machine)",,"",3,"normal",51,10,,,
"Day UpperBody","21 Feb 2026, 05:40","21 Feb 2026, 06:48","","Chest Press (Machine)",,"",4,"failure",51,10,,,
"Day UpperBody","21 Feb 2026, 05:40","21 Feb 2026, 06:48","","Seated Cable Row - V Grip (Cable)",,"",0,"normal",48,10,,,
"Day UpperBody","21 Feb 2026, 05:40","21 Feb 2026, 06:48","","Seated Cable Row - V Grip (Cable)",,"",1,"normal",48,10,,,
"Day UpperBody","21 Feb 2026, 05:40","21 Feb 2026, 06:48","","Seated Cable Row - V Grip (Cable)",,"",2,"normal",42,10,,,
"Day UpperBody","21 Feb 2026, 05:40","21 Feb 2026, 06:48","","Seated Cable Row - V Grip (Cable)",,"",3,"failure",42,14,,,
"Day UpperBody","21 Feb 2026, 05:40","21 Feb 2026, 06:48","","Skullcrusher (Barbell)",,"",0,"normal",22,10,,,
"Day UpperBody","21 Feb 2026, 05:40","21 Feb 2026, 06:48","","Skullcrusher (Barbell)",,"",1,"normal",22,10,,,
"Day UpperBody","21 Feb 2026, 05:40","21 Feb 2026, 06:48","","Skullcrusher (Barbell)",,"",2,"normal",22,10,,,
"Day UpperBody","21 Feb 2026, 05:40","21 Feb 2026, 06:48","","Skullcrusher (Barbell)",,"",3,"failure",22,5,,,
"Day UpperBody","21 Feb 2026, 05:40","21 Feb 2026, 06:48","","Bicep Curl (Barbell)",,"",0,"normal",22,10,,,
"Day UpperBody","21 Feb 2026, 05:40","21 Feb 2026, 06:48","","Bicep Curl (Barbell)",,"",1,"normal",22,10,,,
"Day UpperBody","21 Feb 2026, 05:40","21 Feb 2026, 06:48","","Bicep Curl (Barbell)",,"",2,"normal",22,10,,,
"Day UpperBody","21 Feb 2026, 05:40","21 Feb 2026, 06:48","","Bicep Curl (Barbell)",,"",3,"failure",22,9,,,
"Day UpperBody","21 Feb 2026, 05:40","21 Feb 2026, 06:48","","Lateral Raise (Dumbbell)",,"",0,"normal",9,10,,,
"Day UpperBody","21 Feb 2026, 05:40","21 Feb 2026, 06:48","","Lateral Raise (Dumbbell)",,"",1,"normal",9,10,,,
"Day UpperBody","21 Feb 2026, 05:40","21 Feb 2026, 06:48","","Lateral Raise (Dumbbell)",,"",2,"normal",9,10,,,
"Day UpperBody","21 Feb 2026, 05:40","21 Feb 2026, 06:48","","Lateral Raise (Dumbbell)",,"",3,"failure",9,9,,,
"Day UpperBody","21 Feb 2026, 05:40","21 Feb 2026, 06:48","","Diamond Push Up",,"",0,"failure",,20,,,
"Day UpperBody","18 Feb 2026, 04:12","18 Feb 2026, 05:14","","Lat Pulldown (Cable)",,"",0,"normal",30,10,,,
"Day UpperBody","18 Feb 2026, 04:12","18 Feb 2026, 05:14","","Lat Pulldown (Cable)",,"",1,"normal",42,10,,,
"Day UpperBody","18 Feb 2026, 04:12","18 Feb 2026, 05:14","","Lat Pulldown (Cable)",,"",2,"normal",42,10,,,
"Day UpperBody","18 Feb 2026, 04:12","18 Feb 2026, 05:14","","Lat Pulldown (Cable)",,"",3,"normal",42,9,,,
"Day UpperBody","18 Feb 2026, 04:12","18 Feb 2026, 05:14","","Lat Pulldown (Cable)",,"",4,"failure",42,6,,,
"Day UpperBody","18 Feb 2026, 04:12","18 Feb 2026, 05:14","","Chest Press (Machine)",,"",0,"normal",11,10,,,
"Day UpperBody","18 Feb 2026, 04:12","18 Feb 2026, 05:14","","Chest Press (Machine)",,"",1,"normal",51,10,,,
"Day UpperBody","18 Feb 2026, 04:12","18 Feb 2026, 05:14","","Chest Press (Machine)",,"",2,"normal",51,10,,,
"Day UpperBody","18 Feb 2026, 04:12","18 Feb 2026, 05:14","","Chest Press (Machine)",,"",3,"normal",51,10,,,
"Day UpperBody","18 Feb 2026, 04:12","18 Feb 2026, 05:14","","Chest Press (Machine)",,"",4,"failure",51,10,,,
"Day UpperBody","18 Feb 2026, 04:12","18 Feb 2026, 05:14","","Seated Cable Row - V Grip (Cable)",,"",0,"normal",48,10,,,
"Day UpperBody","18 Feb 2026, 04:12","18 Feb 2026, 05:14","","Seated Cable Row - V Grip (Cable)",,"",1,"normal",42,10,,,
"Day UpperBody","18 Feb 2026, 04:12","18 Feb 2026, 05:14","","Seated Cable Row - V Grip (Cable)",,"",2,"normal",42,10,,,
"Day UpperBody","18 Feb 2026, 04:12","18 Feb 2026, 05:14","","Seated Cable Row - V Grip (Cable)",,"",3,"failure",42,8,,,
"Day UpperBody","18 Feb 2026, 04:12","18 Feb 2026, 05:14","","Skullcrusher (Barbell)",,"",0,"normal",17,10,,,
"Day UpperBody","18 Feb 2026, 04:12","18 Feb 2026, 05:14","","Skullcrusher (Barbell)",,"",1,"normal",17,10,,,
"Day UpperBody","18 Feb 2026, 04:12","18 Feb 2026, 05:14","","Skullcrusher (Barbell)",,"",2,"normal",17,10,,,
"Day UpperBody","18 Feb 2026, 04:12","18 Feb 2026, 05:14","","Skullcrusher (Barbell)",,"",3,"failure",17,13,,,
"Day UpperBody","18 Feb 2026, 04:12","18 Feb 2026, 05:14","","Bicep Curl (Barbell)",,"",0,"normal",19.5,10,,,
"Day UpperBody","18 Feb 2026, 04:12","18 Feb 2026, 05:14","","Bicep Curl (Barbell)",,"",1,"normal",19.5,10,,,
"Day UpperBody","18 Feb 2026, 04:12","18 Feb 2026, 05:14","","Bicep Curl (Barbell)",,"",2,"normal",19.5,10,,,
"Day UpperBody","18 Feb 2026, 04:12","18 Feb 2026, 05:14","","Bicep Curl (Barbell)",,"",3,"failure",19.5,13,,,
"Day UpperBody","18 Feb 2026, 04:12","18 Feb 2026, 05:14","","Lateral Raise (Dumbbell)",,"",0,"normal",8,10,,,
"Day UpperBody","18 Feb 2026, 04:12","18 Feb 2026, 05:14","","Lateral Raise (Dumbbell)",,"",1,"normal",8,10,,,
"Day UpperBody","18 Feb 2026, 04:12","18 Feb 2026, 05:14","","Lateral Raise (Dumbbell)",,"",2,"normal",8,10,,,
"Day UpperBody","18 Feb 2026, 04:12","18 Feb 2026, 05:14","","Lateral Raise (Dumbbell)",,"",3,"failure",8,10,,,
"Day UpperBody","13 Feb 2026, 04:13","13 Feb 2026, 05:24","","Lat Pulldown (Cable)",,"",0,"normal",30,10,,,
"Day UpperBody","13 Feb 2026, 04:13","13 Feb 2026, 05:24","","Lat Pulldown (Cable)",,"",1,"normal",48,10,,,
"Day UpperBody","13 Feb 2026, 04:13","13 Feb 2026, 05:24","","Lat Pulldown (Cable)",,"",2,"normal",42,10,,,
"Day UpperBody","13 Feb 2026, 04:13","13 Feb 2026, 05:24","","Lat Pulldown (Cable)",,"",3,"normal",42,8,,,
"Day UpperBody","13 Feb 2026, 04:13","13 Feb 2026, 05:24","","Lat Pulldown (Cable)",,"",4,"failure",36,11,,,
"Day UpperBody","13 Feb 2026, 04:13","13 Feb 2026, 05:24","","Bench Press (Barbell)",,"",0,"normal",11,10,,,
"Day UpperBody","13 Feb 2026, 04:13","13 Feb 2026, 05:24","","Bench Press (Barbell)",,"",1,"normal",45,10,,,
"Day UpperBody","13 Feb 2026, 04:13","13 Feb 2026, 05:24","","Bench Press (Barbell)",,"",2,"normal",45,10,,,
"Day UpperBody","13 Feb 2026, 04:13","13 Feb 2026, 05:24","","Bench Press (Barbell)",,"",3,"normal",40,7,,,
"Day UpperBody","13 Feb 2026, 04:13","13 Feb 2026, 05:24","","Chest Press (Machine)",,"",0,"normal",11,10,,,
"Day UpperBody","13 Feb 2026, 04:13","13 Feb 2026, 05:24","","Chest Press (Machine)",,"",1,"normal",51,10,,,
"Day UpperBody","13 Feb 2026, 04:13","13 Feb 2026, 05:24","","Chest Press (Machine)",,"",2,"normal",51,10,,,
"Day UpperBody","13 Feb 2026, 04:13","13 Feb 2026, 05:24","","Chest Press (Machine)",,"",3,"normal",41,10,,,
"Day UpperBody","13 Feb 2026, 04:13","13 Feb 2026, 05:24","","Chest Press (Machine)",,"",4,"failure",41,10,,,
"Day UpperBody","13 Feb 2026, 04:13","13 Feb 2026, 05:24","","Seated Cable Row - V Grip (Cable)",,"",0,"normal",48,10,,,
"Day UpperBody","13 Feb 2026, 04:13","13 Feb 2026, 05:24","","Seated Cable Row - V Grip (Cable)",,"",1,"normal",48,10,,,
"Day UpperBody","13 Feb 2026, 04:13","13 Feb 2026, 05:24","","Seated Cable Row - V Grip (Cable)",,"",2,"normal",42,8,,,
"Day UpperBody","13 Feb 2026, 04:13","13 Feb 2026, 05:24","","Seated Cable Row - V Grip (Cable)",,"",3,"failure",42,9,,,
"Day UpperBody","13 Feb 2026, 04:13","13 Feb 2026, 05:24","","Skullcrusher (Barbell)",,"",0,"normal",22,10,,,
"Day UpperBody","13 Feb 2026, 04:13","13 Feb 2026, 05:24","","Skullcrusher (Barbell)",,"",1,"normal",22,9,,,
"Day UpperBody","13 Feb 2026, 04:13","13 Feb 2026, 05:24","","Skullcrusher (Barbell)",,"",2,"normal",22,5,,,
"Day UpperBody","13 Feb 2026, 04:13","13 Feb 2026, 05:24","","Skullcrusher (Barbell)",,"",3,"failure",22,5,,,
"Day UpperBody","13 Feb 2026, 04:13","13 Feb 2026, 05:24","","Bicep Curl (Barbell)",,"",0,"normal",22,10,,,
"Day UpperBody","13 Feb 2026, 04:13","13 Feb 2026, 05:24","","Bicep Curl (Barbell)",,"",1,"normal",22,10,,,
"Day UpperBody","13 Feb 2026, 04:13","13 Feb 2026, 05:24","","Bicep Curl (Barbell)",,"",2,"normal",22,10,,,
"Day UpperBody","13 Feb 2026, 04:13","13 Feb 2026, 05:24","","Bicep Curl (Barbell)",,"",3,"failure",22,9,,,
"Day UpperBody","13 Feb 2026, 04:13","13 Feb 2026, 05:24","","Lateral Raise (Dumbbell)",,"",0,"normal",8,10,,,
"Day UpperBody","13 Feb 2026, 04:13","13 Feb 2026, 05:24","","Lateral Raise (Dumbbell)",,"",1,"normal",8,10,,,
"Day UpperBody","13 Feb 2026, 04:13","13 Feb 2026, 05:24","","Lateral Raise (Dumbbell)",,"",2,"normal",8,10,,,
"Day UpperBody","13 Feb 2026, 04:13","13 Feb 2026, 05:24","","Lateral Raise (Dumbbell)",,"",3,"failure",8,10,,,
"Day UpperBody","13 Feb 2026, 04:13","13 Feb 2026, 05:24","","Diamond Push Up",,"",0,"failure",,10,,,
"Day UpperBody","11 Feb 2026, 04:05","11 Feb 2026, 05:17","","Lat Pulldown (Cable)",,"",0,"normal",30,10,,,
"Day UpperBody","11 Feb 2026, 04:05","11 Feb 2026, 05:17","","Lat Pulldown (Cable)",,"",1,"normal",48,10,,,
"Day UpperBody","11 Feb 2026, 04:05","11 Feb 2026, 05:17","","Lat Pulldown (Cable)",,"",2,"normal",42,10,,,
"Day UpperBody","11 Feb 2026, 04:05","11 Feb 2026, 05:17","","Lat Pulldown (Cable)",,"",3,"normal",42,10,,,
"Day UpperBody","11 Feb 2026, 04:05","11 Feb 2026, 05:17","","Lat Pulldown (Cable)",,"",4,"failure",42,9,,,
"Day UpperBody","11 Feb 2026, 04:05","11 Feb 2026, 05:17","","Chest Press (Machine)",,"",0,"normal",11,10,,,
"Day UpperBody","11 Feb 2026, 04:05","11 Feb 2026, 05:17","","Chest Press (Machine)",,"",1,"normal",51,10,,,
"Day UpperBody","11 Feb 2026, 04:05","11 Feb 2026, 05:17","","Chest Press (Machine)",,"",2,"normal",51,10,,,
"Day UpperBody","11 Feb 2026, 04:05","11 Feb 2026, 05:17","","Chest Press (Machine)",,"",3,"normal",51,10,,,
"Day UpperBody","11 Feb 2026, 04:05","11 Feb 2026, 05:17","","Chest Press (Machine)",,"",4,"failure",51,10,,,
"Day UpperBody","11 Feb 2026, 04:05","11 Feb 2026, 05:17","","Seated Cable Row - V Grip (Cable)",,"",0,"normal",48,10,,,
"Day UpperBody","11 Feb 2026, 04:05","11 Feb 2026, 05:17","","Seated Cable Row - V Grip (Cable)",,"",1,"normal",48,10,,,
"Day UpperBody","11 Feb 2026, 04:05","11 Feb 2026, 05:17","","Seated Cable Row - V Grip (Cable)",,"",2,"normal",48,8,,,
"Day UpperBody","11 Feb 2026, 04:05","11 Feb 2026, 05:17","","Seated Cable Row - V Grip (Cable)",,"",3,"failure",42,8,,,
"Day UpperBody","11 Feb 2026, 04:05","11 Feb 2026, 05:17","","Skullcrusher (Barbell)",,"",0,"normal",22,10,,,
"Day UpperBody","11 Feb 2026, 04:05","11 Feb 2026, 05:17","","Skullcrusher (Barbell)",,"",1,"normal",22,10,,,
"Day UpperBody","11 Feb 2026, 04:05","11 Feb 2026, 05:17","","Skullcrusher (Barbell)",,"",2,"normal",22,5,,,
"Day UpperBody","11 Feb 2026, 04:05","11 Feb 2026, 05:17","","Skullcrusher (Barbell)",,"",3,"failure",22,6,,,
"Day UpperBody","11 Feb 2026, 04:05","11 Feb 2026, 05:17","","Bicep Curl (Barbell)",,"",0,"normal",22,10,,,
"Day UpperBody","11 Feb 2026, 04:05","11 Feb 2026, 05:17","","Bicep Curl (Barbell)",,"",1,"normal",22,10,,,
"Day UpperBody","11 Feb 2026, 04:05","11 Feb 2026, 05:17","","Bicep Curl (Barbell)",,"",2,"normal",22,10,,,
"Day UpperBody","11 Feb 2026, 04:05","11 Feb 2026, 05:17","","Bicep Curl (Barbell)",,"",3,"failure",22,8,,,
"Day UpperBody","11 Feb 2026, 04:05","11 Feb 2026, 05:17","","Lateral Raise (Dumbbell)",,"",0,"normal",7,10,,,
"Day UpperBody","11 Feb 2026, 04:05","11 Feb 2026, 05:17","","Lateral Raise (Dumbbell)",,"",1,"normal",7,10,,,
"Day UpperBody","11 Feb 2026, 04:05","11 Feb 2026, 05:17","","Lateral Raise (Dumbbell)",,"",2,"normal",7,10,,,
"Day UpperBody","11 Feb 2026, 04:05","11 Feb 2026, 05:17","","Lateral Raise (Dumbbell)",,"",3,"failure",9,10,,,
"Day UpperBody","11 Feb 2026, 04:05","11 Feb 2026, 05:17","","Diamond Push Up",,"",0,"failure",,18,,,
"Day UpperBody","29 Jan 2026, 04:44","29 Jan 2026, 05:44","","Lat Pulldown (Cable)",,"",0,"normal",30,10,,,
"Day UpperBody","29 Jan 2026, 04:44","29 Jan 2026, 05:44","","Lat Pulldown (Cable)",,"",1,"normal",48,10,,,
"Day UpperBody","29 Jan 2026, 04:44","29 Jan 2026, 05:44","","Lat Pulldown (Cable)",,"",2,"normal",42,10,,,
"Day UpperBody","29 Jan 2026, 04:44","29 Jan 2026, 05:44","","Lat Pulldown (Cable)",,"",3,"normal",42,10,,,
"Day UpperBody","29 Jan 2026, 04:44","29 Jan 2026, 05:44","","Lat Pulldown (Cable)",,"",4,"failure",42,9,,,
"Day UpperBody","29 Jan 2026, 04:44","29 Jan 2026, 05:44","","Chest Press (Machine)",,"",0,"normal",11,10,,,
"Day UpperBody","29 Jan 2026, 04:44","29 Jan 2026, 05:44","","Chest Press (Machine)",,"",1,"normal",51,10,,,
"Day UpperBody","29 Jan 2026, 04:44","29 Jan 2026, 05:44","","Chest Press (Machine)",,"",2,"normal",51,10,,,
"Day UpperBody","29 Jan 2026, 04:44","29 Jan 2026, 05:44","","Chest Press (Machine)",,"",3,"normal",51,10,,,
"Day UpperBody","29 Jan 2026, 04:44","29 Jan 2026, 05:44","","Chest Press (Machine)",,"",4,"failure",51,8,,,
"Day UpperBody","29 Jan 2026, 04:44","29 Jan 2026, 05:44","","Seated Cable Row - V Grip (Cable)",,"",0,"normal",48,10,,,
"Day UpperBody","29 Jan 2026, 04:44","29 Jan 2026, 05:44","","Seated Cable Row - V Grip (Cable)",,"",1,"normal",48,10,,,
"Day UpperBody","29 Jan 2026, 04:44","29 Jan 2026, 05:44","","Seated Cable Row - V Grip (Cable)",,"",2,"normal",48,9,,,
"Day UpperBody","29 Jan 2026, 04:44","29 Jan 2026, 05:44","","Seated Cable Row - V Grip (Cable)",,"",3,"failure",48,8,,,
"Day UpperBody","29 Jan 2026, 04:44","29 Jan 2026, 05:44","","Skullcrusher (Barbell)",,"",0,"normal",22,10,,,
"Day UpperBody","29 Jan 2026, 04:44","29 Jan 2026, 05:44","","Skullcrusher (Barbell)",,"",1,"normal",22,10,,,
"Day UpperBody","29 Jan 2026, 04:44","29 Jan 2026, 05:44","","Skullcrusher (Barbell)",,"",2,"normal",22,8,,,
"Day UpperBody","29 Jan 2026, 04:44","29 Jan 2026, 05:44","","Skullcrusher (Barbell)",,"",3,"failure",22,5,,,
"Day UpperBody","29 Jan 2026, 04:44","29 Jan 2026, 05:44","","Bicep Curl (Barbell)",,"",0,"normal",22,10,,,
"Day UpperBody","29 Jan 2026, 04:44","29 Jan 2026, 05:44","","Bicep Curl (Barbell)",,"",1,"normal",22,10,,,
"Day UpperBody","29 Jan 2026, 04:44","29 Jan 2026, 05:44","","Bicep Curl (Barbell)",,"",2,"normal",22,10,,,
"Day UpperBody","29 Jan 2026, 04:44","29 Jan 2026, 05:44","","Bicep Curl (Barbell)",,"",3,"failure",22,9,,,
"Day UpperBody","29 Jan 2026, 04:44","29 Jan 2026, 05:44","","Lateral Raise (Dumbbell)",,"",0,"normal",8,10,,,
"Day UpperBody","29 Jan 2026, 04:44","29 Jan 2026, 05:44","","Lateral Raise (Dumbbell)",,"",1,"normal",8,10,,,
"Day UpperBody","29 Jan 2026, 04:44","29 Jan 2026, 05:44","","Lateral Raise (Dumbbell)",,"",2,"normal",8,10,,,
"Day UpperBody","29 Jan 2026, 04:44","29 Jan 2026, 05:44","","Lateral Raise (Dumbbell)",,"",3,"failure",8,10,,,
"Day UpperBody","29 Jan 2026, 04:44","29 Jan 2026, 05:44","","Diamond Push Up",,"",0,"failure",,12,,,
"Day UpperBody","27 Jan 2026, 05:23","27 Jan 2026, 06:31","","Lat Pulldown (Cable)",,"",0,"normal",30,10,,,
"Day UpperBody","27 Jan 2026, 05:23","27 Jan 2026, 06:31","","Lat Pulldown (Cable)",,"",1,"normal",48,10,,,
"Day UpperBody","27 Jan 2026, 05:23","27 Jan 2026, 06:31","","Lat Pulldown (Cable)",,"",2,"normal",42,10,,,
"Day UpperBody","27 Jan 2026, 05:23","27 Jan 2026, 06:31","","Lat Pulldown (Cable)",,"",3,"normal",42,10,,,
"Day UpperBody","27 Jan 2026, 05:23","27 Jan 2026, 06:31","","Lat Pulldown (Cable)",,"",4,"failure",42,9,,,
"Day UpperBody","27 Jan 2026, 05:23","27 Jan 2026, 06:31","","Lat Pulldown (Cable)",,"",5,"normal",30,7,,,
"Day UpperBody","27 Jan 2026, 05:23","27 Jan 2026, 06:31","","Bench Press (Barbell)",,"",0,"normal",11,10,,,
"Day UpperBody","27 Jan 2026, 05:23","27 Jan 2026, 06:31","","Chest Press (Machine)",,"",0,"normal",11,10,,,
"Day UpperBody","27 Jan 2026, 05:23","27 Jan 2026, 06:31","","Chest Press (Machine)",,"",1,"normal",51,10,,,
"Day UpperBody","27 Jan 2026, 05:23","27 Jan 2026, 06:31","","Chest Press (Machine)",,"",2,"normal",51,10,,,
"Day UpperBody","27 Jan 2026, 05:23","27 Jan 2026, 06:31","","Chest Press (Machine)",,"",3,"normal",51,10,,,
"Day UpperBody","27 Jan 2026, 05:23","27 Jan 2026, 06:31","","Chest Press (Machine)",,"",4,"failure",51,8,,,
"Day UpperBody","27 Jan 2026, 05:23","27 Jan 2026, 06:31","","Seated Cable Row - V Grip (Cable)",,"",0,"normal",48,10,,,
"Day UpperBody","27 Jan 2026, 05:23","27 Jan 2026, 06:31","","Seated Cable Row - V Grip (Cable)",,"",1,"normal",48,10,,,
"Day UpperBody","27 Jan 2026, 05:23","27 Jan 2026, 06:31","","Seated Cable Row - V Grip (Cable)",,"",2,"normal",48,10,,,
"Day UpperBody","27 Jan 2026, 05:23","27 Jan 2026, 06:31","","Seated Cable Row - V Grip (Cable)",,"",3,"failure",48,8,,,
"Day UpperBody","27 Jan 2026, 05:23","27 Jan 2026, 06:31","","Skullcrusher (Barbell)",,"",0,"normal",19.5,10,,,
"Day UpperBody","27 Jan 2026, 05:23","27 Jan 2026, 06:31","","Skullcrusher (Barbell)",,"",1,"normal",19.5,10,,,
"Day UpperBody","27 Jan 2026, 05:23","27 Jan 2026, 06:31","","Skullcrusher (Barbell)",,"",2,"normal",19.5,10,,,
"Day UpperBody","27 Jan 2026, 05:23","27 Jan 2026, 06:31","","Skullcrusher (Barbell)",,"",3,"failure",19.5,10,,,
"Day UpperBody","27 Jan 2026, 05:23","27 Jan 2026, 06:31","","Bicep Curl (Barbell)",,"",0,"normal",22,10,,,
"Day UpperBody","27 Jan 2026, 05:23","27 Jan 2026, 06:31","","Bicep Curl (Barbell)",,"",1,"normal",22,10,,,
"Day UpperBody","27 Jan 2026, 05:23","27 Jan 2026, 06:31","","Bicep Curl (Barbell)",,"",2,"normal",22,10,,,
"Day UpperBody","27 Jan 2026, 05:23","27 Jan 2026, 06:31","","Bicep Curl (Barbell)",,"",3,"failure",22,9,,,
"Day UpperBody","27 Jan 2026, 05:23","27 Jan 2026, 06:31","","Lateral Raise (Dumbbell)",,"",0,"normal",8,10,,,
"Day UpperBody","27 Jan 2026, 05:23","27 Jan 2026, 06:31","","Lateral Raise (Dumbbell)",,"",1,"normal",8,10,,,
"Day UpperBody","27 Jan 2026, 05:23","27 Jan 2026, 06:31","","Lateral Raise (Dumbbell)",,"",2,"normal",8,10,,,
"Day UpperBody","27 Jan 2026, 05:23","27 Jan 2026, 06:31","","Lateral Raise (Dumbbell)",,"",3,"failure",8,10,,,
"Day UpperBody","27 Jan 2026, 05:23","27 Jan 2026, 06:31","","Diamond Push Up",,"",0,"failure",,20,,,
"Day UpperBody","24 Jan 2026, 05:50","24 Jan 2026, 06:53","","Lat Pulldown (Cable)",,"",0,"normal",30,10,,,
"Day UpperBody","24 Jan 2026, 05:50","24 Jan 2026, 06:53","","Lat Pulldown (Cable)",,"",1,"normal",48,10,,,
"Day UpperBody","24 Jan 2026, 05:50","24 Jan 2026, 06:53","","Lat Pulldown (Cable)",,"",2,"normal",42,10,,,
"Day UpperBody","24 Jan 2026, 05:50","24 Jan 2026, 06:53","","Lat Pulldown (Cable)",,"",3,"normal",42,10,,,
"Day UpperBody","24 Jan 2026, 05:50","24 Jan 2026, 06:53","","Lat Pulldown (Cable)",,"",4,"failure",42,9,,,
"Day UpperBody","24 Jan 2026, 05:50","24 Jan 2026, 06:53","","Bench Press (Barbell)",,"",0,"normal",20,10,,,
"Day UpperBody","24 Jan 2026, 05:50","24 Jan 2026, 06:53","","Bench Press (Barbell)",,"",1,"normal",45,10,,,
"Day UpperBody","24 Jan 2026, 05:50","24 Jan 2026, 06:53","","Bench Press (Barbell)",,"",2,"normal",45,10,,,
"Day UpperBody","24 Jan 2026, 05:50","24 Jan 2026, 06:53","","Bench Press (Barbell)",,"",3,"failure",45,7,,,
"Day UpperBody","24 Jan 2026, 05:50","24 Jan 2026, 06:53","","Bench Press (Barbell)",,"",4,"failure",40,7,,,
"Day UpperBody","24 Jan 2026, 05:50","24 Jan 2026, 06:53","","Seated Cable Row - V Grip (Cable)",,"",0,"normal",48,10,,,
"Day UpperBody","24 Jan 2026, 05:50","24 Jan 2026, 06:53","","Seated Cable Row - V Grip (Cable)",,"",1,"normal",48,10,,,
"Day UpperBody","24 Jan 2026, 05:50","24 Jan 2026, 06:53","","Seated Cable Row - V Grip (Cable)",,"",2,"normal",48,10,,,
"Day UpperBody","24 Jan 2026, 05:50","24 Jan 2026, 06:53","","Seated Cable Row - V Grip (Cable)",,"",3,"failure",48,9,,,
"Day UpperBody","24 Jan 2026, 05:50","24 Jan 2026, 06:53","","Skullcrusher (Barbell)",,"",0,"normal",17,10,,,
"Day UpperBody","24 Jan 2026, 05:50","24 Jan 2026, 06:53","","Skullcrusher (Barbell)",,"",1,"normal",17,10,,,
"Day UpperBody","24 Jan 2026, 05:50","24 Jan 2026, 06:53","","Skullcrusher (Barbell)",,"",2,"normal",17,10,,,
"Day UpperBody","24 Jan 2026, 05:50","24 Jan 2026, 06:53","","Skullcrusher (Barbell)",,"",3,"failure",17,10,,,
"Day UpperBody","24 Jan 2026, 05:50","24 Jan 2026, 06:53","","Bicep Curl (Barbell)",,"",0,"normal",22,10,,,
"Day UpperBody","24 Jan 2026, 05:50","24 Jan 2026, 06:53","","Bicep Curl (Barbell)",,"",1,"normal",22,10,,,
"Day UpperBody","24 Jan 2026, 05:50","24 Jan 2026, 06:53","","Bicep Curl (Barbell)",,"",2,"normal",22,10,,,
"Day UpperBody","24 Jan 2026, 05:50","24 Jan 2026, 06:53","","Bicep Curl (Barbell)",,"",3,"failure",22,9,,,
"Day UpperBody","24 Jan 2026, 05:50","24 Jan 2026, 06:53","","Lateral Raise (Dumbbell)",,"",0,"normal",8,10,,,
"Day UpperBody","24 Jan 2026, 05:50","24 Jan 2026, 06:53","","Lateral Raise (Dumbbell)",,"",1,"normal",8,10,,,
"Day UpperBody","24 Jan 2026, 05:50","24 Jan 2026, 06:53","","Lateral Raise (Dumbbell)",,"",2,"normal",8,10,,,
"Day UpperBody","24 Jan 2026, 05:50","24 Jan 2026, 06:53","","Lateral Raise (Dumbbell)",,"",3,"failure",8,9,,,
"Day UpperBody","24 Jan 2026, 05:50","24 Jan 2026, 06:53","","Diamond Push Up",,"",0,"failure",,16,,,
"Day UpperBody","22 Jan 2026, 05:30","22 Jan 2026, 06:39","","Lat Pulldown (Cable)",,"",0,"normal",24,10,,,
"Day UpperBody","22 Jan 2026, 05:30","22 Jan 2026, 06:39","","Lat Pulldown (Cable)",,"",1,"normal",42,10,,,
"Day UpperBody","22 Jan 2026, 05:30","22 Jan 2026, 06:39","","Lat Pulldown (Cable)",,"",2,"normal",42,10,,,
"Day UpperBody","22 Jan 2026, 05:30","22 Jan 2026, 06:39","","Lat Pulldown (Cable)",,"",3,"normal",42,10,,,
"Day UpperBody","22 Jan 2026, 05:30","22 Jan 2026, 06:39","","Lat Pulldown (Cable)",,"",4,"failure",42,9,,,
"Day UpperBody","22 Jan 2026, 05:30","22 Jan 2026, 06:39","","Lat Pulldown (Cable)",,"",5,"failure",30,12,,,
"Day UpperBody","22 Jan 2026, 05:30","22 Jan 2026, 06:39","","Chest Press (Machine)",,"",0,"normal",51,10,,,
"Day UpperBody","22 Jan 2026, 05:30","22 Jan 2026, 06:39","","Chest Press (Machine)",,"",1,"normal",51,10,,,
"Day UpperBody","22 Jan 2026, 05:30","22 Jan 2026, 06:39","","Chest Press (Machine)",,"",2,"normal",51,10,,,
"Day UpperBody","22 Jan 2026, 05:30","22 Jan 2026, 06:39","","Chest Press (Machine)",,"",3,"normal",51,6,,,
"Day UpperBody","22 Jan 2026, 05:30","22 Jan 2026, 06:39","","Seated Cable Row - V Grip (Cable)",,"",0,"normal",48,10,,,
"Day UpperBody","22 Jan 2026, 05:30","22 Jan 2026, 06:39","","Seated Cable Row - V Grip (Cable)",,"",1,"normal",48,10,,,
"Day UpperBody","22 Jan 2026, 05:30","22 Jan 2026, 06:39","","Seated Cable Row - V Grip (Cable)",,"",2,"normal",48,9,,,
"Day UpperBody","22 Jan 2026, 05:30","22 Jan 2026, 06:39","","Seated Cable Row - V Grip (Cable)",,"",3,"failure",48,7,,,
"Day UpperBody","22 Jan 2026, 05:30","22 Jan 2026, 06:39","","Skullcrusher (Barbell)",,"",0,"normal",17,10,,,
"Day UpperBody","22 Jan 2026, 05:30","22 Jan 2026, 06:39","","Skullcrusher (Barbell)",,"",1,"normal",17,10,,,
"Day UpperBody","22 Jan 2026, 05:30","22 Jan 2026, 06:39","","Skullcrusher (Barbell)",,"",2,"normal",17,10,,,
"Day UpperBody","22 Jan 2026, 05:30","22 Jan 2026, 06:39","","Skullcrusher (Barbell)",,"",3,"failure",17,11,,,
"Day UpperBody","22 Jan 2026, 05:30","22 Jan 2026, 06:39","","Bicep Curl (Barbell)",,"",0,"normal",22,10,,,
"Day UpperBody","22 Jan 2026, 05:30","22 Jan 2026, 06:39","","Bicep Curl (Barbell)",,"",1,"normal",22,10,,,
"Day UpperBody","22 Jan 2026, 05:30","22 Jan 2026, 06:39","","Bicep Curl (Barbell)",,"",2,"normal",22,10,,,
"Day UpperBody","22 Jan 2026, 05:30","22 Jan 2026, 06:39","","Bicep Curl (Barbell)",,"",3,"failure",22,10,,,
"Day UpperBody","22 Jan 2026, 05:30","22 Jan 2026, 06:39","","Lateral Raise (Dumbbell)",,"",0,"normal",9,10,,,
"Day UpperBody","22 Jan 2026, 05:30","22 Jan 2026, 06:39","","Lateral Raise (Dumbbell)",,"",1,"normal",9,10,,,
"Day UpperBody","22 Jan 2026, 05:30","22 Jan 2026, 06:39","","Lateral Raise (Dumbbell)",,"",2,"normal",9,10,,,
"Day UpperBody","22 Jan 2026, 05:30","22 Jan 2026, 06:39","","Lateral Raise (Dumbbell)",,"",3,"failure",9,9,,,
"Day UpperBody","22 Jan 2026, 05:30","22 Jan 2026, 06:39","","Diamond Push Up",,"",0,"failure",,19,,,
"Day UpperBody","20 Jan 2026, 05:17","20 Jan 2026, 06:16","","Lat Pulldown (Cable)",,"",0,"normal",24,10,,,
"Day UpperBody","20 Jan 2026, 05:17","20 Jan 2026, 06:16","","Lat Pulldown (Cable)",,"",1,"normal",42,10,,,
"Day UpperBody","20 Jan 2026, 05:17","20 Jan 2026, 06:16","","Lat Pulldown (Cable)",,"",2,"normal",42,10,,,
"Day UpperBody","20 Jan 2026, 05:17","20 Jan 2026, 06:16","","Lat Pulldown (Cable)",,"",3,"normal",42,10,,,
"Day UpperBody","20 Jan 2026, 05:17","20 Jan 2026, 06:16","","Lat Pulldown (Cable)",,"",4,"failure",42,9,,,
"Day UpperBody","20 Jan 2026, 05:17","20 Jan 2026, 06:16","","Chest Press (Machine)",,"",0,"normal",11,10,,,
"Day UpperBody","20 Jan 2026, 05:17","20 Jan 2026, 06:16","","Chest Press (Machine)",,"",1,"normal",41,10,,,
"Day UpperBody","20 Jan 2026, 05:17","20 Jan 2026, 06:16","","Chest Press (Machine)",,"",2,"normal",41,10,,,
"Day UpperBody","20 Jan 2026, 05:17","20 Jan 2026, 06:16","","Chest Press (Machine)",,"",3,"normal",41,10,,,
"Day UpperBody","20 Jan 2026, 05:17","20 Jan 2026, 06:16","","Chest Press (Machine)",,"",4,"failure",51,10,,,
"Day UpperBody","20 Jan 2026, 05:17","20 Jan 2026, 06:16","","Seated Cable Row - V Grip (Cable)",,"",0,"normal",48,10,,,
"Day UpperBody","20 Jan 2026, 05:17","20 Jan 2026, 06:16","","Seated Cable Row - V Grip (Cable)",,"",1,"normal",48,10,,,
"Day UpperBody","20 Jan 2026, 05:17","20 Jan 2026, 06:16","","Seated Cable Row - V Grip (Cable)",,"",2,"normal",48,10,,,
"Day UpperBody","20 Jan 2026, 05:17","20 Jan 2026, 06:16","","Seated Cable Row - V Grip (Cable)",,"",3,"failure",48,9,,,
"Day UpperBody","20 Jan 2026, 05:17","20 Jan 2026, 06:16","","Skullcrusher (Barbell)",,"",0,"normal",17,10,,,
"Day UpperBody","20 Jan 2026, 05:17","20 Jan 2026, 06:16","","Skullcrusher (Barbell)",,"",1,"normal",17,10,,,
"Day UpperBody","20 Jan 2026, 05:17","20 Jan 2026, 06:16","","Skullcrusher (Barbell)",,"",2,"normal",17,10,,,
"Day UpperBody","20 Jan 2026, 05:17","20 Jan 2026, 06:16","","Skullcrusher (Barbell)",,"",3,"failure",17,11,,,
"Day UpperBody","20 Jan 2026, 05:17","20 Jan 2026, 06:16","","Bicep Curl (Barbell)",,"",0,"normal",22,10,,,
"Day UpperBody","20 Jan 2026, 05:17","20 Jan 2026, 06:16","","Bicep Curl (Barbell)",,"",1,"normal",22,10,,,
"Day UpperBody","20 Jan 2026, 05:17","20 Jan 2026, 06:16","","Bicep Curl (Barbell)",,"",2,"normal",22,10,,,
"Day UpperBody","20 Jan 2026, 05:17","20 Jan 2026, 06:16","","Bicep Curl (Barbell)",,"",3,"failure",22,9,,,
"Day UpperBody","20 Jan 2026, 05:17","20 Jan 2026, 06:16","","Lateral Raise (Dumbbell)",,"",0,"normal",8,10,,,
"Day UpperBody","20 Jan 2026, 05:17","20 Jan 2026, 06:16","","Lateral Raise (Dumbbell)",,"",1,"normal",8,10,,,
"Day UpperBody","20 Jan 2026, 05:17","20 Jan 2026, 06:16","","Lateral Raise (Dumbbell)",,"",2,"normal",8,10,,,
"Day UpperBody","20 Jan 2026, 05:17","20 Jan 2026, 06:16","","Lateral Raise (Dumbbell)",,"",3,"failure",8,9,,,
"Day UpperBody","20 Jan 2026, 05:17","20 Jan 2026, 06:16","","Diamond Push Up",,"",0,"failure",,20,,,
"Day UpperBody","17 Jan 2026, 05:35","17 Jan 2026, 06:40","","Lat Pulldown (Cable)",,"",0,"normal",24,10,,,
"Day UpperBody","17 Jan 2026, 05:35","17 Jan 2026, 06:40","","Lat Pulldown (Cable)",,"",1,"normal",42,10,,,
"Day UpperBody","17 Jan 2026, 05:35","17 Jan 2026, 06:40","","Lat Pulldown (Cable)",,"",2,"normal",42,10,,,
"Day UpperBody","17 Jan 2026, 05:35","17 Jan 2026, 06:40","","Lat Pulldown (Cable)",,"",3,"normal",42,10,,,
"Day UpperBody","17 Jan 2026, 05:35","17 Jan 2026, 06:40","","Lat Pulldown (Cable)",,"",4,"failure",42,9,,,
"Day UpperBody","17 Jan 2026, 05:35","17 Jan 2026, 06:40","","Bench Press (Barbell)",,"",0,"normal",20,10,,,
"Day UpperBody","17 Jan 2026, 05:35","17 Jan 2026, 06:40","","Bench Press (Barbell)",,"",1,"normal",45,10,,,
"Day UpperBody","17 Jan 2026, 05:35","17 Jan 2026, 06:40","","Bench Press (Barbell)",,"",2,"normal",45,10,,,
"Day UpperBody","17 Jan 2026, 05:35","17 Jan 2026, 06:40","","Bench Press (Barbell)",,"",3,"failure",40,10,,,
"Day UpperBody","17 Jan 2026, 05:35","17 Jan 2026, 06:40","","Bench Press (Barbell)",,"",4,"failure",40,10,,,
"Day UpperBody","17 Jan 2026, 05:35","17 Jan 2026, 06:40","","Seated Cable Row - V Grip (Cable)",,"",0,"normal",48,10,,,
"Day UpperBody","17 Jan 2026, 05:35","17 Jan 2026, 06:40","","Seated Cable Row - V Grip (Cable)",,"",1,"normal",48,9,,,
"Day UpperBody","17 Jan 2026, 05:35","17 Jan 2026, 06:40","","Seated Cable Row - V Grip (Cable)",,"",2,"normal",42,10,,,
"Day UpperBody","17 Jan 2026, 05:35","17 Jan 2026, 06:40","","Seated Cable Row - V Grip (Cable)",,"",3,"failure",42,10,,,
"Day UpperBody","17 Jan 2026, 05:35","17 Jan 2026, 06:40","","Skullcrusher (Barbell)",,"",0,"normal",17,10,,,
"Day UpperBody","17 Jan 2026, 05:35","17 Jan 2026, 06:40","","Skullcrusher (Barbell)",,"",1,"normal",17,10,,,
"Day UpperBody","17 Jan 2026, 05:35","17 Jan 2026, 06:40","","Skullcrusher (Barbell)",,"",2,"normal",17,10,,,
"Day UpperBody","17 Jan 2026, 05:35","17 Jan 2026, 06:40","","Skullcrusher (Barbell)",,"",3,"failure",17,9,,,
"Day UpperBody","17 Jan 2026, 05:35","17 Jan 2026, 06:40","","Bicep Curl (Barbell)",,"",0,"normal",22,10,,,
"Day UpperBody","17 Jan 2026, 05:35","17 Jan 2026, 06:40","","Bicep Curl (Barbell)",,"",1,"normal",22,10,,,
"Day UpperBody","17 Jan 2026, 05:35","17 Jan 2026, 06:40","","Bicep Curl (Barbell)",,"",2,"normal",22,10,,,
"Day UpperBody","17 Jan 2026, 05:35","17 Jan 2026, 06:40","","Bicep Curl (Barbell)",,"",3,"failure",22,8,,,
"Day UpperBody","17 Jan 2026, 05:35","17 Jan 2026, 06:40","","Lateral Raise (Dumbbell)",,"",0,"normal",8,10,,,
"Day UpperBody","17 Jan 2026, 05:35","17 Jan 2026, 06:40","","Lateral Raise (Dumbbell)",,"",1,"normal",8,10,,,
"Day UpperBody","17 Jan 2026, 05:35","17 Jan 2026, 06:40","","Lateral Raise (Dumbbell)",,"",2,"normal",8,10,,,
"Day UpperBody","17 Jan 2026, 05:35","17 Jan 2026, 06:40","","Lateral Raise (Dumbbell)",,"",3,"failure",8,10,,,
"Day UpperBody","17 Jan 2026, 05:35","17 Jan 2026, 06:40","","Diamond Push Up",,"",0,"failure",,18,,,
"Day UpperBody","15 Jan 2026, 04:28","15 Jan 2026, 05:38","","Lat Pulldown (Cable)",,"",0,"normal",24,10,,,
"Day UpperBody","15 Jan 2026, 04:28","15 Jan 2026, 05:38","","Lat Pulldown (Cable)",,"",1,"normal",42,10,,,
"Day UpperBody","15 Jan 2026, 04:28","15 Jan 2026, 05:38","","Lat Pulldown (Cable)",,"",2,"normal",42,10,,,
"Day UpperBody","15 Jan 2026, 04:28","15 Jan 2026, 05:38","","Lat Pulldown (Cable)",,"",3,"normal",42,10,,,
"Day UpperBody","15 Jan 2026, 04:28","15 Jan 2026, 05:38","","Lat Pulldown (Cable)",,"",4,"normal",42,10,,,
"Day UpperBody","15 Jan 2026, 04:28","15 Jan 2026, 05:38","","Chest Press (Machine)",,"",0,"normal",40,10,,,
"Day UpperBody","15 Jan 2026, 04:28","15 Jan 2026, 05:38","","Chest Press (Machine)",,"",1,"normal",40,10,,,
"Day UpperBody","15 Jan 2026, 04:28","15 Jan 2026, 05:38","","Chest Press (Machine)",,"",2,"normal",40,10,,,
"Day UpperBody","15 Jan 2026, 04:28","15 Jan 2026, 05:38","","Chest Press (Machine)",,"",3,"normal",40,12,,,
"Day UpperBody","15 Jan 2026, 04:28","15 Jan 2026, 05:38","","Seated Cable Row - V Grip (Cable)",,"",0,"normal",48,10,,,
"Day UpperBody","15 Jan 2026, 04:28","15 Jan 2026, 05:38","","Seated Cable Row - V Grip (Cable)",,"",1,"normal",48,10,,,
"Day UpperBody","15 Jan 2026, 04:28","15 Jan 2026, 05:38","","Seated Cable Row - V Grip (Cable)",,"",2,"normal",48,10,,,
"Day UpperBody","15 Jan 2026, 04:28","15 Jan 2026, 05:38","","Seated Cable Row - V Grip (Cable)",,"",3,"failure",42,12,,,
"Day UpperBody","15 Jan 2026, 04:28","15 Jan 2026, 05:38","","Skullcrusher (Barbell)",,"",0,"normal",17,10,,,
"Day UpperBody","15 Jan 2026, 04:28","15 Jan 2026, 05:38","","Skullcrusher (Barbell)",,"",1,"normal",17,10,,,
"Day UpperBody","15 Jan 2026, 04:28","15 Jan 2026, 05:38","","Skullcrusher (Barbell)",,"",2,"normal",17,10,,,
"Day UpperBody","15 Jan 2026, 04:28","15 Jan 2026, 05:38","","Skullcrusher (Barbell)",,"",3,"failure",17,9,,,
"Day UpperBody","15 Jan 2026, 04:28","15 Jan 2026, 05:38","","Bicep Curl (Barbell)",,"",0,"normal",19.5,10,,,
"Day UpperBody","15 Jan 2026, 04:28","15 Jan 2026, 05:38","","Bicep Curl (Barbell)",,"",1,"normal",19.5,10,,,
"Day UpperBody","15 Jan 2026, 04:28","15 Jan 2026, 05:38","","Bicep Curl (Barbell)",,"",2,"normal",19.5,10,,,
"Day UpperBody","15 Jan 2026, 04:28","15 Jan 2026, 05:38","","Bicep Curl (Barbell)",,"",3,"failure",19.5,12,,,
"Day UpperBody","15 Jan 2026, 04:28","15 Jan 2026, 05:38","","Lateral Raise (Dumbbell)",,"",0,"normal",8,10,,,
"Day UpperBody","15 Jan 2026, 04:28","15 Jan 2026, 05:38","","Lateral Raise (Dumbbell)",,"",1,"normal",8,10,,,
"Day UpperBody","15 Jan 2026, 04:28","15 Jan 2026, 05:38","","Lateral Raise (Dumbbell)",,"",2,"normal",8,10,,,
"Day UpperBody","15 Jan 2026, 04:28","15 Jan 2026, 05:38","","Lateral Raise (Dumbbell)",,"",3,"failure",8,10,,,
"Day UpperBody","15 Jan 2026, 04:28","15 Jan 2026, 05:38","","Diamond Push Up",,"",0,"failure",,15,,,
"Day UpperBody","13 Jan 2026, 05:26","13 Jan 2026, 06:23","","Bench Press (Barbell)",,"",0,"normal",20,10,,,
"Day UpperBody","13 Jan 2026, 05:26","13 Jan 2026, 06:23","","Bench Press (Barbell)",,"",1,"normal",45,10,,,
"Day UpperBody","13 Jan 2026, 05:26","13 Jan 2026, 06:23","","Bench Press (Barbell)",,"",2,"normal",45,10,,,
"Day UpperBody","13 Jan 2026, 05:26","13 Jan 2026, 06:23","","Bench Press (Barbell)",,"",3,"failure",45,8,,,
"Day UpperBody","13 Jan 2026, 05:26","13 Jan 2026, 06:23","","Bench Press (Barbell)",,"",4,"failure",40,10,,,
"Day UpperBody","13 Jan 2026, 05:26","13 Jan 2026, 06:23","","Seated Cable Row - V Grip (Cable)",,"",0,"normal",18,10,,,
"Day UpperBody","13 Jan 2026, 05:26","13 Jan 2026, 06:23","","Seated Cable Row - V Grip (Cable)",,"",1,"normal",48,10,,,
"Day UpperBody","13 Jan 2026, 05:26","13 Jan 2026, 06:23","","Seated Cable Row - V Grip (Cable)",,"",2,"normal",48,10,,,
"Day UpperBody","13 Jan 2026, 05:26","13 Jan 2026, 06:23","","Seated Cable Row - V Grip (Cable)",,"",3,"failure",48,10,,,
"Day UpperBody","13 Jan 2026, 05:26","13 Jan 2026, 06:23","","Seated Cable Row - V Grip (Cable)",,"",4,"failure",48,8,,,
"Day UpperBody","13 Jan 2026, 05:26","13 Jan 2026, 06:23","","Skullcrusher (Barbell)",,"",0,"normal",17,10,,,
"Day UpperBody","13 Jan 2026, 05:26","13 Jan 2026, 06:23","","Skullcrusher (Barbell)",,"",1,"normal",17,10,,,
"Day UpperBody","13 Jan 2026, 05:26","13 Jan 2026, 06:23","","Skullcrusher (Barbell)",,"",2,"normal",17,10,,,
"Day UpperBody","13 Jan 2026, 05:26","13 Jan 2026, 06:23","","Skullcrusher (Barbell)",,"",3,"failure",17,9,,,
"Day UpperBody","13 Jan 2026, 05:26","13 Jan 2026, 06:23","","Bicep Curl (Barbell)",,"",0,"normal",19.5,10,,,
"Day UpperBody","13 Jan 2026, 05:26","13 Jan 2026, 06:23","","Bicep Curl (Barbell)",,"",1,"normal",19.5,10,,,
"Day UpperBody","13 Jan 2026, 05:26","13 Jan 2026, 06:23","","Bicep Curl (Barbell)",,"",2,"normal",19.5,10,,,
"Day UpperBody","13 Jan 2026, 05:26","13 Jan 2026, 06:23","","Bicep Curl (Barbell)",,"",3,"failure",19.5,9,,,
"Day UpperBody","13 Jan 2026, 05:26","13 Jan 2026, 06:23","","Lateral Raise (Dumbbell)",,"",0,"normal",8,10,,,
"Day UpperBody","13 Jan 2026, 05:26","13 Jan 2026, 06:23","","Lateral Raise (Dumbbell)",,"",1,"normal",8,10,,,
"Day UpperBody","13 Jan 2026, 05:26","13 Jan 2026, 06:23","","Lateral Raise (Dumbbell)",,"",2,"normal",8,9,,,
"Day UpperBody","13 Jan 2026, 05:26","13 Jan 2026, 06:23","","Lateral Raise (Dumbbell)",,"",3,"failure",7,11,,,
"Day UpperBody","13 Jan 2026, 05:26","13 Jan 2026, 06:23","","Diamond Push Up",,"",0,"failure",,17,,,
"Day UpperBody","19 Dec 2025, 09:27","19 Dec 2025, 10:35","","Lat Pulldown (Cable)",,"",0,"normal",24,10,,,
"Day UpperBody","19 Dec 2025, 09:27","19 Dec 2025, 10:35","","Lat Pulldown (Cable)",,"",1,"normal",42,10,,,
"Day UpperBody","19 Dec 2025, 09:27","19 Dec 2025, 10:35","","Lat Pulldown (Cable)",,"",2,"normal",42,10,,,
"Day UpperBody","19 Dec 2025, 09:27","19 Dec 2025, 10:35","","Lat Pulldown (Cable)",,"",3,"normal",42,10,,,
"Day UpperBody","19 Dec 2025, 09:27","19 Dec 2025, 10:35","","Lat Pulldown (Cable)",,"",4,"normal",42,9,,,
"Day UpperBody","19 Dec 2025, 09:27","19 Dec 2025, 10:35","","Bench Press (Barbell)",,"",0,"normal",20,10,,,
"Day UpperBody","19 Dec 2025, 09:27","19 Dec 2025, 10:35","","Bench Press (Barbell)",,"",1,"normal",45,10,,,
"Day UpperBody","19 Dec 2025, 09:27","19 Dec 2025, 10:35","","Bench Press (Barbell)",,"",2,"normal",45,10,,,
"Day UpperBody","19 Dec 2025, 09:27","19 Dec 2025, 10:35","","Bench Press (Barbell)",,"",3,"normal",40,10,,,
"Day UpperBody","19 Dec 2025, 09:27","19 Dec 2025, 10:35","","Bench Press (Barbell)",,"",4,"failure",40,10,,,
"Day UpperBody","19 Dec 2025, 09:27","19 Dec 2025, 10:35","","Seated Cable Row - V Grip (Cable)",,"",0,"normal",48,10,,,
"Day UpperBody","19 Dec 2025, 09:27","19 Dec 2025, 10:35","","Seated Cable Row - V Grip (Cable)",,"",1,"normal",48,10,,,
"Day UpperBody","19 Dec 2025, 09:27","19 Dec 2025, 10:35","","Seated Cable Row - V Grip (Cable)",,"",2,"normal",48,10,,,
"Day UpperBody","19 Dec 2025, 09:27","19 Dec 2025, 10:35","","Seated Cable Row - V Grip (Cable)",,"",3,"failure",48,9,,,
"Day UpperBody","19 Dec 2025, 09:27","19 Dec 2025, 10:35","","Skullcrusher (Barbell)",,"",0,"normal",14.5,10,,,
"Day UpperBody","19 Dec 2025, 09:27","19 Dec 2025, 10:35","","Skullcrusher (Barbell)",,"",1,"normal",14.5,10,,,
"Day UpperBody","19 Dec 2025, 09:27","19 Dec 2025, 10:35","","Skullcrusher (Barbell)",,"",2,"normal",14.5,10,,,
"Day UpperBody","19 Dec 2025, 09:27","19 Dec 2025, 10:35","","Skullcrusher (Barbell)",,"",3,"failure",14.5,12,,,
"Day UpperBody","19 Dec 2025, 09:27","19 Dec 2025, 10:35","","Bicep Curl (Barbell)",,"",0,"normal",19.5,10,,,
"Day UpperBody","19 Dec 2025, 09:27","19 Dec 2025, 10:35","","Bicep Curl (Barbell)",,"",1,"normal",19.5,10,,,
"Day UpperBody","19 Dec 2025, 09:27","19 Dec 2025, 10:35","","Bicep Curl (Barbell)",,"",2,"normal",19.5,10,,,
"Day UpperBody","19 Dec 2025, 09:27","19 Dec 2025, 10:35","","Bicep Curl (Barbell)",,"",3,"failure",19.5,9,,,
"Day UpperBody","19 Dec 2025, 09:27","19 Dec 2025, 10:35","","Lateral Raise (Dumbbell)",,"",0,"normal",8,10,,,
"Day UpperBody","19 Dec 2025, 09:27","19 Dec 2025, 10:35","","Lateral Raise (Dumbbell)",,"",1,"normal",8,10,,,
"Day UpperBody","19 Dec 2025, 09:27","19 Dec 2025, 10:35","","Lateral Raise (Dumbbell)",,"",2,"normal",8,10,,,
"Day UpperBody","19 Dec 2025, 09:27","19 Dec 2025, 10:35","","Lateral Raise (Dumbbell)",,"",3,"normal",8,10,,,
"Day UpperBody","19 Dec 2025, 09:27","19 Dec 2025, 10:35","","Diamond Push Up",,"",0,"normal",,15,,,
"Day UpperBody","16 Dec 2025, 05:24","16 Dec 2025, 06:32","","Lat Pulldown (Cable)",,"",0,"normal",24,10,,,
"Day UpperBody","16 Dec 2025, 05:24","16 Dec 2025, 06:32","","Lat Pulldown (Cable)",,"",1,"normal",42,10,,,
"Day UpperBody","16 Dec 2025, 05:24","16 Dec 2025, 06:32","","Lat Pulldown (Cable)",,"",2,"normal",42,10,,,
"Day UpperBody","16 Dec 2025, 05:24","16 Dec 2025, 06:32","","Lat Pulldown (Cable)",,"",3,"normal",42,10,,,
"Day UpperBody","16 Dec 2025, 05:24","16 Dec 2025, 06:32","","Lat Pulldown (Cable)",,"",4,"normal",42,9,,,
"Day UpperBody","16 Dec 2025, 05:24","16 Dec 2025, 06:32","","Bench Press (Barbell)",,"",0,"normal",20,10,,,
"Day UpperBody","16 Dec 2025, 05:24","16 Dec 2025, 06:32","","Bench Press (Barbell)",,"",1,"normal",45,10,,,
"Day UpperBody","16 Dec 2025, 05:24","16 Dec 2025, 06:32","","Bench Press (Barbell)",,"",2,"normal",45,10,,,
"Day UpperBody","16 Dec 2025, 05:24","16 Dec 2025, 06:32","","Bench Press (Barbell)",,"",3,"normal",40,10,,,
"Day UpperBody","16 Dec 2025, 05:24","16 Dec 2025, 06:32","","Bench Press (Barbell)",,"",4,"failure",40,9,,,
"Day UpperBody","16 Dec 2025, 05:24","16 Dec 2025, 06:32","","Seated Cable Row - V Grip (Cable)",,"",0,"normal",48,10,,,
"Day UpperBody","16 Dec 2025, 05:24","16 Dec 2025, 06:32","","Seated Cable Row - V Grip (Cable)",,"",1,"normal",48,10,,,
"Day UpperBody","16 Dec 2025, 05:24","16 Dec 2025, 06:32","","Seated Cable Row - V Grip (Cable)",,"",2,"normal",48,9,,,
"Day UpperBody","16 Dec 2025, 05:24","16 Dec 2025, 06:32","","Seated Cable Row - V Grip (Cable)",,"",3,"failure",42,9,,,
"Day UpperBody","16 Dec 2025, 05:24","16 Dec 2025, 06:32","","Skullcrusher (Barbell)",,"",0,"normal",14.5,10,,,
"Day UpperBody","16 Dec 2025, 05:24","16 Dec 2025, 06:32","","Skullcrusher (Barbell)",,"",1,"normal",14.5,10,,,
"Day UpperBody","16 Dec 2025, 05:24","16 Dec 2025, 06:32","","Skullcrusher (Barbell)",,"",2,"normal",14.5,10,,,
"Day UpperBody","16 Dec 2025, 05:24","16 Dec 2025, 06:32","","Skullcrusher (Barbell)",,"",3,"failure",14.5,10,,,
"Day UpperBody","16 Dec 2025, 05:24","16 Dec 2025, 06:32","","Bicep Curl (Barbell)",,"",0,"normal",19.5,10,,,
"Day UpperBody","16 Dec 2025, 05:24","16 Dec 2025, 06:32","","Bicep Curl (Barbell)",,"",1,"normal",19.5,10,,,
"Day UpperBody","16 Dec 2025, 05:24","16 Dec 2025, 06:32","","Bicep Curl (Barbell)",,"",2,"normal",19.5,10,,,
"Day UpperBody","16 Dec 2025, 05:24","16 Dec 2025, 06:32","","Bicep Curl (Barbell)",,"",3,"failure",19.5,9,,,
"Day UpperBody","16 Dec 2025, 05:24","16 Dec 2025, 06:32","","Lateral Raise (Dumbbell)",,"",0,"normal",8,10,,,
"Day UpperBody","16 Dec 2025, 05:24","16 Dec 2025, 06:32","","Lateral Raise (Dumbbell)",,"",1,"normal",8,10,,,
"Day UpperBody","16 Dec 2025, 05:24","16 Dec 2025, 06:32","","Lateral Raise (Dumbbell)",,"",2,"normal",8,10,,,
"Day UpperBody","16 Dec 2025, 05:24","16 Dec 2025, 06:32","","Lateral Raise (Dumbbell)",,"",3,"normal",8,10,,,
"Day UpperBody","16 Dec 2025, 05:24","16 Dec 2025, 06:32","","Diamond Push Up",,"",0,"normal",,17,,,
"Day UpperBody","13 Dec 2025, 05:27","13 Dec 2025, 06:30","","Lat Pulldown (Cable)",,"",0,"normal",24,10,,,
"Day UpperBody","13 Dec 2025, 05:27","13 Dec 2025, 06:30","","Lat Pulldown (Cable)",,"",1,"normal",42,10,,,
"Day UpperBody","13 Dec 2025, 05:27","13 Dec 2025, 06:30","","Lat Pulldown (Cable)",,"",2,"normal",42,10,,,
"Day UpperBody","13 Dec 2025, 05:27","13 Dec 2025, 06:30","","Lat Pulldown (Cable)",,"",3,"normal",42,10,,,
"Day UpperBody","13 Dec 2025, 05:27","13 Dec 2025, 06:30","","Lat Pulldown (Cable)",,"",4,"normal",42,9,,,
"Day UpperBody","13 Dec 2025, 05:27","13 Dec 2025, 06:30","","Bench Press (Barbell)",,"",0,"normal",20,10,,,
"Day UpperBody","13 Dec 2025, 05:27","13 Dec 2025, 06:30","","Chest Press (Machine)",,"",0,"normal",20,10,,,
"Day UpperBody","13 Dec 2025, 05:27","13 Dec 2025, 06:30","","Chest Press (Machine)",,"",1,"normal",50,10,,,
"Day UpperBody","13 Dec 2025, 05:27","13 Dec 2025, 06:30","","Chest Press (Machine)",,"",2,"normal",50,10,,,
"Day UpperBody","13 Dec 2025, 05:27","13 Dec 2025, 06:30","","Chest Press (Machine)",,"",3,"normal",50,10,,,
"Day UpperBody","13 Dec 2025, 05:27","13 Dec 2025, 06:30","","Chest Press (Machine)",,"",4,"failure",50,13,,,
"Day UpperBody","13 Dec 2025, 05:27","13 Dec 2025, 06:30","","Seated Cable Row - V Grip (Cable)",,"",0,"normal",48,10,,,
"Day UpperBody","13 Dec 2025, 05:27","13 Dec 2025, 06:30","","Seated Cable Row - V Grip (Cable)",,"",1,"normal",48,10,,,
"Day UpperBody","13 Dec 2025, 05:27","13 Dec 2025, 06:30","","Seated Cable Row - V Grip (Cable)",,"",2,"normal",42,10,,,
"Day UpperBody","13 Dec 2025, 05:27","13 Dec 2025, 06:30","","Seated Cable Row - V Grip (Cable)",,"",3,"failure",42,10,,,
"Day UpperBody","13 Dec 2025, 05:27","13 Dec 2025, 06:30","","Skullcrusher (Barbell)",,"",0,"normal",14.5,10,,,
"Day UpperBody","13 Dec 2025, 05:27","13 Dec 2025, 06:30","","Skullcrusher (Barbell)",,"",1,"normal",14.5,10,,,
"Day UpperBody","13 Dec 2025, 05:27","13 Dec 2025, 06:30","","Skullcrusher (Barbell)",,"",2,"normal",14.5,10,,,
"Day UpperBody","13 Dec 2025, 05:27","13 Dec 2025, 06:30","","Skullcrusher (Barbell)",,"",3,"failure",14.5,10,,,
"Day UpperBody","13 Dec 2025, 05:27","13 Dec 2025, 06:30","","Bicep Curl (Barbell)",,"",0,"normal",19.5,10,,,
"Day UpperBody","13 Dec 2025, 05:27","13 Dec 2025, 06:30","","Bicep Curl (Barbell)",,"",1,"normal",19.5,10,,,
"Day UpperBody","13 Dec 2025, 05:27","13 Dec 2025, 06:30","","Bicep Curl (Barbell)",,"",2,"normal",19.5,10,,,
"Day UpperBody","13 Dec 2025, 05:27","13 Dec 2025, 06:30","","Bicep Curl (Barbell)",,"",3,"failure",19.5,9,,,
"Day UpperBody","13 Dec 2025, 05:27","13 Dec 2025, 06:30","","Lateral Raise (Dumbbell)",,"",0,"normal",8,10,,,
"Day UpperBody","13 Dec 2025, 05:27","13 Dec 2025, 06:30","","Lateral Raise (Dumbbell)",,"",1,"normal",8,10,,,
"Day UpperBody","13 Dec 2025, 05:27","13 Dec 2025, 06:30","","Lateral Raise (Dumbbell)",,"",2,"normal",8,10,,,
"Day UpperBody","13 Dec 2025, 05:27","13 Dec 2025, 06:30","","Lateral Raise (Dumbbell)",,"",3,"normal",8,10,,,
"Day UpperBody","13 Dec 2025, 05:27","13 Dec 2025, 06:30","","Diamond Push Up",,"",0,"normal",,17,,,
"Day UpperBody","11 Dec 2025, 04:15","11 Dec 2025, 05:21","","Lat Pulldown (Cable)",,"",0,"normal",24,10,,,
"Day UpperBody","11 Dec 2025, 04:15","11 Dec 2025, 05:21","","Lat Pulldown (Cable)",,"",1,"normal",42,10,,,
"Day UpperBody","11 Dec 2025, 04:15","11 Dec 2025, 05:21","","Lat Pulldown (Cable)",,"",2,"normal",42,10,,,
"Day UpperBody","11 Dec 2025, 04:15","11 Dec 2025, 05:21","","Lat Pulldown (Cable)",,"",3,"normal",42,10,,,
"Day UpperBody","11 Dec 2025, 04:15","11 Dec 2025, 05:21","","Lat Pulldown (Cable)",,"",4,"normal",42,9,,,
"Day UpperBody","11 Dec 2025, 04:15","11 Dec 2025, 05:21","","Bench Press (Barbell)",,"",0,"normal",20,10,,,
"Day UpperBody","11 Dec 2025, 04:15","11 Dec 2025, 05:21","","Bench Press (Barbell)",,"",1,"normal",45,10,,,
"Day UpperBody","11 Dec 2025, 04:15","11 Dec 2025, 05:21","","Bench Press (Barbell)",,"",2,"normal",40,10,,,
"Day UpperBody","11 Dec 2025, 04:15","11 Dec 2025, 05:21","","Bench Press (Barbell)",,"",3,"normal",40,10,,,
"Day UpperBody","11 Dec 2025, 04:15","11 Dec 2025, 05:21","","Bench Press (Barbell)",,"",4,"failure",40,8,,,
"Day UpperBody","11 Dec 2025, 04:15","11 Dec 2025, 05:21","","Seated Cable Row - V Grip (Cable)",,"",0,"normal",48,10,,,
"Day UpperBody","11 Dec 2025, 04:15","11 Dec 2025, 05:21","","Seated Cable Row - V Grip (Cable)",,"",1,"normal",42,10,,,
"Day UpperBody","11 Dec 2025, 04:15","11 Dec 2025, 05:21","","Seated Cable Row - V Grip (Cable)",,"",2,"normal",42,10,,,
"Day UpperBody","11 Dec 2025, 04:15","11 Dec 2025, 05:21","","Seated Cable Row - V Grip (Cable)",,"",3,"failure",42,11,,,
"Day UpperBody","11 Dec 2025, 04:15","11 Dec 2025, 05:21","","Skullcrusher (Barbell)",,"",0,"normal",14.5,10,,,
"Day UpperBody","11 Dec 2025, 04:15","11 Dec 2025, 05:21","","Skullcrusher (Barbell)",,"",1,"normal",14.5,10,,,
"Day UpperBody","11 Dec 2025, 04:15","11 Dec 2025, 05:21","","Skullcrusher (Barbell)",,"",2,"normal",14.5,10,,,
"Day UpperBody","11 Dec 2025, 04:15","11 Dec 2025, 05:21","","Skullcrusher (Barbell)",,"",3,"failure",14.5,10,,,
"Day UpperBody","11 Dec 2025, 04:15","11 Dec 2025, 05:21","","Bicep Curl (Barbell)",,"",0,"normal",19.5,10,,,
"Day UpperBody","11 Dec 2025, 04:15","11 Dec 2025, 05:21","","Bicep Curl (Barbell)",,"",1,"normal",19.5,10,,,
"Day UpperBody","11 Dec 2025, 04:15","11 Dec 2025, 05:21","","Bicep Curl (Barbell)",,"",2,"normal",19.5,10,,,
"Day UpperBody","11 Dec 2025, 04:15","11 Dec 2025, 05:21","","Bicep Curl (Barbell)",,"",3,"failure",19.5,9,,,
"Day UpperBody","11 Dec 2025, 04:15","11 Dec 2025, 05:21","","Lateral Raise (Dumbbell)",,"",0,"normal",8,10,,,
"Day UpperBody","11 Dec 2025, 04:15","11 Dec 2025, 05:21","","Lateral Raise (Dumbbell)",,"",1,"normal",8,10,,,
"Day UpperBody","11 Dec 2025, 04:15","11 Dec 2025, 05:21","","Lateral Raise (Dumbbell)",,"",2,"normal",8,10,,,
"Day UpperBody","11 Dec 2025, 04:15","11 Dec 2025, 05:21","","Lateral Raise (Dumbbell)",,"",3,"normal",8,10,,,
"Day UpperBody","11 Dec 2025, 04:15","11 Dec 2025, 05:21","","Diamond Push Up",,"",0,"normal",,20,,,
"Day UpperBody","9 Dec 2025, 05:04","9 Dec 2025, 05:54","","Seated Cable Row - V Grip (Cable)",,"",0,"normal",54,10,,,
"Day UpperBody","9 Dec 2025, 05:04","9 Dec 2025, 05:54","","Seated Cable Row - V Grip (Cable)",,"",1,"normal",42,10,,,
"Day UpperBody","9 Dec 2025, 05:04","9 Dec 2025, 05:54","","Seated Cable Row - V Grip (Cable)",,"",2,"normal",42,10,,,
"Day UpperBody","9 Dec 2025, 05:04","9 Dec 2025, 05:54","","Seated Cable Row - V Grip (Cable)",,"",3,"failure",42,9,,,
"Day UpperBody","9 Dec 2025, 05:04","9 Dec 2025, 05:54","","Skullcrusher (Barbell)",,"",0,"normal",14.5,10,,,
"Day UpperBody","9 Dec 2025, 05:04","9 Dec 2025, 05:54","","Skullcrusher (Barbell)",,"",1,"normal",14.5,10,,,
"Day UpperBody","9 Dec 2025, 05:04","9 Dec 2025, 05:54","","Skullcrusher (Barbell)",,"",2,"normal",14.5,10,,,
"Day UpperBody","9 Dec 2025, 05:04","9 Dec 2025, 05:54","","Skullcrusher (Barbell)",,"",3,"failure",14.5,10,,,
"Day UpperBody","9 Dec 2025, 05:04","9 Dec 2025, 05:54","","Bicep Curl (Barbell)",,"",0,"normal",19.5,10,,,
"Day UpperBody","9 Dec 2025, 05:04","9 Dec 2025, 05:54","","Bicep Curl (Barbell)",,"",1,"normal",19.5,10,,,
"Day UpperBody","9 Dec 2025, 05:04","9 Dec 2025, 05:54","","Bicep Curl (Barbell)",,"",2,"normal",19.5,10,,,
"Day UpperBody","9 Dec 2025, 05:04","9 Dec 2025, 05:54","","Bicep Curl (Barbell)",,"",3,"failure",19.5,9,,,
"Day UpperBody","9 Dec 2025, 05:04","9 Dec 2025, 05:54","","Lateral Raise (Dumbbell)",,"",0,"normal",8,10,,,
"Day UpperBody","9 Dec 2025, 05:04","9 Dec 2025, 05:54","","Lateral Raise (Dumbbell)",,"",1,"normal",8,10,,,
"Day UpperBody","9 Dec 2025, 05:04","9 Dec 2025, 05:54","","Lateral Raise (Dumbbell)",,"",2,"normal",8,10,,,
"Day UpperBody","9 Dec 2025, 05:04","9 Dec 2025, 05:54","","Lateral Raise (Dumbbell)",,"",3,"normal",8,10,,,
"Day UpperBody","9 Dec 2025, 05:04","9 Dec 2025, 05:54","","Chest Press (Machine)",,"",0,"normal",20,10,,,
"Day UpperBody","9 Dec 2025, 05:04","9 Dec 2025, 05:54","","Chest Press (Machine)",,"",1,"normal",50,10,,,
"Day UpperBody","9 Dec 2025, 05:04","9 Dec 2025, 05:54","","Chest Press (Machine)",,"",2,"normal",50,10,,,
"Day UpperBody","9 Dec 2025, 05:04","9 Dec 2025, 05:54","","Chest Press (Machine)",,"",3,"normal",50,10,,,
"Day UpperBody","9 Dec 2025, 05:04","9 Dec 2025, 05:54","","Chest Press (Machine)",,"",4,"failure",50,11,,,
"Day UpperBody","6 Dec 2025, 05:23","6 Dec 2025, 06:32","","Lat Pulldown (Cable)",,"",0,"normal",24,10,,,
"Day UpperBody","6 Dec 2025, 05:23","6 Dec 2025, 06:32","","Lat Pulldown (Cable)",,"",1,"normal",42,10,,,
"Day UpperBody","6 Dec 2025, 05:23","6 Dec 2025, 06:32","","Lat Pulldown (Cable)",,"",2,"normal",42,10,,,
"Day UpperBody","6 Dec 2025, 05:23","6 Dec 2025, 06:32","","Lat Pulldown (Cable)",,"",3,"normal",42,10,,,
"Day UpperBody","6 Dec 2025, 05:23","6 Dec 2025, 06:32","","Lat Pulldown (Cable)",,"",4,"normal",42,9,,,
"Day UpperBody","6 Dec 2025, 05:23","6 Dec 2025, 06:32","","Bench Press (Barbell)",,"",0,"normal",20,10,,,
"Day UpperBody","6 Dec 2025, 05:23","6 Dec 2025, 06:32","","Bench Press (Barbell)",,"",1,"normal",45,10,,,
"Day UpperBody","6 Dec 2025, 05:23","6 Dec 2025, 06:32","","Bench Press (Barbell)",,"",2,"normal",40,10,,,
"Day UpperBody","6 Dec 2025, 05:23","6 Dec 2025, 06:32","","Bench Press (Barbell)",,"",3,"normal",40,10,,,
"Day UpperBody","6 Dec 2025, 05:23","6 Dec 2025, 06:32","","Bench Press (Barbell)",,"",4,"failure",40,10,,,
"Day UpperBody","6 Dec 2025, 05:23","6 Dec 2025, 06:32","","Seated Cable Row - V Grip (Cable)",,"",0,"normal",48,10,,,
"Day UpperBody","6 Dec 2025, 05:23","6 Dec 2025, 06:32","","Seated Cable Row - V Grip (Cable)",,"",1,"normal",48,10,,,
"Day UpperBody","6 Dec 2025, 05:23","6 Dec 2025, 06:32","","Seated Cable Row - V Grip (Cable)",,"",2,"normal",42,10,,,
"Day UpperBody","6 Dec 2025, 05:23","6 Dec 2025, 06:32","","Seated Cable Row - V Grip (Cable)",,"",3,"failure",42,10,,,
"Day UpperBody","6 Dec 2025, 05:23","6 Dec 2025, 06:32","","Skullcrusher (Barbell)",,"",0,"normal",14.5,10,,,
"Day UpperBody","6 Dec 2025, 05:23","6 Dec 2025, 06:32","","Skullcrusher (Barbell)",,"",1,"normal",14.5,10,,,
"Day UpperBody","6 Dec 2025, 05:23","6 Dec 2025, 06:32","","Skullcrusher (Barbell)",,"",2,"normal",14.5,10,,,
"Day UpperBody","6 Dec 2025, 05:23","6 Dec 2025, 06:32","","Skullcrusher (Barbell)",,"",3,"failure",14.5,9,,,
"Day UpperBody","6 Dec 2025, 05:23","6 Dec 2025, 06:32","","Bicep Curl (Barbell)",,"",0,"normal",19.5,10,,,
"Day UpperBody","6 Dec 2025, 05:23","6 Dec 2025, 06:32","","Bicep Curl (Barbell)",,"",1,"normal",19.5,10,,,
"Day UpperBody","6 Dec 2025, 05:23","6 Dec 2025, 06:32","","Bicep Curl (Barbell)",,"",2,"normal",19.5,10,,,
"Day UpperBody","6 Dec 2025, 05:23","6 Dec 2025, 06:32","","Bicep Curl (Barbell)",,"",3,"failure",19.5,9,,,
"Day UpperBody","6 Dec 2025, 05:23","6 Dec 2025, 06:32","","Lateral Raise (Dumbbell)",,"",0,"normal",8,10,,,
"Day UpperBody","6 Dec 2025, 05:23","6 Dec 2025, 06:32","","Lateral Raise (Dumbbell)",,"",1,"normal",8,10,,,
"Day UpperBody","6 Dec 2025, 05:23","6 Dec 2025, 06:32","","Lateral Raise (Dumbbell)",,"",2,"normal",8,10,,,
"Day UpperBody","6 Dec 2025, 05:23","6 Dec 2025, 06:32","","Lateral Raise (Dumbbell)",,"",3,"normal",8,10,,,
"Day UpperBody","6 Dec 2025, 05:23","6 Dec 2025, 06:32","","Diamond Push Up",,"",0,"normal",,15,,,
"Day UpperBody","4 Dec 2025, 05:25","4 Dec 2025, 06:33","","Lat Pulldown (Cable)",,"",0,"normal",24,10,,,
"Day UpperBody","4 Dec 2025, 05:25","4 Dec 2025, 06:33","","Lat Pulldown (Cable)",,"",1,"normal",42,10,,,
"Day UpperBody","4 Dec 2025, 05:25","4 Dec 2025, 06:33","","Lat Pulldown (Cable)",,"",2,"normal",42,10,,,
"Day UpperBody","4 Dec 2025, 05:25","4 Dec 2025, 06:33","","Lat Pulldown (Cable)",,"",3,"normal",42,10,,,
"Day UpperBody","4 Dec 2025, 05:25","4 Dec 2025, 06:33","","Lat Pulldown (Cable)",,"",4,"normal",42,9,,,
"Day UpperBody","4 Dec 2025, 05:25","4 Dec 2025, 06:33","","Bench Press (Barbell)",,"",0,"normal",20,10,,,
"Day UpperBody","4 Dec 2025, 05:25","4 Dec 2025, 06:33","","Bench Press (Barbell)",,"",1,"normal",45,10,,,
"Day UpperBody","4 Dec 2025, 05:25","4 Dec 2025, 06:33","","Bench Press (Barbell)",,"",2,"normal",40,10,,,
"Day UpperBody","4 Dec 2025, 05:25","4 Dec 2025, 06:33","","Bench Press (Barbell)",,"",3,"normal",40,10,,,
"Day UpperBody","4 Dec 2025, 05:25","4 Dec 2025, 06:33","","Bench Press (Barbell)",,"",4,"failure",40,7,,,
"Day UpperBody","4 Dec 2025, 05:25","4 Dec 2025, 06:33","","Seated Cable Row - V Grip (Cable)",,"",0,"normal",48,10,,,
"Day UpperBody","4 Dec 2025, 05:25","4 Dec 2025, 06:33","","Seated Cable Row - V Grip (Cable)",,"",1,"normal",42,10,,,
"Day UpperBody","4 Dec 2025, 05:25","4 Dec 2025, 06:33","","Seated Cable Row - V Grip (Cable)",,"",2,"normal",42,10,,,
"Day UpperBody","4 Dec 2025, 05:25","4 Dec 2025, 06:33","","Seated Cable Row - V Grip (Cable)",,"",3,"failure",42,10,,,
"Day UpperBody","4 Dec 2025, 05:25","4 Dec 2025, 06:33","","Skullcrusher (Barbell)",,"",0,"normal",14.5,10,,,
"Day UpperBody","4 Dec 2025, 05:25","4 Dec 2025, 06:33","","Skullcrusher (Barbell)",,"",1,"normal",14.5,10,,,
"Day UpperBody","4 Dec 2025, 05:25","4 Dec 2025, 06:33","","Skullcrusher (Barbell)",,"",2,"normal",14.5,10,,,
"Day UpperBody","4 Dec 2025, 05:25","4 Dec 2025, 06:33","","Skullcrusher (Barbell)",,"",3,"failure",14.5,9,,,
"Day UpperBody","4 Dec 2025, 05:25","4 Dec 2025, 06:33","","Bicep Curl (Barbell)",,"",0,"normal",19.5,10,,,
"Day UpperBody","4 Dec 2025, 05:25","4 Dec 2025, 06:33","","Bicep Curl (Barbell)",,"",1,"normal",19.5,10,,,
"Day UpperBody","4 Dec 2025, 05:25","4 Dec 2025, 06:33","","Bicep Curl (Barbell)",,"",2,"normal",19.5,10,,,
"Day UpperBody","4 Dec 2025, 05:25","4 Dec 2025, 06:33","","Bicep Curl (Barbell)",,"",3,"failure",19.5,9,,,
"Day UpperBody","4 Dec 2025, 05:25","4 Dec 2025, 06:33","","Lateral Raise (Dumbbell)",,"",0,"normal",8,10,,,
"Day UpperBody","4 Dec 2025, 05:25","4 Dec 2025, 06:33","","Lateral Raise (Dumbbell)",,"",1,"normal",8,10,,,
"Day UpperBody","4 Dec 2025, 05:25","4 Dec 2025, 06:33","","Lateral Raise (Dumbbell)",,"",2,"normal",8,10,,,
"Day UpperBody","4 Dec 2025, 05:25","4 Dec 2025, 06:33","","Lateral Raise (Dumbbell)",,"",3,"normal",8,10,,,
"Day UpperBody","4 Dec 2025, 05:25","4 Dec 2025, 06:33","","Diamond Push Up",,"",0,"normal",,15,,,
"Day UpperBody","2 Dec 2025, 04:11","2 Dec 2025, 05:18","","Lat Pulldown (Cable)",,"",0,"normal",24,10,,,
"Day UpperBody","2 Dec 2025, 04:11","2 Dec 2025, 05:18","","Lat Pulldown (Cable)",,"",1,"normal",42,10,,,
"Day UpperBody","2 Dec 2025, 04:11","2 Dec 2025, 05:18","","Lat Pulldown (Cable)",,"",2,"normal",42,10,,,
"Day UpperBody","2 Dec 2025, 04:11","2 Dec 2025, 05:18","","Lat Pulldown (Cable)",,"",3,"normal",42,10,,,
"Day UpperBody","2 Dec 2025, 04:11","2 Dec 2025, 05:18","","Lat Pulldown (Cable)",,"",4,"normal",42,9,,,
"Day UpperBody","2 Dec 2025, 04:11","2 Dec 2025, 05:18","","Bench Press (Barbell)",,"",0,"normal",20,10,,,
"Day UpperBody","2 Dec 2025, 04:11","2 Dec 2025, 05:18","","Bench Press (Barbell)",,"",1,"normal",45,10,,,
"Day UpperBody","2 Dec 2025, 04:11","2 Dec 2025, 05:18","","Bench Press (Barbell)",,"",2,"normal",45,10,,,
"Day UpperBody","2 Dec 2025, 04:11","2 Dec 2025, 05:18","","Bench Press (Barbell)",,"",3,"normal",40,8,,,
"Day UpperBody","2 Dec 2025, 04:11","2 Dec 2025, 05:18","","Bench Press (Barbell)",,"",4,"failure",40,6,,,
"Day UpperBody","2 Dec 2025, 04:11","2 Dec 2025, 05:18","","Seated Cable Row - V Grip (Cable)",,"",0,"normal",42,10,,,
"Day UpperBody","2 Dec 2025, 04:11","2 Dec 2025, 05:18","","Seated Cable Row - V Grip (Cable)",,"",1,"normal",42,10,,,
"Day UpperBody","2 Dec 2025, 04:11","2 Dec 2025, 05:18","","Seated Cable Row - V Grip (Cable)",,"",2,"normal",42,10,,,
"Day UpperBody","2 Dec 2025, 04:11","2 Dec 2025, 05:18","","Seated Cable Row - V Grip (Cable)",,"",3,"failure",42,11,,,
"Day UpperBody","2 Dec 2025, 04:11","2 Dec 2025, 05:18","","Skullcrusher (Barbell)",,"",0,"normal",14.5,10,,,
"Day UpperBody","2 Dec 2025, 04:11","2 Dec 2025, 05:18","","Skullcrusher (Barbell)",,"",1,"normal",14.5,10,,,
"Day UpperBody","2 Dec 2025, 04:11","2 Dec 2025, 05:18","","Skullcrusher (Barbell)",,"",2,"normal",14.5,10,,,
"Day UpperBody","2 Dec 2025, 04:11","2 Dec 2025, 05:18","","Skullcrusher (Barbell)",,"",3,"failure",14.5,9,,,
"Day UpperBody","2 Dec 2025, 04:11","2 Dec 2025, 05:18","","Bicep Curl (Barbell)",,"",0,"normal",19.5,10,,,
"Day UpperBody","2 Dec 2025, 04:11","2 Dec 2025, 05:18","","Bicep Curl (Barbell)",,"",1,"normal",19.5,10,,,
"Day UpperBody","2 Dec 2025, 04:11","2 Dec 2025, 05:18","","Bicep Curl (Barbell)",,"",2,"normal",19.5,10,,,
"Day UpperBody","2 Dec 2025, 04:11","2 Dec 2025, 05:18","","Bicep Curl (Barbell)",,"",3,"failure",19.5,9,,,
"Day UpperBody","2 Dec 2025, 04:11","2 Dec 2025, 05:18","","Lateral Raise (Dumbbell)",,"",0,"normal",7,10,,,
"Day UpperBody","2 Dec 2025, 04:11","2 Dec 2025, 05:18","","Lateral Raise (Dumbbell)",,"",1,"normal",7,10,,,
"Day UpperBody","2 Dec 2025, 04:11","2 Dec 2025, 05:18","","Lateral Raise (Dumbbell)",,"",2,"normal",7,10,,,
"Day UpperBody","2 Dec 2025, 04:11","2 Dec 2025, 05:18","","Lateral Raise (Dumbbell)",,"",3,"normal",7,10,,,
"Day UpperBody","2 Dec 2025, 04:11","2 Dec 2025, 05:18","","Diamond Push Up",,"",0,"normal",,16,,,
"Day UpperBody","29 Nov 2025, 05:16","29 Nov 2025, 06:31","","Lat Pulldown (Cable)",,"",0,"normal",24,10,,,
"Day UpperBody","29 Nov 2025, 05:16","29 Nov 2025, 06:31","","Lat Pulldown (Cable)",,"",1,"normal",42,10,,,
"Day UpperBody","29 Nov 2025, 05:16","29 Nov 2025, 06:31","","Lat Pulldown (Cable)",,"",2,"normal",42,10,,,
"Day UpperBody","29 Nov 2025, 05:16","29 Nov 2025, 06:31","","Lat Pulldown (Cable)",,"",3,"normal",42,10,,,
"Day UpperBody","29 Nov 2025, 05:16","29 Nov 2025, 06:31","","Lat Pulldown (Cable)",,"",4,"normal",42,9,,,
"Day UpperBody","29 Nov 2025, 05:16","29 Nov 2025, 06:31","","Bench Press (Barbell)",,"",0,"normal",20,10,,,
"Day UpperBody","29 Nov 2025, 05:16","29 Nov 2025, 06:31","","Bench Press (Barbell)",,"",1,"normal",45,10,,,
"Day UpperBody","29 Nov 2025, 05:16","29 Nov 2025, 06:31","","Bench Press (Barbell)",,"",2,"normal",45,10,,,
"Day UpperBody","29 Nov 2025, 05:16","29 Nov 2025, 06:31","","Bench Press (Barbell)",,"",3,"normal",40,10,,,
"Day UpperBody","29 Nov 2025, 05:16","29 Nov 2025, 06:31","","Bench Press (Barbell)",,"",4,"failure",40,6,,,
"Day UpperBody","29 Nov 2025, 05:16","29 Nov 2025, 06:31","","Seated Cable Row - V Grip (Cable)",,"",0,"normal",42,10,,,
"Day UpperBody","29 Nov 2025, 05:16","29 Nov 2025, 06:31","","Seated Cable Row - V Grip (Cable)",,"",1,"normal",42,10,,,
"Day UpperBody","29 Nov 2025, 05:16","29 Nov 2025, 06:31","","Seated Cable Row - V Grip (Cable)",,"",2,"normal",42,10,,,
"Day UpperBody","29 Nov 2025, 05:16","29 Nov 2025, 06:31","","Seated Cable Row - V Grip (Cable)",,"",3,"failure",42,12,,,
"Day UpperBody","29 Nov 2025, 05:16","29 Nov 2025, 06:31","","Skullcrusher (Barbell)",,"",0,"normal",14.5,10,,,
"Day UpperBody","29 Nov 2025, 05:16","29 Nov 2025, 06:31","","Skullcrusher (Barbell)",,"",1,"normal",14.5,10,,,
"Day UpperBody","29 Nov 2025, 05:16","29 Nov 2025, 06:31","","Skullcrusher (Barbell)",,"",2,"normal",14.5,10,,,
"Day UpperBody","29 Nov 2025, 05:16","29 Nov 2025, 06:31","","Skullcrusher (Barbell)",,"",3,"failure",14.5,9,,,
"Day UpperBody","29 Nov 2025, 05:16","29 Nov 2025, 06:31","","Bicep Curl (Barbell)",,"",0,"normal",19.5,10,,,
"Day UpperBody","29 Nov 2025, 05:16","29 Nov 2025, 06:31","","Bicep Curl (Barbell)",,"",1,"normal",19.5,10,,,
"Day UpperBody","29 Nov 2025, 05:16","29 Nov 2025, 06:31","","Bicep Curl (Barbell)",,"",2,"normal",19.5,10,,,
"Day UpperBody","29 Nov 2025, 05:16","29 Nov 2025, 06:31","","Bicep Curl (Barbell)",,"",3,"failure",19.5,10,,,
"Day UpperBody","29 Nov 2025, 05:16","29 Nov 2025, 06:31","","Lateral Raise (Dumbbell)",,"",0,"normal",7,10,,,
"Day UpperBody","29 Nov 2025, 05:16","29 Nov 2025, 06:31","","Lateral Raise (Dumbbell)",,"",1,"normal",7,10,,,
"Day UpperBody","29 Nov 2025, 05:16","29 Nov 2025, 06:31","","Lateral Raise (Dumbbell)",,"",2,"normal",7,10,,,
"Day UpperBody","29 Nov 2025, 05:16","29 Nov 2025, 06:31","","Lateral Raise (Dumbbell)",,"",3,"normal",7,10,,,
"Day UpperBody","29 Nov 2025, 05:16","29 Nov 2025, 06:31","","Diamond Push Up",,"",0,"normal",,18,,,
"Day UpperBody","27 Nov 2025, 04:19","27 Nov 2025, 05:31","","Lat Pulldown (Cable)",,"",0,"normal",24,10,,,
"Day UpperBody","27 Nov 2025, 04:19","27 Nov 2025, 05:31","","Lat Pulldown (Cable)",,"",1,"normal",42,10,,,
"Day UpperBody","27 Nov 2025, 04:19","27 Nov 2025, 05:31","","Lat Pulldown (Cable)",,"",2,"normal",42,10,,,
"Day UpperBody","27 Nov 2025, 04:19","27 Nov 2025, 05:31","","Lat Pulldown (Cable)",,"",3,"normal",42,10,,,
"Day UpperBody","27 Nov 2025, 04:19","27 Nov 2025, 05:31","","Lat Pulldown (Cable)",,"",4,"normal",42,9,,,
"Day UpperBody","27 Nov 2025, 04:19","27 Nov 2025, 05:31","","Bench Press (Barbell)",,"",0,"normal",20,10,,,
"Day UpperBody","27 Nov 2025, 04:19","27 Nov 2025, 05:31","","Bench Press (Barbell)",,"",1,"normal",40,10,,,
"Day UpperBody","27 Nov 2025, 04:19","27 Nov 2025, 05:31","","Bench Press (Barbell)",,"",2,"normal",40,10,,,
"Day UpperBody","27 Nov 2025, 04:19","27 Nov 2025, 05:31","","Bench Press (Barbell)",,"",3,"normal",40,10,,,
"Day UpperBody","27 Nov 2025, 04:19","27 Nov 2025, 05:31","","Bench Press (Barbell)",,"",4,"failure",40,10,,,
"Day UpperBody","27 Nov 2025, 04:19","27 Nov 2025, 05:31","","Seated Cable Row - V Grip (Cable)",,"",0,"normal",42,10,,,
"Day UpperBody","27 Nov 2025, 04:19","27 Nov 2025, 05:31","","Seated Cable Row - V Grip (Cable)",,"",1,"normal",42,10,,,
"Day UpperBody","27 Nov 2025, 04:19","27 Nov 2025, 05:31","","Seated Cable Row - V Grip (Cable)",,"",2,"normal",42,10,,,
"Day UpperBody","27 Nov 2025, 04:19","27 Nov 2025, 05:31","","Seated Cable Row - V Grip (Cable)",,"",3,"failure",42,10,,,
"Day UpperBody","27 Nov 2025, 04:19","27 Nov 2025, 05:31","","Skullcrusher (Barbell)",,"",0,"normal",14.5,10,,,
"Day UpperBody","27 Nov 2025, 04:19","27 Nov 2025, 05:31","","Skullcrusher (Barbell)",,"",1,"normal",14.5,10,,,
"Day UpperBody","27 Nov 2025, 04:19","27 Nov 2025, 05:31","","Skullcrusher (Barbell)",,"",2,"normal",14.5,10,,,
"Day UpperBody","27 Nov 2025, 04:19","27 Nov 2025, 05:31","","Skullcrusher (Barbell)",,"",3,"failure",14.5,9,,,
"Day UpperBody","27 Nov 2025, 04:19","27 Nov 2025, 05:31","","Bicep Curl (Barbell)",,"",0,"normal",19.5,10,,,
"Day UpperBody","27 Nov 2025, 04:19","27 Nov 2025, 05:31","","Bicep Curl (Barbell)",,"",1,"normal",19.5,10,,,
"Day UpperBody","27 Nov 2025, 04:19","27 Nov 2025, 05:31","","Bicep Curl (Barbell)",,"",2,"normal",19.5,10,,,
"Day UpperBody","27 Nov 2025, 04:19","27 Nov 2025, 05:31","","Bicep Curl (Barbell)",,"",3,"failure",19.5,10,,,
"Day UpperBody","27 Nov 2025, 04:19","27 Nov 2025, 05:31","","Lateral Raise (Dumbbell)",,"",0,"normal",6,10,,,
"Day UpperBody","27 Nov 2025, 04:19","27 Nov 2025, 05:31","","Lateral Raise (Dumbbell)",,"",1,"normal",6,10,,,
"Day UpperBody","27 Nov 2025, 04:19","27 Nov 2025, 05:31","","Lateral Raise (Dumbbell)",,"",2,"normal",6,10,,,
"Day UpperBody","27 Nov 2025, 04:19","27 Nov 2025, 05:31","","Lateral Raise (Dumbbell)",,"",3,"normal",6,11,,,
"Day UpperBody","27 Nov 2025, 04:19","27 Nov 2025, 05:31","","Diamond Push Up",,"",0,"normal",,15,,,
"Day UpperBody","25 Nov 2025, 04:14","25 Nov 2025, 06:00","","Lat Pulldown (Cable)",,"",0,"normal",20,10,,,
"Day UpperBody","25 Nov 2025, 04:14","25 Nov 2025, 06:00","","Lat Pulldown (Cable)",,"",1,"normal",42,10,,,
"Day UpperBody","25 Nov 2025, 04:14","25 Nov 2025, 06:00","","Lat Pulldown (Cable)",,"",2,"normal",42,10,,,
"Day UpperBody","25 Nov 2025, 04:14","25 Nov 2025, 06:00","","Lat Pulldown (Cable)",,"",3,"normal",42,10,,,
"Day UpperBody","25 Nov 2025, 04:14","25 Nov 2025, 06:00","","Lat Pulldown (Cable)",,"",4,"normal",42,8,,,
"Day UpperBody","25 Nov 2025, 04:14","25 Nov 2025, 06:00","","Bench Press (Barbell)",,"",0,"normal",20,10,,,
"Day UpperBody","25 Nov 2025, 04:14","25 Nov 2025, 06:00","","Bench Press (Barbell)",,"",1,"normal",45,10,,,
"Day UpperBody","25 Nov 2025, 04:14","25 Nov 2025, 06:00","","Bench Press (Barbell)",,"",2,"normal",40,10,,,
"Day UpperBody","25 Nov 2025, 04:14","25 Nov 2025, 06:00","","Bench Press (Barbell)",,"",3,"normal",40,10,,,
"Day UpperBody","25 Nov 2025, 04:14","25 Nov 2025, 06:00","","Bench Press (Barbell)",,"",4,"failure",40,8,,,
"Day UpperBody","25 Nov 2025, 04:14","25 Nov 2025, 06:00","","Seated Cable Row - V Grip (Cable)",,"",0,"normal",42,10,,,
"Day UpperBody","25 Nov 2025, 04:14","25 Nov 2025, 06:00","","Seated Cable Row - V Grip (Cable)",,"",1,"normal",42,10,,,
"Day UpperBody","25 Nov 2025, 04:14","25 Nov 2025, 06:00","","Seated Cable Row - V Grip (Cable)",,"",2,"normal",42,10,,,
"Day UpperBody","25 Nov 2025, 04:14","25 Nov 2025, 06:00","","Seated Cable Row - V Grip (Cable)",,"",3,"failure",42,8,,,
"Day UpperBody","25 Nov 2025, 04:14","25 Nov 2025, 06:00","","Skullcrusher (Barbell)",,"",0,"normal",12,10,,,
"Day UpperBody","25 Nov 2025, 04:14","25 Nov 2025, 06:00","","Skullcrusher (Barbell)",,"",1,"normal",12,10,,,
"Day UpperBody","25 Nov 2025, 04:14","25 Nov 2025, 06:00","","Skullcrusher (Barbell)",,"",2,"normal",12,10,,,
"Day UpperBody","25 Nov 2025, 04:14","25 Nov 2025, 06:00","","Skullcrusher (Barbell)",,"",3,"failure",12,11,,,
"Day UpperBody","25 Nov 2025, 04:14","25 Nov 2025, 06:00","","Bicep Curl (Barbell)",,"",0,"normal",19.5,10,,,
"Day UpperBody","25 Nov 2025, 04:14","25 Nov 2025, 06:00","","Bicep Curl (Barbell)",,"",1,"normal",19.5,10,,,
"Day UpperBody","25 Nov 2025, 04:14","25 Nov 2025, 06:00","","Bicep Curl (Barbell)",,"",2,"normal",19.5,10,,,
"Day UpperBody","25 Nov 2025, 04:14","25 Nov 2025, 06:00","","Bicep Curl (Barbell)",,"",3,"failure",19.5,6,,,
"Day UpperBody","13 Nov 2025, 10:18","13 Nov 2025, 11:17","","Seated Cable Row - V Grip (Cable)",,"",0,"normal",30,10,,,
"Day UpperBody","13 Nov 2025, 10:18","13 Nov 2025, 11:17","","Seated Cable Row - V Grip (Cable)",,"",1,"normal",42,10,,,
"Day UpperBody","13 Nov 2025, 10:18","13 Nov 2025, 11:17","","Seated Cable Row - V Grip (Cable)",,"",2,"normal",42,10,,,
"Day UpperBody","13 Nov 2025, 10:18","13 Nov 2025, 11:17","","Seated Cable Row - V Grip (Cable)",,"",3,"normal",42,10,,,
"Day UpperBody","13 Nov 2025, 10:18","13 Nov 2025, 11:17","","Seated Cable Row - V Grip (Cable)",,"",4,"failure",42,10,,,
"Day UpperBody","13 Nov 2025, 10:18","13 Nov 2025, 11:17","","Chest Press (Machine)",,"",0,"normal",20,10,,,
"Day UpperBody","13 Nov 2025, 10:18","13 Nov 2025, 11:17","","Chest Press (Machine)",,"",1,"normal",50,10,,,
"Day UpperBody","13 Nov 2025, 10:18","13 Nov 2025, 11:17","","Chest Press (Machine)",,"",2,"normal",50,10,,,
"Day UpperBody","13 Nov 2025, 10:18","13 Nov 2025, 11:17","","Chest Press (Machine)",,"",3,"normal",50,10,,,
"Day UpperBody","13 Nov 2025, 10:18","13 Nov 2025, 11:17","","Chest Press (Machine)",,"",4,"failure",50,10,,,
"Day UpperBody","13 Nov 2025, 10:18","13 Nov 2025, 11:17","","Skullcrusher (Barbell)",,"",0,"normal",12,10,,,
"Day UpperBody","13 Nov 2025, 10:18","13 Nov 2025, 11:17","","Skullcrusher (Barbell)",,"",1,"normal",12,10,,,
"Day UpperBody","13 Nov 2025, 10:18","13 Nov 2025, 11:17","","Skullcrusher (Barbell)",,"",2,"normal",12,10,,,
"Day UpperBody","13 Nov 2025, 10:18","13 Nov 2025, 11:17","","Skullcrusher (Barbell)",,"",3,"failure",12,11,,,
"Day UpperBody","13 Nov 2025, 10:18","13 Nov 2025, 11:17","","Bicep Curl (Barbell)",,"",0,"normal",19.5,10,,,
"Day UpperBody","13 Nov 2025, 10:18","13 Nov 2025, 11:17","","Bicep Curl (Barbell)",,"",1,"normal",19.5,10,,,
"Day UpperBody","13 Nov 2025, 10:18","13 Nov 2025, 11:17","","Bicep Curl (Barbell)",,"",2,"normal",19.5,10,,,
"Day UpperBody","13 Nov 2025, 10:18","13 Nov 2025, 11:17","","Bicep Curl (Barbell)",,"",3,"failure",19.5,10,,,
"Day UpperBody","13 Nov 2025, 10:18","13 Nov 2025, 11:17","","Lateral Raise (Dumbbell)",,"",0,"normal",6,10,,,
"Day UpperBody","13 Nov 2025, 10:18","13 Nov 2025, 11:17","","Lateral Raise (Dumbbell)",,"",1,"normal",6,10,,,
"Day UpperBody","13 Nov 2025, 10:18","13 Nov 2025, 11:17","","Lateral Raise (Dumbbell)",,"",2,"normal",6,10,,,
"Day UpperBody","13 Nov 2025, 10:18","13 Nov 2025, 11:17","","Lateral Raise (Dumbbell)",,"",3,"normal",6,11,,,
"Day UpperBody","13 Nov 2025, 10:18","13 Nov 2025, 11:17","","Diamond Push Up",,"",0,"normal",,15,,,
"Morning workout ☀️","11 Nov 2025, 05:19","11 Nov 2025, 06:09","","Chest Press (Machine)",,"",0,"normal",20,10,,,
"Morning workout ☀️","11 Nov 2025, 05:19","11 Nov 2025, 06:09","","Chest Press (Machine)",,"",1,"normal",40,10,,,
"Morning workout ☀️","11 Nov 2025, 05:19","11 Nov 2025, 06:09","","Chest Press (Machine)",,"",2,"normal",50,10,,,
"Morning workout ☀️","11 Nov 2025, 05:19","11 Nov 2025, 06:09","","Chest Press (Machine)",,"",3,"normal",50,10,,,
"Morning workout ☀️","11 Nov 2025, 05:19","11 Nov 2025, 06:09","","Chest Press (Machine)",,"",4,"failure",50,12,,,
"Morning workout ☀️","11 Nov 2025, 05:19","11 Nov 2025, 06:09","","Seated Cable Row - V Grip (Cable)",,"",0,"normal",42,10,,,
"Morning workout ☀️","11 Nov 2025, 05:19","11 Nov 2025, 06:09","","Seated Cable Row - V Grip (Cable)",,"",1,"normal",42,10,,,
"Morning workout ☀️","11 Nov 2025, 05:19","11 Nov 2025, 06:09","","Seated Cable Row - V Grip (Cable)",,"",2,"normal",42,10,,,
"Morning workout ☀️","11 Nov 2025, 05:19","11 Nov 2025, 06:09","","Seated Cable Row - V Grip (Cable)",,"",3,"failure",42,11,,,
"Morning workout ☀️","11 Nov 2025, 05:19","11 Nov 2025, 06:09","","Skullcrusher (Barbell)",,"",0,"normal",12,11,,,
"Morning workout ☀️","11 Nov 2025, 05:19","11 Nov 2025, 06:09","","Skullcrusher (Barbell)",,"",1,"normal",12,11,,,
"Morning workout ☀️","11 Nov 2025, 05:19","11 Nov 2025, 06:09","","Skullcrusher (Barbell)",,"",2,"normal",12,11,,,
"Morning workout ☀️","11 Nov 2025, 05:19","11 Nov 2025, 06:09","","Skullcrusher (Barbell)",,"",3,"failure",12,12,,,
"Morning workout ☀️","11 Nov 2025, 05:19","11 Nov 2025, 06:09","","Bicep Curl (Barbell)",,"",0,"normal",19.5,10,,,
"Morning workout ☀️","11 Nov 2025, 05:19","11 Nov 2025, 06:09","","Bicep Curl (Barbell)",,"",1,"normal",19.5,10,,,
"Morning workout ☀️","11 Nov 2025, 05:19","11 Nov 2025, 06:09","","Bicep Curl (Barbell)",,"",2,"normal",19.5,10,,,
"Morning workout ☀️","11 Nov 2025, 05:19","11 Nov 2025, 06:09","","Bicep Curl (Barbell)",,"",3,"failure",19.5,10,,,
"Morning workout ☀️","11 Nov 2025, 05:19","11 Nov 2025, 06:09","","Lateral Raise (Dumbbell)",,"",0,"normal",6,10,,,
"Morning workout ☀️","11 Nov 2025, 05:19","11 Nov 2025, 06:09","","Lateral Raise (Dumbbell)",,"",1,"normal",6,10,,,
"Morning workout ☀️","11 Nov 2025, 05:19","11 Nov 2025, 06:09","","Lateral Raise (Dumbbell)",,"",2,"normal",6,10,,,
"Morning workout ☀️","11 Nov 2025, 05:19","11 Nov 2025, 06:09","","Lateral Raise (Dumbbell)",,"",3,"normal",6,10,,,
"Morning workout ☀️","11 Nov 2025, 05:19","11 Nov 2025, 06:09","","Diamond Push Up",,"",0,"normal",,20,,,
"Day UpperBody","8 Nov 2025, 05:20","8 Nov 2025, 06:22","","Lat Pulldown (Cable)",,"",0,"normal",20,10,,,
"Day UpperBody","8 Nov 2025, 05:20","8 Nov 2025, 06:22","","Lat Pulldown (Cable)",,"",1,"normal",42,10,,,
"Day UpperBody","8 Nov 2025, 05:20","8 Nov 2025, 06:22","","Lat Pulldown (Cable)",,"",2,"normal",42,10,,,
"Day UpperBody","8 Nov 2025, 05:20","8 Nov 2025, 06:22","","Lat Pulldown (Cable)",,"",3,"normal",42,10,,,
"Day UpperBody","8 Nov 2025, 05:20","8 Nov 2025, 06:22","","Lat Pulldown (Cable)",,"",4,"normal",42,8,,,
"Day UpperBody","8 Nov 2025, 05:20","8 Nov 2025, 06:22","","Bench Press (Barbell)",,"",0,"normal",20,10,,,
"Day UpperBody","8 Nov 2025, 05:20","8 Nov 2025, 06:22","","Bench Press (Barbell)",,"",1,"normal",45,10,,,
"Day UpperBody","8 Nov 2025, 05:20","8 Nov 2025, 06:22","","Bench Press (Barbell)",,"",2,"normal",40,10,,,
"Day UpperBody","8 Nov 2025, 05:20","8 Nov 2025, 06:22","","Bench Press (Barbell)",,"",3,"normal",40,10,,,
"Day UpperBody","8 Nov 2025, 05:20","8 Nov 2025, 06:22","","Bench Press (Barbell)",,"",4,"failure",40,6,,,
"Day UpperBody","8 Nov 2025, 05:20","8 Nov 2025, 06:22","","Seated Cable Row - V Grip (Cable)",,"",0,"normal",42,10,,,
"Day UpperBody","8 Nov 2025, 05:20","8 Nov 2025, 06:22","","Seated Cable Row - V Grip (Cable)",,"",1,"normal",42,10,,,
"Day UpperBody","8 Nov 2025, 05:20","8 Nov 2025, 06:22","","Seated Cable Row - V Grip (Cable)",,"",2,"normal",42,10,,,
"Day UpperBody","8 Nov 2025, 05:20","8 Nov 2025, 06:22","","Seated Cable Row - V Grip (Cable)",,"",3,"failure",42,8,,,
"Day UpperBody","8 Nov 2025, 05:20","8 Nov 2025, 06:22","","Skullcrusher (Barbell)",,"",0,"normal",12,10,,,
"Day UpperBody","8 Nov 2025, 05:20","8 Nov 2025, 06:22","","Skullcrusher (Barbell)",,"",1,"normal",12,10,,,
"Day UpperBody","8 Nov 2025, 05:20","8 Nov 2025, 06:22","","Skullcrusher (Barbell)",,"",2,"normal",12,10,,,
"Day UpperBody","8 Nov 2025, 05:20","8 Nov 2025, 06:22","","Skullcrusher (Barbell)",,"",3,"failure",12,11,,,
"Day UpperBody","8 Nov 2025, 05:20","8 Nov 2025, 06:22","","Bicep Curl (Barbell)",,"",0,"normal",19.5,10,,,
"Day UpperBody","8 Nov 2025, 05:20","8 Nov 2025, 06:22","","Bicep Curl (Barbell)",,"",1,"normal",19.5,10,,,
"Day UpperBody","8 Nov 2025, 05:20","8 Nov 2025, 06:22","","Bicep Curl (Barbell)",,"",2,"normal",19.5,10,,,
"Day UpperBody","8 Nov 2025, 05:20","8 Nov 2025, 06:22","","Bicep Curl (Barbell)",,"",3,"failure",19.5,9,,,
"Day UpperBody","8 Nov 2025, 05:20","8 Nov 2025, 06:22","","Lateral Raise (Dumbbell)",,"",0,"normal",6,10,,,
"Day UpperBody","8 Nov 2025, 05:20","8 Nov 2025, 06:22","","Lateral Raise (Dumbbell)",,"",1,"normal",6,10,,,
"Day UpperBody","8 Nov 2025, 05:20","8 Nov 2025, 06:22","","Lateral Raise (Dumbbell)",,"",2,"normal",6,10,,,
"Day UpperBody","8 Nov 2025, 05:20","8 Nov 2025, 06:22","","Lateral Raise (Dumbbell)",,"",3,"normal",6,10,,,
"Day UpperBody","8 Nov 2025, 05:20","8 Nov 2025, 06:22","","Diamond Push Up",,"",0,"normal",,18,,,
"Day UpperBody","6 Nov 2025, 05:06","6 Nov 2025, 06:08","","Lat Pulldown (Cable)",,"",0,"normal",20,10,,,
"Day UpperBody","6 Nov 2025, 05:06","6 Nov 2025, 06:08","","Lat Pulldown (Cable)",,"",1,"normal",42,10,,,
"Day UpperBody","6 Nov 2025, 05:06","6 Nov 2025, 06:08","","Lat Pulldown (Cable)",,"",2,"normal",42,10,,,
"Day UpperBody","6 Nov 2025, 05:06","6 Nov 2025, 06:08","","Lat Pulldown (Cable)",,"",3,"normal",42,10,,,
"Day UpperBody","6 Nov 2025, 05:06","6 Nov 2025, 06:08","","Lat Pulldown (Cable)",,"",4,"failure",42,9,,,
"Day UpperBody","6 Nov 2025, 05:06","6 Nov 2025, 06:08","","Bench Press (Barbell)",,"",0,"normal",20,10,,,
"Day UpperBody","6 Nov 2025, 05:06","6 Nov 2025, 06:08","","Bench Press (Barbell)",,"",1,"normal",45,10,,,
"Day UpperBody","6 Nov 2025, 05:06","6 Nov 2025, 06:08","","Bench Press (Barbell)",,"",2,"normal",45,10,,,
"Day UpperBody","6 Nov 2025, 05:06","6 Nov 2025, 06:08","","Bench Press (Barbell)",,"",3,"normal",40,8,,,
"Day UpperBody","6 Nov 2025, 05:06","6 Nov 2025, 06:08","","Bench Press (Barbell)",,"",4,"failure",40,6,,,
"Day UpperBody","6 Nov 2025, 05:06","6 Nov 2025, 06:08","","Seated Cable Row - V Grip (Cable)",,"",0,"normal",42,10,,,
"Day UpperBody","6 Nov 2025, 05:06","6 Nov 2025, 06:08","","Seated Cable Row - V Grip (Cable)",,"",1,"normal",42,10,,,
"Day UpperBody","6 Nov 2025, 05:06","6 Nov 2025, 06:08","","Seated Cable Row - V Grip (Cable)",,"",2,"normal",42,10,,,
"Day UpperBody","6 Nov 2025, 05:06","6 Nov 2025, 06:08","","Seated Cable Row - V Grip (Cable)",,"",3,"failure",42,8,,,
"Day UpperBody","6 Nov 2025, 05:06","6 Nov 2025, 06:08","","Skullcrusher (Barbell)",,"",0,"normal",12,10,,,
"Day UpperBody","6 Nov 2025, 05:06","6 Nov 2025, 06:08","","Skullcrusher (Barbell)",,"",1,"normal",12,10,,,
"Day UpperBody","6 Nov 2025, 05:06","6 Nov 2025, 06:08","","Skullcrusher (Barbell)",,"",2,"normal",12,10,,,
"Day UpperBody","6 Nov 2025, 05:06","6 Nov 2025, 06:08","","Skullcrusher (Barbell)",,"",3,"failure",12,10,,,
"Day UpperBody","6 Nov 2025, 05:06","6 Nov 2025, 06:08","","Bicep Curl (Barbell)",,"",0,"normal",19.5,10,,,
"Day UpperBody","6 Nov 2025, 05:06","6 Nov 2025, 06:08","","Bicep Curl (Barbell)",,"",1,"normal",19.5,10,,,
"Day UpperBody","6 Nov 2025, 05:06","6 Nov 2025, 06:08","","Bicep Curl (Barbell)",,"",2,"normal",19.5,10,,,
"Day UpperBody","6 Nov 2025, 05:06","6 Nov 2025, 06:08","","Bicep Curl (Barbell)",,"",3,"failure",19.5,9,,,
"Day UpperBody","6 Nov 2025, 05:06","6 Nov 2025, 06:08","","Lateral Raise (Dumbbell)",,"",0,"normal",6,10,,,
"Day UpperBody","6 Nov 2025, 05:06","6 Nov 2025, 06:08","","Lateral Raise (Dumbbell)",,"",1,"normal",6,10,,,
"Day UpperBody","6 Nov 2025, 05:06","6 Nov 2025, 06:08","","Lateral Raise (Dumbbell)",,"",2,"normal",6,10,,,
"Day UpperBody","6 Nov 2025, 05:06","6 Nov 2025, 06:08","","Lateral Raise (Dumbbell)",,"",3,"normal",5,10,,,
"Day UpperBody","6 Nov 2025, 05:06","6 Nov 2025, 06:08","","Diamond Push Up",,"",0,"normal",,15,,,
"Day UpperBody","4 Nov 2025, 04:18","4 Nov 2025, 05:30","","Lat Pulldown (Cable)",,"",0,"normal",48,10,,,
"Day UpperBody","4 Nov 2025, 04:18","4 Nov 2025, 05:30","","Lat Pulldown (Cable)",,"",1,"normal",42,10,,,
"Day UpperBody","4 Nov 2025, 04:18","4 Nov 2025, 05:30","","Lat Pulldown (Cable)",,"",2,"normal",42,9,,,
"Day UpperBody","4 Nov 2025, 04:18","4 Nov 2025, 05:30","","Lat Pulldown (Cable)",,"",3,"failure",36,10,,,
"Day UpperBody","4 Nov 2025, 04:18","4 Nov 2025, 05:30","","Bench Press (Barbell)",,"",0,"normal",20,10,,,
"Day UpperBody","4 Nov 2025, 04:18","4 Nov 2025, 05:30","","Bench Press (Barbell)",,"",1,"normal",45,10,,,
"Day UpperBody","4 Nov 2025, 04:18","4 Nov 2025, 05:30","","Bench Press (Barbell)",,"",2,"normal",40,10,,,
"Day UpperBody","4 Nov 2025, 04:18","4 Nov 2025, 05:30","","Bench Press (Barbell)",,"",3,"normal",40,10,,,
"Day UpperBody","4 Nov 2025, 04:18","4 Nov 2025, 05:30","","Bench Press (Barbell)",,"",4,"failure",40,11,,,
"Day UpperBody","4 Nov 2025, 04:18","4 Nov 2025, 05:30","","Seated Cable Row - V Grip (Cable)",,"",0,"normal",42,10,,,
"Day UpperBody","4 Nov 2025, 04:18","4 Nov 2025, 05:30","","Seated Cable Row - V Grip (Cable)",,"",1,"normal",36,10,,,
"Day UpperBody","4 Nov 2025, 04:18","4 Nov 2025, 05:30","","Seated Cable Row - V Grip (Cable)",,"",2,"normal",36,10,,,
"Day UpperBody","4 Nov 2025, 04:18","4 Nov 2025, 05:30","","Seated Cable Row - V Grip (Cable)",,"",3,"failure",36,8,,,
"Day UpperBody","4 Nov 2025, 04:18","4 Nov 2025, 05:30","","Skullcrusher (Barbell)",,"",0,"normal",12,10,,,
"Day UpperBody","4 Nov 2025, 04:18","4 Nov 2025, 05:30","","Skullcrusher (Barbell)",,"",1,"normal",12,10,,,
"Day UpperBody","4 Nov 2025, 04:18","4 Nov 2025, 05:30","","Skullcrusher (Barbell)",,"",2,"normal",12,10,,,
"Day UpperBody","4 Nov 2025, 04:18","4 Nov 2025, 05:30","","Skullcrusher (Barbell)",,"",3,"failure",12,10,,,
"Day UpperBody","4 Nov 2025, 04:18","4 Nov 2025, 05:30","","Bicep Curl (Barbell)",,"",0,"normal",19.5,10,,,
"Day UpperBody","4 Nov 2025, 04:18","4 Nov 2025, 05:30","","Bicep Curl (Barbell)",,"",1,"normal",19.5,10,,,
"Day UpperBody","4 Nov 2025, 04:18","4 Nov 2025, 05:30","","Bicep Curl (Barbell)",,"",2,"normal",19.5,10,,,
"Day UpperBody","4 Nov 2025, 04:18","4 Nov 2025, 05:30","","Bicep Curl (Barbell)",,"",3,"failure",19.5,8,,,
"Day UpperBody","4 Nov 2025, 04:18","4 Nov 2025, 05:30","","Lateral Raise (Dumbbell)",,"",0,"normal",6,10,,,
"Day UpperBody","4 Nov 2025, 04:18","4 Nov 2025, 05:30","","Lateral Raise (Dumbbell)",,"",1,"normal",6,10,,,
"Day UpperBody","4 Nov 2025, 04:18","4 Nov 2025, 05:30","","Lateral Raise (Dumbbell)",,"",2,"normal",5,10,,,
"Day UpperBody","4 Nov 2025, 04:18","4 Nov 2025, 05:30","","Lateral Raise (Dumbbell)",,"",3,"normal",5,10,,,
"Day UpperBody","4 Nov 2025, 04:18","4 Nov 2025, 05:30","","Diamond Push Up",,"",0,"normal",,20,,,
"Day UpperBody","1 Nov 2025, 06:11","1 Nov 2025, 07:17","","Lat Pulldown (Cable)",,"",0,"normal",48,8,,,
"Day UpperBody","1 Nov 2025, 06:11","1 Nov 2025, 07:17","","Lat Pulldown (Cable)",,"",1,"normal",36,8,,,
"Day UpperBody","1 Nov 2025, 06:11","1 Nov 2025, 07:17","","Lat Pulldown (Cable)",,"",2,"normal",30,10,,,
"Day UpperBody","1 Nov 2025, 06:11","1 Nov 2025, 07:17","","Lat Pulldown (Cable)",,"",3,"normal",30,15,,,
"Day UpperBody","1 Nov 2025, 06:11","1 Nov 2025, 07:17","","Bench Press (Barbell)",,"",0,"normal",20,10,,,
"Day UpperBody","1 Nov 2025, 06:11","1 Nov 2025, 07:17","","Bench Press (Barbell)",,"",1,"normal",40,10,,,
"Day UpperBody","1 Nov 2025, 06:11","1 Nov 2025, 07:17","","Bench Press (Barbell)",,"",2,"normal",40,10,,,
"Day UpperBody","1 Nov 2025, 06:11","1 Nov 2025, 07:17","","Bench Press (Barbell)",,"",3,"normal",40,10,,,
"Day UpperBody","1 Nov 2025, 06:11","1 Nov 2025, 07:17","","Bench Press (Barbell)",,"",4,"normal",40,10,,,
"Day UpperBody","1 Nov 2025, 06:11","1 Nov 2025, 07:17","","Seated Cable Row - V Grip (Cable)",,"",0,"normal",42,10,,,
"Day UpperBody","1 Nov 2025, 06:11","1 Nov 2025, 07:17","","Seated Cable Row - V Grip (Cable)",,"",1,"normal",42,10,,,
"Day UpperBody","1 Nov 2025, 06:11","1 Nov 2025, 07:17","","Seated Cable Row - V Grip (Cable)",,"",2,"normal",42,10,,,
"Day UpperBody","1 Nov 2025, 06:11","1 Nov 2025, 07:17","","Seated Cable Row - V Grip (Cable)",,"",3,"failure",42,8,,,
"Day UpperBody","1 Nov 2025, 06:11","1 Nov 2025, 07:17","","Skullcrusher (Barbell)",,"",0,"normal",12,10,,,
"Day UpperBody","1 Nov 2025, 06:11","1 Nov 2025, 07:17","","Skullcrusher (Barbell)",,"",1,"normal",12,10,,,
"Day UpperBody","1 Nov 2025, 06:11","1 Nov 2025, 07:17","","Skullcrusher (Barbell)",,"",2,"normal",12,10,,,
"Day UpperBody","1 Nov 2025, 06:11","1 Nov 2025, 07:17","","Skullcrusher (Barbell)",,"",3,"failure",12,10,,,
"Day UpperBody","1 Nov 2025, 06:11","1 Nov 2025, 07:17","","Bicep Curl (Barbell)",,"",0,"normal",17,10,,,
"Day UpperBody","1 Nov 2025, 06:11","1 Nov 2025, 07:17","","Bicep Curl (Barbell)",,"",1,"normal",17,10,,,
"Day UpperBody","1 Nov 2025, 06:11","1 Nov 2025, 07:17","","Bicep Curl (Barbell)",,"",2,"normal",17,10,,,
"Day UpperBody","1 Nov 2025, 06:11","1 Nov 2025, 07:17","","Bicep Curl (Barbell)",,"",3,"failure",17,10,,,
"Day UpperBody","1 Nov 2025, 06:11","1 Nov 2025, 07:17","","Lateral Raise (Dumbbell)",,"",0,"normal",6,10,,,
"Day UpperBody","1 Nov 2025, 06:11","1 Nov 2025, 07:17","","Lateral Raise (Dumbbell)",,"",1,"normal",6,10,,,
"Day UpperBody","1 Nov 2025, 06:11","1 Nov 2025, 07:17","","Lateral Raise (Dumbbell)",,"",2,"normal",5,10,,,
"Day UpperBody","1 Nov 2025, 06:11","1 Nov 2025, 07:17","","Lateral Raise (Dumbbell)",,"",3,"normal",5,10,,,
"Day UpperBody","1 Nov 2025, 06:11","1 Nov 2025, 07:17","","Diamond Push Up",,"",0,"normal",,10,,,
"Day UpperBody","25 Oct 2025, 05:13","25 Oct 2025, 06:25","","Lat Pulldown (Cable)",,"",0,"normal",24,10,,,
"Day UpperBody","25 Oct 2025, 05:13","25 Oct 2025, 06:25","","Lat Pulldown (Cable)",,"",1,"normal",48,10,,,
"Day UpperBody","25 Oct 2025, 05:13","25 Oct 2025, 06:25","","Lat Pulldown (Cable)",,"",2,"normal",48,9,,,
"Day UpperBody","25 Oct 2025, 05:13","25 Oct 2025, 06:25","","Lat Pulldown (Cable)",,"",3,"normal",42,10,,,
"Day UpperBody","25 Oct 2025, 05:13","25 Oct 2025, 06:25","","Lat Pulldown (Cable)",,"",4,"normal",36,10,,,
"Day UpperBody","25 Oct 2025, 05:13","25 Oct 2025, 06:25","","Bench Press (Barbell)",,"",0,"normal",20,10,,,
"Day UpperBody","25 Oct 2025, 05:13","25 Oct 2025, 06:25","","Bench Press (Barbell)",,"",1,"normal",40,10,,,
"Day UpperBody","25 Oct 2025, 05:13","25 Oct 2025, 06:25","","Bench Press (Barbell)",,"",2,"normal",40,10,,,
"Day UpperBody","25 Oct 2025, 05:13","25 Oct 2025, 06:25","","Bench Press (Barbell)",,"",3,"normal",40,10,,,
"Day UpperBody","25 Oct 2025, 05:13","25 Oct 2025, 06:25","","Bench Press (Barbell)",,"",4,"failure",40,10,,,
"Day UpperBody","25 Oct 2025, 05:13","25 Oct 2025, 06:25","","Seated Cable Row - V Grip (Cable)",,"",0,"normal",42,10,,,
"Day UpperBody","25 Oct 2025, 05:13","25 Oct 2025, 06:25","","Seated Cable Row - V Grip (Cable)",,"",1,"normal",42,10,,,
"Day UpperBody","25 Oct 2025, 05:13","25 Oct 2025, 06:25","","Seated Cable Row - V Grip (Cable)",,"",2,"normal",42,10,,,
"Day UpperBody","25 Oct 2025, 05:13","25 Oct 2025, 06:25","","Seated Cable Row - V Grip (Cable)",,"",3,"failure",36,11,,,
"Day UpperBody","25 Oct 2025, 05:13","25 Oct 2025, 06:25","","Skullcrusher (Barbell)",,"",0,"normal",12,10,,,
"Day UpperBody","25 Oct 2025, 05:13","25 Oct 2025, 06:25","","Skullcrusher (Barbell)",,"",1,"normal",12,10,,,
"Day UpperBody","25 Oct 2025, 05:13","25 Oct 2025, 06:25","","Skullcrusher (Barbell)",,"",2,"normal",12,10,,,
"Day UpperBody","25 Oct 2025, 05:13","25 Oct 2025, 06:25","","Skullcrusher (Barbell)",,"",3,"failure",12,10,,,
"Day UpperBody","25 Oct 2025, 05:13","25 Oct 2025, 06:25","","Bicep Curl (Barbell)",,"",0,"normal",17,10,,,
"Day UpperBody","25 Oct 2025, 05:13","25 Oct 2025, 06:25","","Bicep Curl (Barbell)",,"",1,"normal",17,10,,,
"Day UpperBody","25 Oct 2025, 05:13","25 Oct 2025, 06:25","","Bicep Curl (Barbell)",,"",2,"normal",17,10,,,
"Day UpperBody","25 Oct 2025, 05:13","25 Oct 2025, 06:25","","Bicep Curl (Barbell)",,"",3,"failure",17,10,,,
"Day UpperBody","25 Oct 2025, 05:13","25 Oct 2025, 06:25","","Lateral Raise (Dumbbell)",,"",0,"normal",6,10,,,
"Day UpperBody","25 Oct 2025, 05:13","25 Oct 2025, 06:25","","Lateral Raise (Dumbbell)",,"",1,"normal",6,10,,,
"Day UpperBody","25 Oct 2025, 05:13","25 Oct 2025, 06:25","","Lateral Raise (Dumbbell)",,"",2,"normal",5,10,,,
"Day UpperBody","25 Oct 2025, 05:13","25 Oct 2025, 06:25","","Lateral Raise (Dumbbell)",,"",3,"normal",5,10,,,
"Day UpperBody","25 Oct 2025, 05:13","25 Oct 2025, 06:25","","Diamond Push Up",,"",0,"normal",,12,,,
"Day UpperBody","21 Oct 2025, 09:19","21 Oct 2025, 10:26","","Lat Pulldown (Cable)",,"",0,"normal",24,10,,,
"Day UpperBody","21 Oct 2025, 09:19","21 Oct 2025, 10:26","","Lat Pulldown (Cable)",,"",1,"normal",48,10,,,
"Day UpperBody","21 Oct 2025, 09:19","21 Oct 2025, 10:26","","Lat Pulldown (Cable)",,"",2,"normal",42,10,,,
"Day UpperBody","21 Oct 2025, 09:19","21 Oct 2025, 10:26","","Lat Pulldown (Cable)",,"",3,"normal",36,10,,,
"Day UpperBody","21 Oct 2025, 09:19","21 Oct 2025, 10:26","","Lat Pulldown (Cable)",,"",4,"normal",36,10,,,
"Day UpperBody","21 Oct 2025, 09:19","21 Oct 2025, 10:26","","Bench Press (Barbell)",,"",0,"normal",20,10,,,
"Day UpperBody","21 Oct 2025, 09:19","21 Oct 2025, 10:26","","Bench Press (Barbell)",,"",1,"normal",40,10,,,
"Day UpperBody","21 Oct 2025, 09:19","21 Oct 2025, 10:26","","Bench Press (Barbell)",,"",2,"normal",40,10,,,
"Day UpperBody","21 Oct 2025, 09:19","21 Oct 2025, 10:26","","Bench Press (Barbell)",,"",3,"normal",40,7,,,
"Day UpperBody","21 Oct 2025, 09:19","21 Oct 2025, 10:26","","Bench Press (Barbell)",,"",4,"failure",40,6,,,
"Day UpperBody","21 Oct 2025, 09:19","21 Oct 2025, 10:26","","Seated Cable Row - V Grip (Cable)",,"",0,"normal",42,10,,,
"Day UpperBody","21 Oct 2025, 09:19","21 Oct 2025, 10:26","","Seated Cable Row - V Grip (Cable)",,"",1,"normal",42,10,,,
"Day UpperBody","21 Oct 2025, 09:19","21 Oct 2025, 10:26","","Seated Cable Row - V Grip (Cable)",,"",2,"normal",36,10,,,
"Day UpperBody","21 Oct 2025, 09:19","21 Oct 2025, 10:26","","Seated Cable Row - V Grip (Cable)",,"",3,"failure",36,8,,,
"Day UpperBody","21 Oct 2025, 09:19","21 Oct 2025, 10:26","","Skullcrusher (Barbell)",,"",0,"normal",12,10,,,
"Day UpperBody","21 Oct 2025, 09:19","21 Oct 2025, 10:26","","Skullcrusher (Barbell)",,"",1,"normal",12,10,,,
"Day UpperBody","21 Oct 2025, 09:19","21 Oct 2025, 10:26","","Skullcrusher (Barbell)",,"",2,"normal",12,10,,,
"Day UpperBody","21 Oct 2025, 09:19","21 Oct 2025, 10:26","","Skullcrusher (Barbell)",,"",3,"failure",12,8,,,
"Day UpperBody","21 Oct 2025, 09:19","21 Oct 2025, 10:26","","Bicep Curl (Barbell)",,"",0,"normal",17,10,,,
"Day UpperBody","21 Oct 2025, 09:19","21 Oct 2025, 10:26","","Bicep Curl (Barbell)",,"",1,"normal",17,10,,,
"Day UpperBody","21 Oct 2025, 09:19","21 Oct 2025, 10:26","","Bicep Curl (Barbell)",,"",2,"normal",17,10,,,
"Day UpperBody","21 Oct 2025, 09:19","21 Oct 2025, 10:26","","Bicep Curl (Barbell)",,"",3,"failure",17,14,,,
"Day UpperBody","21 Oct 2025, 09:19","21 Oct 2025, 10:26","","Lateral Raise (Dumbbell)",,"",0,"normal",5,10,,,
"Day UpperBody","21 Oct 2025, 09:19","21 Oct 2025, 10:26","","Lateral Raise (Dumbbell)",,"",1,"normal",5,10,,,
"Day UpperBody","21 Oct 2025, 09:19","21 Oct 2025, 10:26","","Lateral Raise (Dumbbell)",,"",2,"normal",5,10,,,
"Day UpperBody","21 Oct 2025, 09:19","21 Oct 2025, 10:26","","Lateral Raise (Dumbbell)",,"",3,"normal",5,10,,,
"Day UpperBody","21 Oct 2025, 09:19","21 Oct 2025, 10:26","","Diamond Push Up",,"",0,"normal",,10,,,
"Day UpperBody","16 Oct 2025, 05:27","16 Oct 2025, 06:28","","Lat Pulldown (Cable)",,"",0,"normal",24,10,,,
"Day UpperBody","16 Oct 2025, 05:27","16 Oct 2025, 06:28","","Lat Pulldown (Cable)",,"",1,"normal",48,10,,,
"Day UpperBody","16 Oct 2025, 05:27","16 Oct 2025, 06:28","","Lat Pulldown (Cable)",,"",2,"normal",48,10,,,
"Day UpperBody","16 Oct 2025, 05:27","16 Oct 2025, 06:28","","Lat Pulldown (Cable)",,"",3,"normal",42,9,,,
"Day UpperBody","16 Oct 2025, 05:27","16 Oct 2025, 06:28","","Lat Pulldown (Cable)",,"",4,"failure",42,7,,,
"Day UpperBody","16 Oct 2025, 05:27","16 Oct 2025, 06:28","","Bench Press (Barbell)",,"",0,"normal",20,10,,,
"Day UpperBody","16 Oct 2025, 05:27","16 Oct 2025, 06:28","","Bench Press (Barbell)",,"",1,"normal",40,10,,,
"Day UpperBody","16 Oct 2025, 05:27","16 Oct 2025, 06:28","","Bench Press (Barbell)",,"",2,"normal",40,10,,,
"Day UpperBody","16 Oct 2025, 05:27","16 Oct 2025, 06:28","","Bench Press (Barbell)",,"",3,"normal",40,10,,,
"Day UpperBody","16 Oct 2025, 05:27","16 Oct 2025, 06:28","","Bench Press (Barbell)",,"",4,"failure",40,7,,,
"Day UpperBody","16 Oct 2025, 05:27","16 Oct 2025, 06:28","","Iso-Lateral Row (Machine)",,"",0,"normal",42,10,,,
"Day UpperBody","16 Oct 2025, 05:27","16 Oct 2025, 06:28","","Iso-Lateral Row (Machine)",,"",1,"normal",42,10,,,
"Day UpperBody","16 Oct 2025, 05:27","16 Oct 2025, 06:28","","Iso-Lateral Row (Machine)",,"",2,"normal",42,9,,,
"Day UpperBody","16 Oct 2025, 05:27","16 Oct 2025, 06:28","","Iso-Lateral Row (Machine)",,"",3,"failure",36,9,,,
"Day UpperBody","16 Oct 2025, 05:27","16 Oct 2025, 06:28","","Skullcrusher (Barbell)",,"",0,"normal",12,10,,,
"Day UpperBody","16 Oct 2025, 05:27","16 Oct 2025, 06:28","","Skullcrusher (Barbell)",,"",1,"normal",12,10,,,
"Day UpperBody","16 Oct 2025, 05:27","16 Oct 2025, 06:28","","Skullcrusher (Barbell)",,"",2,"normal",12,9,,,
"Day UpperBody","16 Oct 2025, 05:27","16 Oct 2025, 06:28","","Skullcrusher (Barbell)",,"",3,"failure",12,7,,,
"Day UpperBody","16 Oct 2025, 05:27","16 Oct 2025, 06:28","","Bicep Curl (Barbell)",,"",0,"normal",17,10,,,
"Day UpperBody","16 Oct 2025, 05:27","16 Oct 2025, 06:28","","Bicep Curl (Barbell)",,"",1,"normal",17,10,,,
"Day UpperBody","16 Oct 2025, 05:27","16 Oct 2025, 06:28","","Bicep Curl (Barbell)",,"",2,"normal",17,10,,,
"Day UpperBody","16 Oct 2025, 05:27","16 Oct 2025, 06:28","","Bicep Curl (Barbell)",,"",3,"failure",17,9,,,
"Day UpperBody","16 Oct 2025, 05:27","16 Oct 2025, 06:28","","Lateral Raise (Dumbbell)",,"",0,"normal",4,10,,,
"Day UpperBody","16 Oct 2025, 05:27","16 Oct 2025, 06:28","","Lateral Raise (Dumbbell)",,"",1,"normal",4,10,,,
"Day UpperBody","16 Oct 2025, 05:27","16 Oct 2025, 06:28","","Lateral Raise (Dumbbell)",,"",2,"normal",4,10,,,
"Day UpperBody","16 Oct 2025, 05:27","16 Oct 2025, 06:28","","Lateral Raise (Dumbbell)",,"",3,"normal",4,10,,,
"Day UpperBody","16 Oct 2025, 05:27","16 Oct 2025, 06:28","","Lateral Raise (Dumbbell)",,"",4,"normal",2,14,,,
"Day UpperBody","14 Oct 2025, 04:21","14 Oct 2025, 05:56","","Lat Pulldown (Cable)",,"",0,"normal",24,10,,,
"Day UpperBody","14 Oct 2025, 04:21","14 Oct 2025, 05:56","","Lat Pulldown (Cable)",,"",1,"normal",42,10,,,
"Day UpperBody","14 Oct 2025, 04:21","14 Oct 2025, 05:56","","Lat Pulldown (Cable)",,"",2,"normal",42,10,,,
"Day UpperBody","14 Oct 2025, 04:21","14 Oct 2025, 05:56","","Lat Pulldown (Cable)",,"",3,"normal",42,10,,,
"Day UpperBody","14 Oct 2025, 04:21","14 Oct 2025, 05:56","","Lat Pulldown (Cable)",,"",4,"normal",42,10,,,
"Day UpperBody","14 Oct 2025, 04:21","14 Oct 2025, 05:56","","Bench Press (Barbell)",,"",0,"normal",20,10,,,
"Day UpperBody","14 Oct 2025, 04:21","14 Oct 2025, 05:56","","Bench Press (Barbell)",,"",1,"normal",40,10,,,
"Day UpperBody","14 Oct 2025, 04:21","14 Oct 2025, 05:56","","Bench Press (Barbell)",,"",2,"normal",40,10,,,
"Day UpperBody","14 Oct 2025, 04:21","14 Oct 2025, 05:56","","Bench Press (Barbell)",,"",3,"normal",40,10,,,
"Day UpperBody","14 Oct 2025, 04:21","14 Oct 2025, 05:56","","Bench Press (Barbell)",,"",4,"failure",40,10,,,
"Day UpperBody","14 Oct 2025, 04:21","14 Oct 2025, 05:56","","Iso-Lateral Row (Machine)",,"",0,"normal",36,10,,,
"Day UpperBody","14 Oct 2025, 04:21","14 Oct 2025, 05:56","","Iso-Lateral Row (Machine)",,"",1,"normal",42,10,,,
"Day UpperBody","14 Oct 2025, 04:21","14 Oct 2025, 05:56","","Iso-Lateral Row (Machine)",,"",2,"normal",42,10,,,
"Day UpperBody","14 Oct 2025, 04:21","14 Oct 2025, 05:56","","Iso-Lateral Row (Machine)",,"",3,"failure",36,13,,,
"Day UpperBody","14 Oct 2025, 04:21","14 Oct 2025, 05:56","","Skullcrusher (Barbell)",,"",0,"normal",12,10,,,
"Day UpperBody","14 Oct 2025, 04:21","14 Oct 2025, 05:56","","Skullcrusher (Barbell)",,"",1,"normal",12,10,,,
"Day UpperBody","14 Oct 2025, 04:21","14 Oct 2025, 05:56","","Skullcrusher (Barbell)",,"",2,"normal",12,9,,,
"Day UpperBody","14 Oct 2025, 04:21","14 Oct 2025, 05:56","","Skullcrusher (Barbell)",,"",3,"failure",8,8,,,
"Day UpperBody","14 Oct 2025, 04:21","14 Oct 2025, 05:56","","Bicep Curl (Barbell)",,"",0,"normal",18,10,,,
"Day UpperBody","14 Oct 2025, 04:21","14 Oct 2025, 05:56","","Bicep Curl (Barbell)",,"",1,"normal",18,11,,,
"Day UpperBody","14 Oct 2025, 04:21","14 Oct 2025, 05:56","","Bicep Curl (Barbell)",,"",2,"normal",18,10,,,
"Day UpperBody","14 Oct 2025, 04:21","14 Oct 2025, 05:56","","Bicep Curl (Barbell)",,"",3,"failure",18,9,,,
"Day UpperBody","14 Oct 2025, 04:21","14 Oct 2025, 05:56","","Lateral Raise (Dumbbell)",,"",0,"normal",4,10,,,
"Day UpperBody","14 Oct 2025, 04:21","14 Oct 2025, 05:56","","Lateral Raise (Dumbbell)",,"",1,"normal",4,10,,,
"Day UpperBody","14 Oct 2025, 04:21","14 Oct 2025, 05:56","","Lateral Raise (Dumbbell)",,"",2,"normal",4,10,,,
"Day UpperBody","14 Oct 2025, 04:21","14 Oct 2025, 05:56","","Lateral Raise (Dumbbell)",,"",3,"normal",4,10,,,
"Day UpperBody","9 Oct 2025, 05:05","9 Oct 2025, 06:06","","Lat Pulldown (Cable)",,"",0,"normal",24,10,,,
"Day UpperBody","9 Oct 2025, 05:05","9 Oct 2025, 06:06","","Lat Pulldown (Cable)",,"",1,"normal",42,10,,,
"Day UpperBody","9 Oct 2025, 05:05","9 Oct 2025, 06:06","","Lat Pulldown (Cable)",,"",2,"normal",42,10,,,
"Day UpperBody","9 Oct 2025, 05:05","9 Oct 2025, 06:06","","Lat Pulldown (Cable)",,"",3,"normal",42,10,,,
"Day UpperBody","9 Oct 2025, 05:05","9 Oct 2025, 06:06","","Lat Pulldown (Cable)",,"",4,"normal",42,10,,,
"Day UpperBody","9 Oct 2025, 05:05","9 Oct 2025, 06:06","","Bench Press (Barbell)",,"",0,"normal",20,10,,,
"Day UpperBody","9 Oct 2025, 05:05","9 Oct 2025, 06:06","","Bench Press (Barbell)",,"",1,"normal",40,10,,,
"Day UpperBody","9 Oct 2025, 05:05","9 Oct 2025, 06:06","","Bench Press (Barbell)",,"",2,"normal",40,10,,,
"Day UpperBody","9 Oct 2025, 05:05","9 Oct 2025, 06:06","","Bench Press (Barbell)",,"",3,"normal",40,10,,,
"Day UpperBody","9 Oct 2025, 05:05","9 Oct 2025, 06:06","","Bench Press (Barbell)",,"",4,"failure",40,5,,,
"Day UpperBody","9 Oct 2025, 05:05","9 Oct 2025, 06:06","","Iso-Lateral Row (Machine)",,"",0,"normal",36,10,,,
"Day UpperBody","9 Oct 2025, 05:05","9 Oct 2025, 06:06","","Iso-Lateral Row (Machine)",,"",1,"normal",36,10,,,
"Day UpperBody","9 Oct 2025, 05:05","9 Oct 2025, 06:06","","Iso-Lateral Row (Machine)",,"",2,"normal",36,10,,,
"Day UpperBody","9 Oct 2025, 05:05","9 Oct 2025, 06:06","","Iso-Lateral Row (Machine)",,"",3,"failure",36,11,,,
"Day UpperBody","9 Oct 2025, 05:05","9 Oct 2025, 06:06","","Skullcrusher (Barbell)",,"",0,"normal",12,10,,,
"Day UpperBody","9 Oct 2025, 05:05","9 Oct 2025, 06:06","","Skullcrusher (Barbell)",,"",1,"normal",12,10,,,
"Day UpperBody","9 Oct 2025, 05:05","9 Oct 2025, 06:06","","Skullcrusher (Barbell)",,"",2,"normal",12,9,,,
"Day UpperBody","9 Oct 2025, 05:05","9 Oct 2025, 06:06","","Skullcrusher (Barbell)",,"",3,"failure",12,8,,,
"Day UpperBody","9 Oct 2025, 05:05","9 Oct 2025, 06:06","","Bicep Curl (Barbell)",,"",0,"normal",17,10,,,
"Day UpperBody","9 Oct 2025, 05:05","9 Oct 2025, 06:06","","Bicep Curl (Barbell)",,"",1,"normal",17,10,,,
"Day UpperBody","9 Oct 2025, 05:05","9 Oct 2025, 06:06","","Bicep Curl (Barbell)",,"",2,"normal",17,10,,,
"Day UpperBody","9 Oct 2025, 05:05","9 Oct 2025, 06:06","","Bicep Curl (Barbell)",,"",3,"failure",17,9,,,
"Day UpperBody","9 Oct 2025, 05:05","9 Oct 2025, 06:06","","Lateral Raise (Dumbbell)",,"",0,"normal",4,10,,,
"Day UpperBody","9 Oct 2025, 05:05","9 Oct 2025, 06:06","","Lateral Raise (Dumbbell)",,"",1,"normal",4,10,,,
"Day UpperBody","9 Oct 2025, 05:05","9 Oct 2025, 06:06","","Lateral Raise (Dumbbell)",,"",2,"normal",4,10,,,
"Day UpperBody","9 Oct 2025, 05:05","9 Oct 2025, 06:06","","Lateral Raise (Dumbbell)",,"",3,"normal",4,10,,,
"Day UpperBody","6 Feb 2025, 10:23","6 Feb 2025, 11:19","","Lat Pulldown (Cable)",,"",0,"normal",20,10,,,
"Day UpperBody","6 Feb 2025, 10:23","6 Feb 2025, 11:19","","Lat Pulldown (Cable)",,"",1,"normal",41,10,,,
"Day UpperBody","6 Feb 2025, 10:23","6 Feb 2025, 11:19","","Lat Pulldown (Cable)",,"",2,"normal",41,10,,,
"Day UpperBody","6 Feb 2025, 10:23","6 Feb 2025, 11:19","","Lat Pulldown (Cable)",,"",3,"normal",41,10,,,
"Day UpperBody","6 Feb 2025, 10:23","6 Feb 2025, 11:19","","Lat Pulldown (Cable)",,"",4,"normal",41,8,,,
"Day UpperBody","6 Feb 2025, 10:23","6 Feb 2025, 11:19","","Bench Press (Barbell)",,"",0,"normal",20,10,,,
"Day UpperBody","6 Feb 2025, 10:23","6 Feb 2025, 11:19","","Bench Press (Barbell)",,"",1,"normal",40,10,,,
"Day UpperBody","6 Feb 2025, 10:23","6 Feb 2025, 11:19","","Bench Press (Barbell)",,"",2,"normal",40,10,,,
"Day UpperBody","6 Feb 2025, 10:23","6 Feb 2025, 11:19","","Bench Press (Barbell)",,"",3,"normal",40,10,,,
"Day UpperBody","6 Feb 2025, 10:23","6 Feb 2025, 11:19","","Bench Press (Barbell)",,"",4,"failure",40,8,,,
"Day UpperBody","6 Feb 2025, 10:23","6 Feb 2025, 11:19","","Iso-Lateral Row (Machine)",,"",0,"normal",34,10,,,
"Day UpperBody","6 Feb 2025, 10:23","6 Feb 2025, 11:19","","Iso-Lateral Row (Machine)",,"",1,"normal",34,10,,,
"Day UpperBody","6 Feb 2025, 10:23","6 Feb 2025, 11:19","","Iso-Lateral Row (Machine)",,"",2,"normal",34,10,,,
"Day UpperBody","6 Feb 2025, 10:23","6 Feb 2025, 11:19","","Iso-Lateral Row (Machine)",,"",3,"failure",34,11,,,
"Day UpperBody","6 Feb 2025, 10:23","6 Feb 2025, 11:19","","Skullcrusher (Barbell)",,"",0,"normal",11.34,10,,,
"Day UpperBody","6 Feb 2025, 10:23","6 Feb 2025, 11:19","","Skullcrusher (Barbell)",,"",1,"normal",11.34,10,,,
"Day UpperBody","6 Feb 2025, 10:23","6 Feb 2025, 11:19","","Skullcrusher (Barbell)",,"",2,"normal",11.34,10,,,
"Day UpperBody","6 Feb 2025, 10:23","6 Feb 2025, 11:19","","Skullcrusher (Barbell)",,"",3,"failure",11.34,9,,,
"Day UpperBody","6 Feb 2025, 10:23","6 Feb 2025, 11:19","","Bicep Curl (Barbell)",,"",0,"normal",18.14,10,,,
"Day UpperBody","6 Feb 2025, 10:23","6 Feb 2025, 11:19","","Bicep Curl (Barbell)",,"",1,"normal",18.14,10,,,
"Day UpperBody","6 Feb 2025, 10:23","6 Feb 2025, 11:19","","Bicep Curl (Barbell)",,"",2,"normal",18.14,10,,,
"Day UpperBody","6 Feb 2025, 10:23","6 Feb 2025, 11:19","","Bicep Curl (Barbell)",,"",3,"failure",18.14,9,,,
"Day UpperBody","6 Feb 2025, 10:23","6 Feb 2025, 11:19","","Single Leg Standing Calf Raise (Machine)",,"",0,"normal",109,10,,,
"Day UpperBody","6 Feb 2025, 10:23","6 Feb 2025, 11:19","","Single Leg Standing Calf Raise (Machine)",,"",1,"normal",109,10,,,
"Day UpperBody","6 Feb 2025, 10:23","6 Feb 2025, 11:19","","Single Leg Standing Calf Raise (Machine)",,"",2,"normal",109,10,,,
"Day UpperBody","6 Feb 2025, 10:23","6 Feb 2025, 11:19","","Single Leg Standing Calf Raise (Machine)",,"",3,"normal",109,10,,,
"Day UpperBody","6 Feb 2025, 10:23","6 Feb 2025, 11:19","","Diamond Push Up",,"",0,"normal",,18,,,
"Day UpperBody","3 Feb 2025, 10:09","3 Feb 2025, 11:10","","Lat Pulldown (Cable)",,"",0,"normal",20,10,,,
"Day UpperBody","3 Feb 2025, 10:09","3 Feb 2025, 11:10","","Lat Pulldown (Cable)",,"",1,"normal",41,10,,,
"Day UpperBody","3 Feb 2025, 10:09","3 Feb 2025, 11:10","","Lat Pulldown (Cable)",,"",2,"normal",41,10,,,
"Day UpperBody","3 Feb 2025, 10:09","3 Feb 2025, 11:10","","Lat Pulldown (Cable)",,"",3,"normal",41,10,,,
"Day UpperBody","3 Feb 2025, 10:09","3 Feb 2025, 11:10","","Lat Pulldown (Cable)",,"",4,"normal",41,9,,,
"Day UpperBody","3 Feb 2025, 10:09","3 Feb 2025, 11:10","","Bench Press (Barbell)",,"",0,"normal",20,10,,,
"Day UpperBody","3 Feb 2025, 10:09","3 Feb 2025, 11:10","","Bench Press (Barbell)",,"",1,"normal",40,10,,,
"Day UpperBody","3 Feb 2025, 10:09","3 Feb 2025, 11:10","","Bench Press (Barbell)",,"",2,"normal",40,10,,,
"Day UpperBody","3 Feb 2025, 10:09","3 Feb 2025, 11:10","","Bench Press (Barbell)",,"",3,"normal",40,10,,,
"Day UpperBody","3 Feb 2025, 10:09","3 Feb 2025, 11:10","","Bench Press (Barbell)",,"",4,"failure",40,10,,,
"Day UpperBody","3 Feb 2025, 10:09","3 Feb 2025, 11:10","","Iso-Lateral Row (Machine)",,"",0,"normal",34,10,,,
"Day UpperBody","3 Feb 2025, 10:09","3 Feb 2025, 11:10","","Iso-Lateral Row (Machine)",,"",1,"normal",34,10,,,
"Day UpperBody","3 Feb 2025, 10:09","3 Feb 2025, 11:10","","Iso-Lateral Row (Machine)",,"",2,"normal",34,10,,,
"Day UpperBody","3 Feb 2025, 10:09","3 Feb 2025, 11:10","","Iso-Lateral Row (Machine)",,"",3,"failure",34,10,,,
"Day UpperBody","3 Feb 2025, 10:09","3 Feb 2025, 11:10","","Skullcrusher (Barbell)",,"",0,"normal",11.34,10,,,
"Day UpperBody","3 Feb 2025, 10:09","3 Feb 2025, 11:10","","Skullcrusher (Barbell)",,"",1,"normal",11.34,10,,,
"Day UpperBody","3 Feb 2025, 10:09","3 Feb 2025, 11:10","","Skullcrusher (Barbell)",,"",2,"normal",11.34,10,,,
"Day UpperBody","3 Feb 2025, 10:09","3 Feb 2025, 11:10","","Skullcrusher (Barbell)",,"",3,"failure",11.34,9,,,
"Day UpperBody","3 Feb 2025, 10:09","3 Feb 2025, 11:10","","Bicep Curl (Barbell)",,"",0,"normal",18.14,10,,,
"Day UpperBody","3 Feb 2025, 10:09","3 Feb 2025, 11:10","","Bicep Curl (Barbell)",,"",1,"normal",18.14,10,,,
"Day UpperBody","3 Feb 2025, 10:09","3 Feb 2025, 11:10","","Bicep Curl (Barbell)",,"",2,"normal",18.14,10,,,
"Day UpperBody","3 Feb 2025, 10:09","3 Feb 2025, 11:10","","Bicep Curl (Barbell)",,"",3,"failure",18.14,9,,,
"Day UpperBody","3 Feb 2025, 10:09","3 Feb 2025, 11:10","","Single Leg Standing Calf Raise (Machine)",,"",0,"normal",118,10,,,
"Day UpperBody","3 Feb 2025, 10:09","3 Feb 2025, 11:10","","Single Leg Standing Calf Raise (Machine)",,"",1,"normal",118,10,,,
"Day UpperBody","3 Feb 2025, 10:09","3 Feb 2025, 11:10","","Single Leg Standing Calf Raise (Machine)",,"",2,"normal",118,10,,,
"Day UpperBody","3 Feb 2025, 10:09","3 Feb 2025, 11:10","","Single Leg Standing Calf Raise (Machine)",,"",3,"normal",109,10,,,
"Day UpperBody","3 Feb 2025, 10:09","3 Feb 2025, 11:10","","Diamond Push Up",,"",0,"normal",,17,,,
"Day UpperBody","6 Jan 2025, 10:29","6 Jan 2025, 11:31","","Lat Pulldown (Cable)",,"",0,"normal",20,10,,,
"Day UpperBody","6 Jan 2025, 10:29","6 Jan 2025, 11:31","","Lat Pulldown (Cable)",,"",1,"normal",41,10,,,
"Day UpperBody","6 Jan 2025, 10:29","6 Jan 2025, 11:31","","Lat Pulldown (Cable)",,"",2,"normal",41,10,,,
"Day UpperBody","6 Jan 2025, 10:29","6 Jan 2025, 11:31","","Lat Pulldown (Cable)",,"",3,"normal",41,10,,,
"Day UpperBody","6 Jan 2025, 10:29","6 Jan 2025, 11:31","","Lat Pulldown (Cable)",,"",4,"normal",41,9,,,
"Day UpperBody","6 Jan 2025, 10:29","6 Jan 2025, 11:31","","Lat Pulldown (Cable)",,"",5,"normal",27,5,,,
"Day UpperBody","6 Jan 2025, 10:29","6 Jan 2025, 11:31","","Bench Press (Barbell)",,"",0,"normal",20,10,,,
"Day UpperBody","6 Jan 2025, 10:29","6 Jan 2025, 11:31","","Bench Press (Barbell)",,"",1,"normal",40,10,,,
"Day UpperBody","6 Jan 2025, 10:29","6 Jan 2025, 11:31","","Bench Press (Barbell)",,"",2,"normal",40,10,,,
"Day UpperBody","6 Jan 2025, 10:29","6 Jan 2025, 11:31","","Bench Press (Barbell)",,"",3,"normal",40,10,,,
"Day UpperBody","6 Jan 2025, 10:29","6 Jan 2025, 11:31","","Bench Press (Barbell)",,"",4,"failure",40,8,,,
"Day UpperBody","6 Jan 2025, 10:29","6 Jan 2025, 11:31","","Iso-Lateral Row (Machine)",,"",0,"normal",34,10,,,
"Day UpperBody","6 Jan 2025, 10:29","6 Jan 2025, 11:31","","Iso-Lateral Row (Machine)",,"",1,"normal",34,10,,,
"Day UpperBody","6 Jan 2025, 10:29","6 Jan 2025, 11:31","","Iso-Lateral Row (Machine)",,"",2,"normal",34,10,,,
"Day UpperBody","6 Jan 2025, 10:29","6 Jan 2025, 11:31","","Iso-Lateral Row (Machine)",,"",3,"failure",34,9,,,
"Day UpperBody","6 Jan 2025, 10:29","6 Jan 2025, 11:31","","Skullcrusher (Barbell)",,"",0,"normal",11.34,10,,,
"Day UpperBody","6 Jan 2025, 10:29","6 Jan 2025, 11:31","","Skullcrusher (Barbell)",,"",1,"normal",11.34,10,,,
"Day UpperBody","6 Jan 2025, 10:29","6 Jan 2025, 11:31","","Skullcrusher (Barbell)",,"",2,"normal",11.34,10,,,
"Day UpperBody","6 Jan 2025, 10:29","6 Jan 2025, 11:31","","Skullcrusher (Barbell)",,"",3,"failure",11.34,9,,,
"Day UpperBody","6 Jan 2025, 10:29","6 Jan 2025, 11:31","","Bicep Curl (Barbell)",,"",0,"normal",15.88,10,,,
"Day UpperBody","6 Jan 2025, 10:29","6 Jan 2025, 11:31","","Bicep Curl (Barbell)",,"",1,"normal",15.88,10,,,
"Day UpperBody","6 Jan 2025, 10:29","6 Jan 2025, 11:31","","Bicep Curl (Barbell)",,"",2,"normal",15.88,10,,,
"Day UpperBody","6 Jan 2025, 10:29","6 Jan 2025, 11:31","","Bicep Curl (Barbell)",,"",3,"failure",15.88,10,,,
"Day UpperBody","6 Jan 2025, 10:29","6 Jan 2025, 11:31","","Single Leg Standing Calf Raise (Machine)",,"",0,"normal",118,10,,,
"Day UpperBody","6 Jan 2025, 10:29","6 Jan 2025, 11:31","","Single Leg Standing Calf Raise (Machine)",,"",1,"normal",118,10,,,
"Day UpperBody","6 Jan 2025, 10:29","6 Jan 2025, 11:31","","Single Leg Standing Calf Raise (Machine)",,"",2,"normal",118,10,,,
"Day UpperBody","6 Jan 2025, 10:29","6 Jan 2025, 11:31","","Single Leg Standing Calf Raise (Machine)",,"",3,"normal",109,10,,,
"Day UpperBody","6 Jan 2025, 10:29","6 Jan 2025, 11:31","","Diamond Push Up",,"",0,"normal",,19,,,
"Day UpperBody","2 Jan 2025, 15:31","2 Jan 2025, 16:30","","Lat Pulldown (Cable)",,"",0,"normal",20,10,,,
"Day UpperBody","2 Jan 2025, 15:31","2 Jan 2025, 16:30","","Lat Pulldown (Cable)",,"",1,"normal",41,10,,,
"Day UpperBody","2 Jan 2025, 15:31","2 Jan 2025, 16:30","","Lat Pulldown (Cable)",,"",2,"normal",41,10,,,
"Day UpperBody","2 Jan 2025, 15:31","2 Jan 2025, 16:30","","Lat Pulldown (Cable)",,"",3,"normal",41,10,,,
"Day UpperBody","2 Jan 2025, 15:31","2 Jan 2025, 16:30","","Lat Pulldown (Cable)",,"",4,"normal",41,9,,,
"Day UpperBody","2 Jan 2025, 15:31","2 Jan 2025, 16:30","","Bench Press (Barbell)",,"",0,"normal",20,10,,,
"Day UpperBody","2 Jan 2025, 15:31","2 Jan 2025, 16:30","","Bench Press (Barbell)",,"",1,"normal",40,10,,,
"Day UpperBody","2 Jan 2025, 15:31","2 Jan 2025, 16:30","","Bench Press (Barbell)",,"",2,"normal",40,10,,,
"Day UpperBody","2 Jan 2025, 15:31","2 Jan 2025, 16:30","","Bench Press (Barbell)",,"",3,"normal",40,10,,,
"Day UpperBody","2 Jan 2025, 15:31","2 Jan 2025, 16:30","","Bench Press (Barbell)",,"",4,"failure",40,7,,,
"Day UpperBody","2 Jan 2025, 15:31","2 Jan 2025, 16:30","","Iso-Lateral Row (Machine)",,"",0,"normal",34,10,,,
"Day UpperBody","2 Jan 2025, 15:31","2 Jan 2025, 16:30","","Iso-Lateral Row (Machine)",,"",1,"normal",34,10,,,
"Day UpperBody","2 Jan 2025, 15:31","2 Jan 2025, 16:30","","Iso-Lateral Row (Machine)",,"",2,"normal",34,9,,,
"Day UpperBody","2 Jan 2025, 15:31","2 Jan 2025, 16:30","","Iso-Lateral Row (Machine)",,"",3,"failure",27,10,,,
"Day UpperBody","2 Jan 2025, 15:31","2 Jan 2025, 16:30","","Skullcrusher (Barbell)",,"",0,"normal",11.34,10,,,
"Day UpperBody","2 Jan 2025, 15:31","2 Jan 2025, 16:30","","Skullcrusher (Barbell)",,"",1,"normal",11.34,10,,,
"Day UpperBody","2 Jan 2025, 15:31","2 Jan 2025, 16:30","","Skullcrusher (Barbell)",,"",2,"normal",11.34,9,,,
"Day UpperBody","2 Jan 2025, 15:31","2 Jan 2025, 16:30","","Skullcrusher (Barbell)",,"",3,"failure",11.34,9,,,
"Day UpperBody","2 Jan 2025, 15:31","2 Jan 2025, 16:30","","Bicep Curl (Barbell)",,"",0,"normal",15.88,10,,,
"Day UpperBody","2 Jan 2025, 15:31","2 Jan 2025, 16:30","","Bicep Curl (Barbell)",,"",1,"normal",15.88,10,,,
"Day UpperBody","2 Jan 2025, 15:31","2 Jan 2025, 16:30","","Bicep Curl (Barbell)",,"",2,"normal",15.88,10,,,
"Day UpperBody","2 Jan 2025, 15:31","2 Jan 2025, 16:30","","Bicep Curl (Barbell)",,"",3,"failure",15.88,9,,,
"Day UpperBody","2 Jan 2025, 15:31","2 Jan 2025, 16:30","","Single Leg Standing Calf Raise (Machine)",,"",0,"normal",100,10,,,
"Day UpperBody","2 Jan 2025, 15:31","2 Jan 2025, 16:30","","Single Leg Standing Calf Raise (Machine)",,"",1,"normal",100,10,,,
"Day UpperBody","2 Jan 2025, 15:31","2 Jan 2025, 16:30","","Single Leg Standing Calf Raise (Machine)",,"",2,"normal",100,10,,,
"Day UpperBody","2 Jan 2025, 15:31","2 Jan 2025, 16:30","","Single Leg Standing Calf Raise (Machine)",,"",3,"normal",100,10,,,
"Day UpperBody","2 Jan 2025, 15:31","2 Jan 2025, 16:30","","Diamond Push Up",,"",0,"normal",,14,,,
"Day UpperBody","29 Dec 2024, 14:53","29 Dec 2024, 15:56","","Lat Pulldown (Cable)",,"",0,"normal",20,10,,,
"Day UpperBody","29 Dec 2024, 14:53","29 Dec 2024, 15:56","","Lat Pulldown (Cable)",,"",1,"normal",41,10,,,
"Day UpperBody","29 Dec 2024, 14:53","29 Dec 2024, 15:56","","Lat Pulldown (Cable)",,"",2,"normal",41,10,,,
"Day UpperBody","29 Dec 2024, 14:53","29 Dec 2024, 15:56","","Lat Pulldown (Cable)",,"",3,"normal",41,9,,,
"Day UpperBody","29 Dec 2024, 14:53","29 Dec 2024, 15:56","","Lat Pulldown (Cable)",,"",4,"normal",34,9,,,
"Day UpperBody","29 Dec 2024, 14:53","29 Dec 2024, 15:56","","Bench Press (Barbell)",,"",0,"normal",20,10,,,
"Day UpperBody","29 Dec 2024, 14:53","29 Dec 2024, 15:56","","Bench Press (Barbell)",,"",1,"normal",40,10,,,
"Day UpperBody","29 Dec 2024, 14:53","29 Dec 2024, 15:56","","Bench Press (Barbell)",,"",2,"normal",40,10,,,
"Day UpperBody","29 Dec 2024, 14:53","29 Dec 2024, 15:56","","Bench Press (Barbell)",,"",3,"normal",40,8,,,
"Day UpperBody","29 Dec 2024, 14:53","29 Dec 2024, 15:56","","Bench Press (Barbell)",,"",4,"failure",40,6,,,
"Day UpperBody","29 Dec 2024, 14:53","29 Dec 2024, 15:56","","Iso-Lateral Row (Machine)",,"",0,"normal",34,10,,,
"Day UpperBody","29 Dec 2024, 14:53","29 Dec 2024, 15:56","","Iso-Lateral Row (Machine)",,"",1,"normal",34,10,,,
"Day UpperBody","29 Dec 2024, 14:53","29 Dec 2024, 15:56","","Iso-Lateral Row (Machine)",,"",2,"normal",34,9,,,
"Day UpperBody","29 Dec 2024, 14:53","29 Dec 2024, 15:56","","Iso-Lateral Row (Machine)",,"",3,"failure",27,12,,,
"Day UpperBody","29 Dec 2024, 14:53","29 Dec 2024, 15:56","","Skullcrusher (Barbell)",,"",0,"normal",11.34,10,,,
"Day UpperBody","29 Dec 2024, 14:53","29 Dec 2024, 15:56","","Skullcrusher (Barbell)",,"",1,"normal",11.34,10,,,
"Day UpperBody","29 Dec 2024, 14:53","29 Dec 2024, 15:56","","Skullcrusher (Barbell)",,"",2,"normal",11.34,9,,,
"Day UpperBody","29 Dec 2024, 14:53","29 Dec 2024, 15:56","","Skullcrusher (Barbell)",,"",3,"failure",11.34,8,,,
"Day UpperBody","29 Dec 2024, 14:53","29 Dec 2024, 15:56","","Bicep Curl (Barbell)",,"",0,"normal",13.61,10,,,
"Day UpperBody","29 Dec 2024, 14:53","29 Dec 2024, 15:56","","Bicep Curl (Barbell)",,"",1,"normal",13.61,10,,,
"Day UpperBody","29 Dec 2024, 14:53","29 Dec 2024, 15:56","","Bicep Curl (Barbell)",,"",2,"normal",13.61,10,,,
"Day UpperBody","29 Dec 2024, 14:53","29 Dec 2024, 15:56","","Bicep Curl (Barbell)",,"",3,"failure",13.61,10,,,
"Day UpperBody","29 Dec 2024, 14:53","29 Dec 2024, 15:56","","Single Leg Standing Calf Raise (Machine)",,"",0,"normal",118,10,,,
"Day UpperBody","29 Dec 2024, 14:53","29 Dec 2024, 15:56","","Single Leg Standing Calf Raise (Machine)",,"",1,"normal",118,10,,,
"Day UpperBody","29 Dec 2024, 14:53","29 Dec 2024, 15:56","","Single Leg Standing Calf Raise (Machine)",,"",2,"normal",118,10,,,
"Day UpperBody","29 Dec 2024, 14:53","29 Dec 2024, 15:56","","Single Leg Standing Calf Raise (Machine)",,"",3,"normal",118,9,,,
"Day UpperBody","29 Dec 2024, 14:53","29 Dec 2024, 15:56","","Diamond Push Up",,"",0,"normal",,7,,,
"Day UpperBody","24 Nov 2024, 16:29","24 Nov 2024, 17:24","","Lat Pulldown (Cable)",,"",0,"normal",20,10,,,
"Day UpperBody","24 Nov 2024, 16:29","24 Nov 2024, 17:24","","Lat Pulldown (Cable)",,"",1,"normal",41,10,,,
"Day UpperBody","24 Nov 2024, 16:29","24 Nov 2024, 17:24","","Lat Pulldown (Cable)",,"",2,"normal",41,10,,,
"Day UpperBody","24 Nov 2024, 16:29","24 Nov 2024, 17:24","","Lat Pulldown (Cable)",,"",3,"normal",34,10,,,
"Day UpperBody","24 Nov 2024, 16:29","24 Nov 2024, 17:24","","Lat Pulldown (Cable)",,"",4,"normal",34,10,,,
"Day UpperBody","24 Nov 2024, 16:29","24 Nov 2024, 17:24","","Bench Press (Barbell)",,"",0,"normal",20,10,,,
"Day UpperBody","24 Nov 2024, 16:29","24 Nov 2024, 17:24","","Bench Press (Barbell)",,"",1,"normal",40,10,,,
"Day UpperBody","24 Nov 2024, 16:29","24 Nov 2024, 17:24","","Bench Press (Barbell)",,"",2,"normal",40,10,,,
"Day UpperBody","24 Nov 2024, 16:29","24 Nov 2024, 17:24","","Bench Press (Barbell)",,"",3,"normal",40,6,,,
"Day UpperBody","24 Nov 2024, 16:29","24 Nov 2024, 17:24","","Bench Press (Barbell)",,"",4,"failure",40,5,,,
"Day UpperBody","24 Nov 2024, 16:29","24 Nov 2024, 17:24","","Iso-Lateral Row (Machine)",,"",0,"normal",34,10,,,
"Day UpperBody","24 Nov 2024, 16:29","24 Nov 2024, 17:24","","Iso-Lateral Row (Machine)",,"",1,"normal",34,10,,,
"Day UpperBody","24 Nov 2024, 16:29","24 Nov 2024, 17:24","","Iso-Lateral Row (Machine)",,"",2,"normal",34,7,,,
"Day UpperBody","24 Nov 2024, 16:29","24 Nov 2024, 17:24","","Iso-Lateral Row (Machine)",,"",3,"failure",27,8,,,
"Day UpperBody","24 Nov 2024, 16:29","24 Nov 2024, 17:24","","Skullcrusher (Barbell)",,"",0,"normal",11.34,10,,,
"Day UpperBody","24 Nov 2024, 16:29","24 Nov 2024, 17:24","","Skullcrusher (Barbell)",,"",1,"normal",11.34,10,,,
"Day UpperBody","24 Nov 2024, 16:29","24 Nov 2024, 17:24","","Skullcrusher (Barbell)",,"",2,"normal",11.34,9,,,
"Day UpperBody","24 Nov 2024, 16:29","24 Nov 2024, 17:24","","Skullcrusher (Barbell)",,"",3,"failure",11.34,7,,,
"Day UpperBody","24 Nov 2024, 16:29","24 Nov 2024, 17:24","","Bicep Curl (Barbell)",,"",0,"normal",13.61,10,,,
"Day UpperBody","24 Nov 2024, 16:29","24 Nov 2024, 17:24","","Bicep Curl (Barbell)",,"",1,"normal",13.61,10,,,
"Day UpperBody","24 Nov 2024, 16:29","24 Nov 2024, 17:24","","Bicep Curl (Barbell)",,"",2,"normal",13.61,10,,,
"Day UpperBody","24 Nov 2024, 16:29","24 Nov 2024, 17:24","","Bicep Curl (Barbell)",,"",3,"failure",13.61,10,,,
"Day UpperBody","23 Oct 2024, 11:54","23 Oct 2024, 13:02","","Lat Pulldown (Cable)",,"",0,"normal",34,10,,,
"Day UpperBody","23 Oct 2024, 11:54","23 Oct 2024, 13:02","","Lat Pulldown (Cable)",,"",1,"normal",41,10,,,
"Day UpperBody","23 Oct 2024, 11:54","23 Oct 2024, 13:02","","Lat Pulldown (Cable)",,"",2,"normal",34,10,,,
"Day UpperBody","23 Oct 2024, 11:54","23 Oct 2024, 13:02","","Lat Pulldown (Cable)",,"",3,"normal",27,10,,,
"Day UpperBody","23 Oct 2024, 11:54","23 Oct 2024, 13:02","","Lat Pulldown (Cable)",,"",4,"normal",27,10,,,
"Day UpperBody","23 Oct 2024, 11:54","23 Oct 2024, 13:02","","Bench Press (Barbell)",,"",0,"normal",20,10,,,
"Day UpperBody","23 Oct 2024, 11:54","23 Oct 2024, 13:02","","Bench Press (Barbell)",,"",1,"normal",40,10,,,
"Day UpperBody","23 Oct 2024, 11:54","23 Oct 2024, 13:02","","Bench Press (Barbell)",,"",2,"normal",40,10,,,
"Day UpperBody","23 Oct 2024, 11:54","23 Oct 2024, 13:02","","Bench Press (Barbell)",,"",3,"normal",40,6,,,
"Day UpperBody","23 Oct 2024, 11:54","23 Oct 2024, 13:02","","Bench Press (Barbell)",,"",4,"failure",40,5,,,
"Day UpperBody","23 Oct 2024, 11:54","23 Oct 2024, 13:02","","Iso-Lateral Row (Machine)",,"",0,"normal",34,10,,,
"Day UpperBody","23 Oct 2024, 11:54","23 Oct 2024, 13:02","","Iso-Lateral Row (Machine)",,"",1,"normal",34,10,,,
"Day UpperBody","23 Oct 2024, 11:54","23 Oct 2024, 13:02","","Iso-Lateral Row (Machine)",,"",2,"normal",34,10,,,
"Day UpperBody","23 Oct 2024, 11:54","23 Oct 2024, 13:02","","Iso-Lateral Row (Machine)",,"",3,"failure",34,9,,,
"Day UpperBody","23 Oct 2024, 11:54","23 Oct 2024, 13:02","","Skullcrusher (Barbell)",,"",0,"normal",11.34,10,,,
"Day UpperBody","23 Oct 2024, 11:54","23 Oct 2024, 13:02","","Skullcrusher (Barbell)",,"",1,"normal",11.34,10,,,
"Day UpperBody","23 Oct 2024, 11:54","23 Oct 2024, 13:02","","Skullcrusher (Barbell)",,"",2,"normal",11.34,8,,,
"Day UpperBody","23 Oct 2024, 11:54","23 Oct 2024, 13:02","","Skullcrusher (Barbell)",,"",3,"failure",11.34,7,,,
"Day UpperBody","23 Oct 2024, 11:54","23 Oct 2024, 13:02","","Bicep Curl (Barbell)",,"",0,"normal",13.61,10,,,
"Day UpperBody","23 Oct 2024, 11:54","23 Oct 2024, 13:02","","Bicep Curl (Barbell)",,"",1,"normal",13.61,10,,,
"Day UpperBody","23 Oct 2024, 11:54","23 Oct 2024, 13:02","","Bicep Curl (Barbell)",,"",2,"normal",13.61,10,,,
"Day UpperBody","23 Oct 2024, 11:54","23 Oct 2024, 13:02","","Bicep Curl (Barbell)",,"",3,"failure",13.61,8,,,
"Day UpperBody","23 Oct 2024, 11:54","23 Oct 2024, 13:02","","Single Leg Standing Calf Raise (Machine)",,"",0,"normal",118,10,,,
"Day UpperBody","23 Oct 2024, 11:54","23 Oct 2024, 13:02","","Single Leg Standing Calf Raise (Machine)",,"",1,"normal",118,10,,,
"Day UpperBody","23 Oct 2024, 11:54","23 Oct 2024, 13:02","","Single Leg Standing Calf Raise (Machine)",,"",2,"normal",118,10,,,
"Day UpperBody","23 Oct 2024, 11:54","23 Oct 2024, 13:02","","Single Leg Standing Calf Raise (Machine)",,"",3,"normal",118,8,,,
"Day UpperBody","23 Oct 2024, 11:54","23 Oct 2024, 13:02","","Push Up",,"",0,"normal",,10,,,
"Day UpperBody","20 Sep 2024, 12:43","20 Sep 2024, 13:41","","Lat Pulldown (Cable)",,"",0,"normal",41,10,,,
"Day UpperBody","20 Sep 2024, 12:43","20 Sep 2024, 13:41","","Lat Pulldown (Cable)",,"",1,"normal",41,10,,,
"Day UpperBody","20 Sep 2024, 12:43","20 Sep 2024, 13:41","","Lat Pulldown (Cable)",,"",2,"normal",41,8,,,
"Day UpperBody","20 Sep 2024, 12:43","20 Sep 2024, 13:41","","Lat Pulldown (Cable)",,"",3,"normal",35,9,,,
"Day UpperBody","20 Sep 2024, 12:43","20 Sep 2024, 13:41","","Lat Pulldown (Cable)",,"",4,"normal",27,10,,,
"Day UpperBody","20 Sep 2024, 12:43","20 Sep 2024, 13:41","","Bench Press (Barbell)",,"",0,"normal",20,10,,,
"Day UpperBody","20 Sep 2024, 12:43","20 Sep 2024, 13:41","","Bench Press (Barbell)",,"",1,"normal",40,10,,,
"Day UpperBody","20 Sep 2024, 12:43","20 Sep 2024, 13:41","","Bench Press (Barbell)",,"",2,"normal",40,10,,,
"Day UpperBody","20 Sep 2024, 12:43","20 Sep 2024, 13:41","","Bench Press (Barbell)",,"",3,"normal",40,10,,,
"Day UpperBody","20 Sep 2024, 12:43","20 Sep 2024, 13:41","","Bench Press (Barbell)",,"",4,"failure",40,6,,,
"Day UpperBody","20 Sep 2024, 12:43","20 Sep 2024, 13:41","","Iso-Lateral Row (Machine)",,"",0,"normal",34,10,,,
"Day UpperBody","20 Sep 2024, 12:43","20 Sep 2024, 13:41","","Iso-Lateral Row (Machine)",,"",1,"normal",34,10,,,
"Day UpperBody","20 Sep 2024, 12:43","20 Sep 2024, 13:41","","Iso-Lateral Row (Machine)",,"",2,"normal",34,10,,,
"Day UpperBody","20 Sep 2024, 12:43","20 Sep 2024, 13:41","","Iso-Lateral Row (Machine)",,"",3,"failure",34,9,,,
"Day UpperBody","20 Sep 2024, 12:43","20 Sep 2024, 13:41","","Skullcrusher (Barbell)",,"",0,"normal",11.34,10,,,
"Day UpperBody","20 Sep 2024, 12:43","20 Sep 2024, 13:41","","Skullcrusher (Barbell)",,"",1,"normal",11.34,10,,,
"Day UpperBody","20 Sep 2024, 12:43","20 Sep 2024, 13:41","","Skullcrusher (Barbell)",,"",2,"normal",11.34,8,,,
"Day UpperBody","20 Sep 2024, 12:43","20 Sep 2024, 13:41","","Skullcrusher (Barbell)",,"",3,"failure",11.34,7,,,
"Day UpperBody","20 Sep 2024, 12:43","20 Sep 2024, 13:41","","Bicep Curl (Barbell)",,"",0,"normal",13.61,10,,,
"Day UpperBody","20 Sep 2024, 12:43","20 Sep 2024, 13:41","","Bicep Curl (Barbell)",,"",1,"normal",13.61,10,,,
"Day UpperBody","20 Sep 2024, 12:43","20 Sep 2024, 13:41","","Bicep Curl (Barbell)",,"",2,"normal",13.61,10,,,
"Day UpperBody","20 Sep 2024, 12:43","20 Sep 2024, 13:41","","Bicep Curl (Barbell)",,"",3,"failure",13.61,8,,,
"Day UpperBody","20 Sep 2024, 12:43","20 Sep 2024, 13:41","","Single Leg Standing Calf Raise (Machine)",,"",0,"normal",118,10,,,
"Day UpperBody","20 Sep 2024, 12:43","20 Sep 2024, 13:41","","Single Leg Standing Calf Raise (Machine)",,"",1,"normal",118,10,,,
"Day UpperBody","20 Sep 2024, 12:43","20 Sep 2024, 13:41","","Single Leg Standing Calf Raise (Machine)",,"",2,"normal",118,10,,,
"Day UpperBody","20 Sep 2024, 12:43","20 Sep 2024, 13:41","","Single Leg Standing Calf Raise (Machine)",,"",3,"normal",118,10,,,
"Day UpperBody","9 Sep 2024, 12:48","9 Sep 2024, 13:57","","Lat Pulldown (Cable)",,"",0,"normal",41,10,,,
"Day UpperBody","9 Sep 2024, 12:48","9 Sep 2024, 13:57","","Lat Pulldown (Cable)",,"",1,"normal",41,10,,,
"Day UpperBody","9 Sep 2024, 12:48","9 Sep 2024, 13:57","","Lat Pulldown (Cable)",,"",2,"normal",41,9,,,
"Day UpperBody","9 Sep 2024, 12:48","9 Sep 2024, 13:57","","Lat Pulldown (Cable)",,"",3,"normal",35,10,,,
"Day UpperBody","9 Sep 2024, 12:48","9 Sep 2024, 13:57","","Lat Pulldown (Cable)",,"",4,"normal",27,20,,,
"Day UpperBody","9 Sep 2024, 12:48","9 Sep 2024, 13:57","","Bench Press (Barbell)",,"",0,"normal",20,11,,,
"Day UpperBody","9 Sep 2024, 12:48","9 Sep 2024, 13:57","","Bench Press (Barbell)",,"",1,"normal",40,10,,,
"Day UpperBody","9 Sep 2024, 12:48","9 Sep 2024, 13:57","","Bench Press (Barbell)",,"",2,"normal",40,10,,,
"Day UpperBody","9 Sep 2024, 12:48","9 Sep 2024, 13:57","","Bench Press (Barbell)",,"",3,"failure",40,6,,,
"Day UpperBody","9 Sep 2024, 12:48","9 Sep 2024, 13:57","","Bench Press (Barbell)",,"",4,"failure",40,3,,,
"Day UpperBody","9 Sep 2024, 12:48","9 Sep 2024, 13:57","","Bench Press (Barbell)",,"",5,"failure",20,10,,,
"Day UpperBody","9 Sep 2024, 12:48","9 Sep 2024, 13:57","","Iso-Lateral Row (Machine)",,"",0,"normal",34,10,,,
"Day UpperBody","9 Sep 2024, 12:48","9 Sep 2024, 13:57","","Iso-Lateral Row (Machine)",,"",1,"normal",34,10,,,
"Day UpperBody","9 Sep 2024, 12:48","9 Sep 2024, 13:57","","Iso-Lateral Row (Machine)",,"",2,"normal",34,10,,,
"Day UpperBody","9 Sep 2024, 12:48","9 Sep 2024, 13:57","","Iso-Lateral Row (Machine)",,"",3,"failure",34,8,,,
"Day UpperBody","9 Sep 2024, 12:48","9 Sep 2024, 13:57","","Skullcrusher (Barbell)",,"",0,"normal",11.34,10,,,
"Day UpperBody","9 Sep 2024, 12:48","9 Sep 2024, 13:57","","Skullcrusher (Barbell)",,"",1,"normal",11.34,10,,,
"Day UpperBody","9 Sep 2024, 12:48","9 Sep 2024, 13:57","","Skullcrusher (Barbell)",,"",2,"normal",11.34,8,,,
"Day UpperBody","9 Sep 2024, 12:48","9 Sep 2024, 13:57","","Skullcrusher (Barbell)",,"",3,"failure",11.34,8,,,
"Day UpperBody","9 Sep 2024, 12:48","9 Sep 2024, 13:57","","Bicep Curl (Barbell)",,"",0,"normal",13.61,10,,,
"Day UpperBody","9 Sep 2024, 12:48","9 Sep 2024, 13:57","","Bicep Curl (Barbell)",,"",1,"normal",13.61,10,,,
"Day UpperBody","9 Sep 2024, 12:48","9 Sep 2024, 13:57","","Bicep Curl (Barbell)",,"",2,"normal",13.61,10,,,
"Day UpperBody","9 Sep 2024, 12:48","9 Sep 2024, 13:57","","Bicep Curl (Barbell)",,"",3,"failure",13.61,7,,,
"Day UpperBody","9 Sep 2024, 12:48","9 Sep 2024, 13:57","","Single Leg Standing Calf Raise (Machine)",,"",0,"normal",118,10,,,
"Day UpperBody","9 Sep 2024, 12:48","9 Sep 2024, 13:57","","Single Leg Standing Calf Raise (Machine)",,"",1,"normal",118,10,,,
"Day UpperBody","9 Sep 2024, 12:48","9 Sep 2024, 13:57","","Single Leg Standing Calf Raise (Machine)",,"",2,"normal",118,10,,,
"Day UpperBody","9 Sep 2024, 12:48","9 Sep 2024, 13:57","","Single Leg Standing Calf Raise (Machine)",,"",3,"normal",118,10,,,
"Day UpperBody","14 Aug 2024, 07:33","14 Aug 2024, 08:39","","Lat Pulldown (Cable)",,"",0,"normal",40,10,,,
"Day UpperBody","14 Aug 2024, 07:33","14 Aug 2024, 08:39","","Lat Pulldown (Cable)",,"",1,"normal",40,10,,,
"Day UpperBody","14 Aug 2024, 07:33","14 Aug 2024, 08:39","","Lat Pulldown (Cable)",,"",2,"normal",35,10,,,
"Day UpperBody","14 Aug 2024, 07:33","14 Aug 2024, 08:39","","Lat Pulldown (Cable)",,"",3,"normal",35,10,,,
"Day UpperBody","14 Aug 2024, 07:33","14 Aug 2024, 08:39","","Lat Pulldown (Cable)",,"",4,"failure",35,9,,,
"Day UpperBody","14 Aug 2024, 07:33","14 Aug 2024, 08:39","","Bench Press (Barbell)",,"",0,"normal",20,10,,,
"Day UpperBody","14 Aug 2024, 07:33","14 Aug 2024, 08:39","","Bench Press (Barbell)",,"",1,"normal",40,10,,,
"Day UpperBody","14 Aug 2024, 07:33","14 Aug 2024, 08:39","","Bench Press (Barbell)",,"",2,"normal",40,10,,,
"Day UpperBody","14 Aug 2024, 07:33","14 Aug 2024, 08:39","","Bench Press (Barbell)",,"",3,"normal",40,7,,,
"Day UpperBody","14 Aug 2024, 07:33","14 Aug 2024, 08:39","","Bench Press (Barbell)",,"",4,"failure",40,6,,,
"Day UpperBody","14 Aug 2024, 07:33","14 Aug 2024, 08:39","","Iso-Lateral Row (Machine)",,"",0,"normal",34,10,,,
"Day UpperBody","14 Aug 2024, 07:33","14 Aug 2024, 08:39","","Iso-Lateral Row (Machine)",,"",1,"normal",34,10,,,
"Day UpperBody","14 Aug 2024, 07:33","14 Aug 2024, 08:39","","Iso-Lateral Row (Machine)",,"",2,"normal",34,9,,,
"Day UpperBody","14 Aug 2024, 07:33","14 Aug 2024, 08:39","","Iso-Lateral Row (Machine)",,"",3,"failure",27,9,,,
"Day UpperBody","14 Aug 2024, 07:33","14 Aug 2024, 08:39","","Skullcrusher (Barbell)",,"",0,"normal",11.34,10,,,
"Day UpperBody","14 Aug 2024, 07:33","14 Aug 2024, 08:39","","Skullcrusher (Barbell)",,"",1,"normal",11.34,9,,,
"Day UpperBody","14 Aug 2024, 07:33","14 Aug 2024, 08:39","","Skullcrusher (Barbell)",,"",2,"normal",11.34,7,,,
"Day UpperBody","14 Aug 2024, 07:33","14 Aug 2024, 08:39","","Skullcrusher (Barbell)",,"",3,"failure",11.34,6,,,
"Day UpperBody","14 Aug 2024, 07:33","14 Aug 2024, 08:39","","Bicep Curl (Barbell)",,"",0,"normal",13.61,10,,,
"Day UpperBody","14 Aug 2024, 07:33","14 Aug 2024, 08:39","","Bicep Curl (Barbell)",,"",1,"normal",13.61,10,,,
"Day UpperBody","14 Aug 2024, 07:33","14 Aug 2024, 08:39","","Bicep Curl (Barbell)",,"",2,"normal",13.61,10,,,
"Day UpperBody","14 Aug 2024, 07:33","14 Aug 2024, 08:39","","Bicep Curl (Barbell)",,"",3,"failure",13.61,9,,,
"Day UpperBody","14 Aug 2024, 07:33","14 Aug 2024, 08:39","","Chest Fly (Machine)",,"",0,"normal",27,10,,,
"Day UpperBody","14 Aug 2024, 07:33","14 Aug 2024, 08:39","","Chest Fly (Machine)",,"",1,"normal",34,10,,,
"Day UpperBody","14 Aug 2024, 07:33","14 Aug 2024, 08:39","","Chest Fly (Machine)",,"",2,"normal",41,10,,,
"Day UpperBody","14 Aug 2024, 07:33","14 Aug 2024, 08:39","","Chest Fly (Machine)",,"",3,"normal",41,7,,,
"Day UpperBody","22 Jul 2024, 07:32","22 Jul 2024, 08:36","","Pull Up",,"",0,"normal",,3,,,
"Day UpperBody","22 Jul 2024, 07:32","22 Jul 2024, 08:36","","Pull Up",,"",1,"normal",,1,,,
"Day UpperBody","22 Jul 2024, 07:32","22 Jul 2024, 08:36","","Lat Pulldown (Cable)",,"",0,"normal",40,8,,,
"Day UpperBody","22 Jul 2024, 07:32","22 Jul 2024, 08:36","","Lat Pulldown (Cable)",,"",1,"normal",27,10,,,
"Day UpperBody","22 Jul 2024, 07:32","22 Jul 2024, 08:36","","Lat Pulldown (Cable)",,"",2,"failure",27,10,,,
"Day UpperBody","22 Jul 2024, 07:32","22 Jul 2024, 08:36","","Bench Press (Barbell)",,"",0,"normal",20,10,,,
"Day UpperBody","22 Jul 2024, 07:32","22 Jul 2024, 08:36","","Bench Press (Barbell)",,"",1,"normal",40,10,,,
"Day UpperBody","22 Jul 2024, 07:32","22 Jul 2024, 08:36","","Bench Press (Barbell)",,"",2,"normal",40,10,,,
"Day UpperBody","22 Jul 2024, 07:32","22 Jul 2024, 08:36","","Bench Press (Barbell)",,"",3,"normal",40,6,,,
"Day UpperBody","22 Jul 2024, 07:32","22 Jul 2024, 08:36","","Bench Press (Barbell)",,"",4,"failure",40,6,,,
"Day UpperBody","22 Jul 2024, 07:32","22 Jul 2024, 08:36","","Iso-Lateral Row (Machine)",,"",0,"normal",34,10,,,
"Day UpperBody","22 Jul 2024, 07:32","22 Jul 2024, 08:36","","Iso-Lateral Row (Machine)",,"",1,"normal",34,10,,,
"Day UpperBody","22 Jul 2024, 07:32","22 Jul 2024, 08:36","","Iso-Lateral Row (Machine)",,"",2,"normal",34,9,,,
"Day UpperBody","22 Jul 2024, 07:32","22 Jul 2024, 08:36","","Iso-Lateral Row (Machine)",,"",3,"failure",34,8,,,
"Day UpperBody","22 Jul 2024, 07:32","22 Jul 2024, 08:36","","Skullcrusher (Barbell)",,"",0,"normal",11.34,10,,,
"Day UpperBody","22 Jul 2024, 07:32","22 Jul 2024, 08:36","","Skullcrusher (Barbell)",,"",1,"normal",11.34,10,,,
"Day UpperBody","22 Jul 2024, 07:32","22 Jul 2024, 08:36","","Skullcrusher (Barbell)",,"",2,"normal",11.34,9,,,
"Day UpperBody","22 Jul 2024, 07:32","22 Jul 2024, 08:36","","Skullcrusher (Barbell)",,"",3,"failure",11.34,8,,,
"Day UpperBody","22 Jul 2024, 07:32","22 Jul 2024, 08:36","","Bicep Curl (Barbell)",,"",0,"normal",13.61,10,,,
"Day UpperBody","22 Jul 2024, 07:32","22 Jul 2024, 08:36","","Bicep Curl (Barbell)",,"",1,"normal",13.61,10,,,
"Day UpperBody","22 Jul 2024, 07:32","22 Jul 2024, 08:36","","Bicep Curl (Barbell)",,"",2,"normal",13.61,10,,,
"Day UpperBody","22 Jul 2024, 07:32","22 Jul 2024, 08:36","","Bicep Curl (Barbell)",,"",3,"failure",13.61,10,,,
"Day UpperBody","22 Jul 2024, 07:32","22 Jul 2024, 08:36","","Single Leg Standing Calf Raise (Machine)",,"",0,"normal",118,10,,,
"Day UpperBody","22 Jul 2024, 07:32","22 Jul 2024, 08:36","","Single Leg Standing Calf Raise (Machine)",,"",1,"normal",118,10,,,
"Day UpperBody","22 Jul 2024, 07:32","22 Jul 2024, 08:36","","Single Leg Standing Calf Raise (Machine)",,"",2,"normal",118,10,,,
"Day UpperBody","22 Jul 2024, 07:32","22 Jul 2024, 08:36","","Single Leg Standing Calf Raise (Machine)",,"",3,"normal",118,8,,,
"Day UpperBody","17 Jul 2024, 07:48","17 Jul 2024, 08:57","","Lat Pulldown (Cable)",,"",0,"normal",20,10,,,
"Day UpperBody","17 Jul 2024, 07:48","17 Jul 2024, 08:57","","Lat Pulldown (Cable)",,"",1,"normal",41,10,,,
"Day UpperBody","17 Jul 2024, 07:48","17 Jul 2024, 08:57","","Lat Pulldown (Cable)",,"",2,"normal",41,10,,,
"Day UpperBody","17 Jul 2024, 07:48","17 Jul 2024, 08:57","","Lat Pulldown (Cable)",,"",3,"normal",35,10,,,
"Day UpperBody","17 Jul 2024, 07:48","17 Jul 2024, 08:57","","Lat Pulldown (Cable)",,"",4,"failure",35,9,,,
"Day UpperBody","17 Jul 2024, 07:48","17 Jul 2024, 08:57","","Bench Press (Barbell)",,"",0,"normal",20,10,,,
"Day UpperBody","17 Jul 2024, 07:48","17 Jul 2024, 08:57","","Bench Press (Barbell)",,"",1,"normal",40,10,,,
"Day UpperBody","17 Jul 2024, 07:48","17 Jul 2024, 08:57","","Bench Press (Barbell)",,"",2,"normal",40,10,,,
"Day UpperBody","17 Jul 2024, 07:48","17 Jul 2024, 08:57","","Bench Press (Barbell)",,"",3,"normal",40,8,,,
"Day UpperBody","17 Jul 2024, 07:48","17 Jul 2024, 08:57","","Bench Press (Barbell)",,"",4,"failure",40,5,,,
"Day UpperBody","17 Jul 2024, 07:48","17 Jul 2024, 08:57","","Iso-Lateral Row (Machine)",,"",0,"normal",41,10,,,
"Day UpperBody","17 Jul 2024, 07:48","17 Jul 2024, 08:57","","Iso-Lateral Row (Machine)",,"",1,"normal",34,10,,,
"Day UpperBody","17 Jul 2024, 07:48","17 Jul 2024, 08:57","","Iso-Lateral Row (Machine)",,"",2,"normal",34,8,,,
"Day UpperBody","17 Jul 2024, 07:48","17 Jul 2024, 08:57","","Iso-Lateral Row (Machine)",,"",3,"failure",27,10,,,
"Day UpperBody","17 Jul 2024, 07:48","17 Jul 2024, 08:57","","Skullcrusher (Barbell)",,"",0,"normal",11.34,10,,,
"Day UpperBody","17 Jul 2024, 07:48","17 Jul 2024, 08:57","","Skullcrusher (Barbell)",,"",1,"normal",11.34,10,,,
"Day UpperBody","17 Jul 2024, 07:48","17 Jul 2024, 08:57","","Skullcrusher (Barbell)",,"",2,"normal",11.34,9,,,
"Day UpperBody","17 Jul 2024, 07:48","17 Jul 2024, 08:57","","Skullcrusher (Barbell)",,"",3,"failure",11.34,8,,,
"Day UpperBody","17 Jul 2024, 07:48","17 Jul 2024, 08:57","","Bicep Curl (Barbell)",,"",0,"normal",13.61,10,,,
"Day UpperBody","17 Jul 2024, 07:48","17 Jul 2024, 08:57","","Bicep Curl (Barbell)",,"",1,"normal",13.61,10,,,
"Day UpperBody","17 Jul 2024, 07:48","17 Jul 2024, 08:57","","Bicep Curl (Barbell)",,"",2,"normal",13.61,10,,,
"Day UpperBody","17 Jul 2024, 07:48","17 Jul 2024, 08:57","","Bicep Curl (Barbell)",,"",3,"failure",13.61,10,,,
"Day UpperBody","17 Jul 2024, 07:48","17 Jul 2024, 08:57","","Lateral Raise (Dumbbell)",,"",0,"normal",4.54,10,,,
"Day UpperBody","17 Jul 2024, 07:48","17 Jul 2024, 08:57","","Lateral Raise (Dumbbell)",,"",1,"normal",4.54,10,,,
"Day UpperBody","17 Jul 2024, 07:48","17 Jul 2024, 08:57","","Lateral Raise (Dumbbell)",,"",2,"normal",4.54,10,,,
"Day UpperBody","17 Jul 2024, 07:48","17 Jul 2024, 08:57","","Single Leg Standing Calf Raise (Machine)",,"",0,"normal",109,10,,,
"Day UpperBody","17 Jul 2024, 07:48","17 Jul 2024, 08:57","","Single Leg Standing Calf Raise (Machine)",,"",1,"normal",109,10,,,
"Day UpperBody","17 Jul 2024, 07:48","17 Jul 2024, 08:57","","Single Leg Standing Calf Raise (Machine)",,"",2,"normal",109,10,,,
"Day UpperBody","17 Jul 2024, 07:48","17 Jul 2024, 08:57","","Single Leg Standing Calf Raise (Machine)",,"",3,"normal",109,10,,,
"Day UpperBody","12 Jul 2024, 07:59","12 Jul 2024, 09:08","","Lat Pulldown (Cable)",,"",0,"normal",20,10,,,
"Day UpperBody","12 Jul 2024, 07:59","12 Jul 2024, 09:08","","Lat Pulldown (Cable)",,"",1,"normal",41,10,,,
"Day UpperBody","12 Jul 2024, 07:59","12 Jul 2024, 09:08","","Lat Pulldown (Cable)",,"",2,"normal",41,10,,,
"Day UpperBody","12 Jul 2024, 07:59","12 Jul 2024, 09:08","","Lat Pulldown (Cable)",,"",3,"normal",41,7,,,
"Day UpperBody","12 Jul 2024, 07:59","12 Jul 2024, 09:08","","Lat Pulldown (Cable)",,"",4,"failure",35,8,,,
"Day UpperBody","12 Jul 2024, 07:59","12 Jul 2024, 09:08","","Bench Press (Barbell)",,"",0,"normal",20,10,,,
"Day UpperBody","12 Jul 2024, 07:59","12 Jul 2024, 09:08","","Bench Press (Barbell)",,"",1,"normal",40,10,,,
"Day UpperBody","12 Jul 2024, 07:59","12 Jul 2024, 09:08","","Bench Press (Barbell)",,"",2,"normal",40,10,,,
"Day UpperBody","12 Jul 2024, 07:59","12 Jul 2024, 09:08","","Bench Press (Barbell)",,"",3,"normal",40,7,,,
"Day UpperBody","12 Jul 2024, 07:59","12 Jul 2024, 09:08","","Bench Press (Barbell)",,"",4,"failure",40,6,,,
"Day UpperBody","12 Jul 2024, 07:59","12 Jul 2024, 09:08","","Iso-Lateral Row (Machine)",,"",0,"normal",41,10,,,
"Day UpperBody","12 Jul 2024, 07:59","12 Jul 2024, 09:08","","Iso-Lateral Row (Machine)",,"",1,"normal",41,8,,,
"Day UpperBody","12 Jul 2024, 07:59","12 Jul 2024, 09:08","","Iso-Lateral Row (Machine)",,"",2,"normal",34,8,,,
"Day UpperBody","12 Jul 2024, 07:59","12 Jul 2024, 09:08","","Iso-Lateral Row (Machine)",,"",3,"failure",27,9,,,
"Day UpperBody","12 Jul 2024, 07:59","12 Jul 2024, 09:08","","Skullcrusher (Barbell)",,"",0,"normal",11.34,10,,,
"Day UpperBody","12 Jul 2024, 07:59","12 Jul 2024, 09:08","","Skullcrusher (Barbell)",,"",1,"normal",11.34,10,,,
"Day UpperBody","12 Jul 2024, 07:59","12 Jul 2024, 09:08","","Skullcrusher (Barbell)",,"",2,"normal",11.34,10,,,
"Day UpperBody","12 Jul 2024, 07:59","12 Jul 2024, 09:08","","Skullcrusher (Barbell)",,"",3,"failure",11.34,9,,,
"Day UpperBody","12 Jul 2024, 07:59","12 Jul 2024, 09:08","","Single Leg Standing Calf Raise (Machine)",,"",0,"normal",109,10,,,
"Day UpperBody","12 Jul 2024, 07:59","12 Jul 2024, 09:08","","Single Leg Standing Calf Raise (Machine)",,"",1,"normal",109,10,,,
"Day UpperBody","12 Jul 2024, 07:59","12 Jul 2024, 09:08","","Single Leg Standing Calf Raise (Machine)",,"",2,"normal",109,10,,,
"Day UpperBody","12 Jul 2024, 07:59","12 Jul 2024, 09:08","","Single Leg Standing Calf Raise (Machine)",,"",3,"normal",109,10,,,
"Day UpperBody","12 Jul 2024, 07:59","12 Jul 2024, 09:08","","Bicep Curl (Barbell)",,"",0,"normal",13.61,10,,,
"Day UpperBody","12 Jul 2024, 07:59","12 Jul 2024, 09:08","","Bicep Curl (Barbell)",,"",1,"normal",13.61,10,,,
"Day UpperBody","12 Jul 2024, 07:59","12 Jul 2024, 09:08","","Bicep Curl (Barbell)",,"",2,"normal",13.61,10,,,
"Day UpperBody","12 Jul 2024, 07:59","12 Jul 2024, 09:08","","Bicep Curl (Barbell)",,"",3,"failure",13.61,8,,,
"Day UpperBody","12 Jul 2024, 07:59","12 Jul 2024, 09:08","","Lateral Raise (Dumbbell)",,"Gauche is weak af",0,"normal",4.54,10,,,
"Day UpperBody","12 Jul 2024, 07:59","12 Jul 2024, 09:08","","Lateral Raise (Dumbbell)",,"Gauche is weak af",1,"normal",4.54,10,,,
"Day UpperBody","12 Jul 2024, 07:59","12 Jul 2024, 09:08","","Lateral Raise (Dumbbell)",,"Gauche is weak af",2,"normal",4.54,10,,,
"Day UpperBody","12 Jul 2024, 07:59","12 Jul 2024, 09:08","","Lateral Raise (Dumbbell)",,"Gauche is weak af",3,"normal",4.54,10,,,
"Day UpperBody","6 Jun 2024, 17:03","6 Jun 2024, 18:09","","Lat Pulldown (Cable)",,"",0,"normal",20,10,,,
"Day UpperBody","6 Jun 2024, 17:03","6 Jun 2024, 18:09","","Lat Pulldown (Cable)",,"",1,"normal",41,10,,,
"Day UpperBody","6 Jun 2024, 17:03","6 Jun 2024, 18:09","","Lat Pulldown (Cable)",,"",2,"normal",41,10,,,
"Day UpperBody","6 Jun 2024, 17:03","6 Jun 2024, 18:09","","Lat Pulldown (Cable)",,"",3,"normal",41,8,,,
"Day UpperBody","6 Jun 2024, 17:03","6 Jun 2024, 18:09","","Lat Pulldown (Cable)",,"",4,"failure",35,10,,,
"Day UpperBody","6 Jun 2024, 17:03","6 Jun 2024, 18:09","","Bench Press (Barbell)",,"",0,"normal",20,10,,,
"Day UpperBody","6 Jun 2024, 17:03","6 Jun 2024, 18:09","","Bench Press (Barbell)",,"",1,"normal",40,10,,,
"Day UpperBody","6 Jun 2024, 17:03","6 Jun 2024, 18:09","","Bench Press (Barbell)",,"",2,"normal",40,10,,,
"Day UpperBody","6 Jun 2024, 17:03","6 Jun 2024, 18:09","","Bench Press (Barbell)",,"",3,"normal",40,6,,,
"Day UpperBody","6 Jun 2024, 17:03","6 Jun 2024, 18:09","","Bench Press (Barbell)",,"",4,"failure",40,5,,,
"Day UpperBody","6 Jun 2024, 17:03","6 Jun 2024, 18:09","","Iso-Lateral Row (Machine)",,"",0,"normal",41,10,,,
"Day UpperBody","6 Jun 2024, 17:03","6 Jun 2024, 18:09","","Iso-Lateral Row (Machine)",,"",1,"normal",41,10,,,
"Day UpperBody","6 Jun 2024, 17:03","6 Jun 2024, 18:09","","Iso-Lateral Row (Machine)",,"",2,"normal",34,10,,,
"Day UpperBody","6 Jun 2024, 17:03","6 Jun 2024, 18:09","","Iso-Lateral Row (Machine)",,"",3,"failure",34,9,,,
"Day UpperBody","6 Jun 2024, 17:03","6 Jun 2024, 18:09","","Skullcrusher (Barbell)",,"",0,"normal",11.34,10,,,
"Day UpperBody","6 Jun 2024, 17:03","6 Jun 2024, 18:09","","Skullcrusher (Barbell)",,"",1,"normal",11.34,10,,,
"Day UpperBody","6 Jun 2024, 17:03","6 Jun 2024, 18:09","","Skullcrusher (Barbell)",,"",2,"normal",11.34,10,,,
"Day UpperBody","6 Jun 2024, 17:03","6 Jun 2024, 18:09","","Skullcrusher (Barbell)",,"",3,"failure",11.34,9,,,
"Day UpperBody","6 Jun 2024, 17:03","6 Jun 2024, 18:09","","Bicep Curl (Barbell)",,"",0,"normal",13.61,10,,,
"Day UpperBody","6 Jun 2024, 17:03","6 Jun 2024, 18:09","","Bicep Curl (Barbell)",,"",1,"normal",13.61,10,,,
"Day UpperBody","6 Jun 2024, 17:03","6 Jun 2024, 18:09","","Bicep Curl (Barbell)",,"",2,"normal",13.61,10,,,
"Day UpperBody","6 Jun 2024, 17:03","6 Jun 2024, 18:09","","Bicep Curl (Barbell)",,"",3,"failure",13.61,10,,,
"Day UpperBody","6 Jun 2024, 17:03","6 Jun 2024, 18:09","","Lateral Raise (Dumbbell)",,"",0,"normal",5.44,10,,,
"Day UpperBody","6 Jun 2024, 17:03","6 Jun 2024, 18:09","","Lateral Raise (Dumbbell)",,"",1,"normal",5.44,10,,,
"Day UpperBody","6 Jun 2024, 17:03","6 Jun 2024, 18:09","","Lateral Raise (Dumbbell)",,"",2,"normal",4.54,10,,,
"Day UpperBody","6 Jun 2024, 17:03","6 Jun 2024, 18:09","","Lateral Raise (Dumbbell)",,"",3,"normal",3.63,10,,,
"Day UpperBody","6 Jun 2024, 17:03","6 Jun 2024, 18:09","","Single Leg Standing Calf Raise (Machine)",,"",0,"normal",100,10,,,
"Day UpperBody","6 Jun 2024, 17:03","6 Jun 2024, 18:09","","Single Leg Standing Calf Raise (Machine)",,"",1,"normal",100,10,,,
"Day UpperBody","6 Jun 2024, 17:03","6 Jun 2024, 18:09","","Single Leg Standing Calf Raise (Machine)",,"",2,"normal",100,10,,,
"Day UpperBody","6 Jun 2024, 17:03","6 Jun 2024, 18:09","","Single Leg Standing Calf Raise (Machine)",,"",3,"normal",100,12,,,
"Day UpperBody","6 Jun 2024, 17:03","6 Jun 2024, 18:09","","Push Up",,"",0,"normal",,10,,,
"Day UpperBody","2 Jun 2024, 16:50","2 Jun 2024, 17:59","","Lat Pulldown (Cable)",,"",0,"normal",20,10,,,
"Day UpperBody","2 Jun 2024, 16:50","2 Jun 2024, 17:59","","Lat Pulldown (Cable)",,"",1,"normal",41,10,,,
"Day UpperBody","2 Jun 2024, 16:50","2 Jun 2024, 17:59","","Lat Pulldown (Cable)",,"",2,"normal",41,10,,,
"Day UpperBody","2 Jun 2024, 16:50","2 Jun 2024, 17:59","","Lat Pulldown (Cable)",,"",3,"normal",41,10,,,
"Day UpperBody","2 Jun 2024, 16:50","2 Jun 2024, 17:59","","Lat Pulldown (Cable)",,"",4,"failure",41,7,,,
"Day UpperBody","2 Jun 2024, 16:50","2 Jun 2024, 17:59","","Bench Press (Barbell)",,"",0,"normal",20,10,,,
"Day UpperBody","2 Jun 2024, 16:50","2 Jun 2024, 17:59","","Bench Press (Barbell)",,"",1,"normal",40,10,,,
"Day UpperBody","2 Jun 2024, 16:50","2 Jun 2024, 17:59","","Bench Press (Barbell)",,"",2,"normal",40,10,,,
"Day UpperBody","2 Jun 2024, 16:50","2 Jun 2024, 17:59","","Bench Press (Barbell)",,"",3,"normal",40,7,,,
"Day UpperBody","2 Jun 2024, 16:50","2 Jun 2024, 17:59","","Bench Press (Barbell)",,"",4,"failure",40,6,,,
"Day UpperBody","2 Jun 2024, 16:50","2 Jun 2024, 17:59","","Iso-Lateral Row (Machine)",,"",0,"normal",34,10,,,
"Day UpperBody","2 Jun 2024, 16:50","2 Jun 2024, 17:59","","Iso-Lateral Row (Machine)",,"",1,"normal",34,10,,,
"Day UpperBody","2 Jun 2024, 16:50","2 Jun 2024, 17:59","","Iso-Lateral Row (Machine)",,"",2,"normal",34,10,,,
"Day UpperBody","2 Jun 2024, 16:50","2 Jun 2024, 17:59","","Iso-Lateral Row (Machine)",,"",3,"failure",34,12,,,
"Day UpperBody","2 Jun 2024, 16:50","2 Jun 2024, 17:59","","Skullcrusher (Barbell)",,"",0,"normal",11.34,10,,,
"Day UpperBody","2 Jun 2024, 16:50","2 Jun 2024, 17:59","","Skullcrusher (Barbell)",,"",1,"normal",11.34,10,,,
"Day UpperBody","2 Jun 2024, 16:50","2 Jun 2024, 17:59","","Skullcrusher (Barbell)",,"",2,"normal",11.34,10,,,
"Day UpperBody","2 Jun 2024, 16:50","2 Jun 2024, 17:59","","Skullcrusher (Barbell)",,"",3,"failure",11.34,9,,,
"Day UpperBody","2 Jun 2024, 16:50","2 Jun 2024, 17:59","","Bicep Curl (Barbell)",,"",0,"normal",13.61,10,,,
"Day UpperBody","2 Jun 2024, 16:50","2 Jun 2024, 17:59","","Bicep Curl (Barbell)",,"",1,"normal",13.61,10,,,
"Day UpperBody","2 Jun 2024, 16:50","2 Jun 2024, 17:59","","Bicep Curl (Barbell)",,"",2,"normal",13.61,10,,,
"Day UpperBody","2 Jun 2024, 16:50","2 Jun 2024, 17:59","","Bicep Curl (Barbell)",,"",3,"failure",13.61,9,,,
"Day UpperBody","2 Jun 2024, 16:50","2 Jun 2024, 17:59","","Lateral Raise (Dumbbell)",,"",0,"normal",5.44,10,,,
"Day UpperBody","2 Jun 2024, 16:50","2 Jun 2024, 17:59","","Lateral Raise (Dumbbell)",,"",1,"normal",5.44,10,,,
"Day UpperBody","2 Jun 2024, 16:50","2 Jun 2024, 17:59","","Lateral Raise (Dumbbell)",,"",2,"normal",5.44,8,,,
"Day UpperBody","2 Jun 2024, 16:50","2 Jun 2024, 17:59","","Lateral Raise (Dumbbell)",,"",3,"normal",4.54,10,,,
"Day UpperBody","2 Jun 2024, 16:50","2 Jun 2024, 17:59","","Single Leg Standing Calf Raise (Machine)",,"",0,"normal",82,10,,,
"Day UpperBody","2 Jun 2024, 16:50","2 Jun 2024, 17:59","","Single Leg Standing Calf Raise (Machine)",,"",1,"normal",82,10,,,
"Day UpperBody","2 Jun 2024, 16:50","2 Jun 2024, 17:59","","Single Leg Standing Calf Raise (Machine)",,"",2,"normal",82,10,,,
"Day UpperBody","2 Jun 2024, 16:50","2 Jun 2024, 17:59","","Single Leg Standing Calf Raise (Machine)",,"",3,"normal",100,12,,,
"Day UpperBody","2 Jun 2024, 16:50","2 Jun 2024, 17:59","","Push Up",,"",0,"normal",,10,,,
"Day UpperBody","28 May 2024, 14:28","28 May 2024, 15:37","","Lat Pulldown (Cable)",,"",0,"normal",21,10,,,
"Day UpperBody","28 May 2024, 14:28","28 May 2024, 15:37","","Lat Pulldown (Cable)",,"",1,"normal",41,10,,,
"Day UpperBody","28 May 2024, 14:28","28 May 2024, 15:37","","Lat Pulldown (Cable)",,"",2,"normal",41,10,,,
"Day UpperBody","28 May 2024, 14:28","28 May 2024, 15:37","","Lat Pulldown (Cable)",,"",3,"normal",34,10,,,
"Day UpperBody","28 May 2024, 14:28","28 May 2024, 15:37","","Lat Pulldown (Cable)",,"",4,"failure",34,10,,,
"Day UpperBody","28 May 2024, 14:28","28 May 2024, 15:37","","Bench Press (Barbell)",,"",0,"normal",20,10,,,
"Day UpperBody","28 May 2024, 14:28","28 May 2024, 15:37","","Bench Press (Barbell)",,"",1,"normal",40,10,,,
"Day UpperBody","28 May 2024, 14:28","28 May 2024, 15:37","","Bench Press (Barbell)",,"",2,"normal",40,10,,,
"Day UpperBody","28 May 2024, 14:28","28 May 2024, 15:37","","Bench Press (Barbell)",,"",3,"normal",40,8,,,
"Day UpperBody","28 May 2024, 14:28","28 May 2024, 15:37","","Bench Press (Barbell)",,"",4,"failure",40,5,,,
"Day UpperBody","28 May 2024, 14:28","28 May 2024, 15:37","","Iso-Lateral Row (Machine)",,"",0,"normal",34,10,,,
"Day UpperBody","28 May 2024, 14:28","28 May 2024, 15:37","","Iso-Lateral Row (Machine)",,"",1,"normal",34,10,,,
"Day UpperBody","28 May 2024, 14:28","28 May 2024, 15:37","","Iso-Lateral Row (Machine)",,"",2,"normal",34,9,,,
"Day UpperBody","28 May 2024, 14:28","28 May 2024, 15:37","","Iso-Lateral Row (Machine)",,"",3,"normal",27,9,,,
"Day UpperBody","28 May 2024, 14:28","28 May 2024, 15:37","","Skullcrusher (Barbell)",,"",0,"normal",6.8,10,,,
"Day UpperBody","28 May 2024, 14:28","28 May 2024, 15:37","","Skullcrusher (Barbell)",,"",1,"normal",9.07,10,,,
"Day UpperBody","28 May 2024, 14:28","28 May 2024, 15:37","","Skullcrusher (Barbell)",,"",2,"normal",9.07,10,,,
"Day UpperBody","28 May 2024, 14:28","28 May 2024, 15:37","","Skullcrusher (Barbell)",,"",3,"failure",9.07,12,,,
"Day UpperBody","28 May 2024, 14:28","28 May 2024, 15:37","","Bicep Curl (Barbell)",,"",0,"normal",11.34,10,,,
"Day UpperBody","28 May 2024, 14:28","28 May 2024, 15:37","","Bicep Curl (Barbell)",,"",1,"normal",11.34,10,,,
"Day UpperBody","28 May 2024, 14:28","28 May 2024, 15:37","","Bicep Curl (Barbell)",,"",2,"normal",11.34,10,,,
"Day UpperBody","28 May 2024, 14:28","28 May 2024, 15:37","","Bicep Curl (Barbell)",,"",3,"failure",11.34,11,,,
"Day UpperBody","28 May 2024, 14:28","28 May 2024, 15:37","","Lateral Raise (Dumbbell)",,"Bras gauche hard",0,"normal",5.44,10,,,
"Day UpperBody","28 May 2024, 14:28","28 May 2024, 15:37","","Lateral Raise (Dumbbell)",,"Bras gauche hard",1,"normal",5.44,10,,,
"Day UpperBody","28 May 2024, 14:28","28 May 2024, 15:37","","Lateral Raise (Dumbbell)",,"Bras gauche hard",2,"normal",5.44,10,,,
"Day UpperBody","28 May 2024, 14:28","28 May 2024, 15:37","","Lateral Raise (Dumbbell)",,"Bras gauche hard",3,"normal",5.44,9,,,
"Day UpperBody","28 May 2024, 14:28","28 May 2024, 15:37","","Single Leg Standing Calf Raise (Machine)",,"",0,"normal",55,10,,,
"Day UpperBody","28 May 2024, 14:28","28 May 2024, 15:37","","Single Leg Standing Calf Raise (Machine)",,"",1,"normal",82,10,,,
"Day UpperBody","28 May 2024, 14:28","28 May 2024, 15:37","","Single Leg Standing Calf Raise (Machine)",,"",2,"normal",100,10,,,
"Day UpperBody","28 May 2024, 14:28","28 May 2024, 15:37","","Single Leg Standing Calf Raise (Machine)",,"",3,"normal",100,11,,,
"Day UpperBody","28 May 2024, 14:28","28 May 2024, 15:37","","Push Up",,"",0,"normal",,17,,,
"Day UpperBody","23 May 2024, 16:42","23 May 2024, 17:47","","Lat Pulldown (Cable)",,"",0,"normal",34,10,,,
"Day UpperBody","23 May 2024, 16:42","23 May 2024, 17:47","","Lat Pulldown (Cable)",,"",1,"normal",34,10,,,
"Day UpperBody","23 May 2024, 16:42","23 May 2024, 17:47","","Lat Pulldown (Cable)",,"",2,"normal",34,10,,,
"Day UpperBody","23 May 2024, 16:42","23 May 2024, 17:47","","Lat Pulldown (Cable)",,"",3,"normal",34,10,,,
"Day UpperBody","23 May 2024, 16:42","23 May 2024, 17:47","","Lat Pulldown (Cable)",,"",4,"normal",34,10,,,
"Day UpperBody","23 May 2024, 16:42","23 May 2024, 17:47","","Bench Press (Barbell)",,"",0,"normal",20,10,,,
"Day UpperBody","23 May 2024, 16:42","23 May 2024, 17:47","","Bench Press (Barbell)",,"",1,"normal",40,10,,,
"Day UpperBody","23 May 2024, 16:42","23 May 2024, 17:47","","Bench Press (Barbell)",,"",2,"normal",40,10,,,
"Day UpperBody","23 May 2024, 16:42","23 May 2024, 17:47","","Bench Press (Barbell)",,"",3,"normal",40,7,,,
"Day UpperBody","23 May 2024, 16:42","23 May 2024, 17:47","","Bench Press (Barbell)",,"",4,"failure",40,5,,,
"Day UpperBody","23 May 2024, 16:42","23 May 2024, 17:47","","Iso-Lateral Row (Machine)",,"",0,"normal",34,10,,,
"Day UpperBody","23 May 2024, 16:42","23 May 2024, 17:47","","Iso-Lateral Row (Machine)",,"",1,"normal",34,10,,,
"Day UpperBody","23 May 2024, 16:42","23 May 2024, 17:47","","Iso-Lateral Row (Machine)",,"",2,"normal",27,10,,,
"Day UpperBody","23 May 2024, 16:42","23 May 2024, 17:47","","Iso-Lateral Row (Machine)",,"",3,"normal",27,10,,,
"Day UpperBody","23 May 2024, 16:42","23 May 2024, 17:47","","Skullcrusher (Barbell)",,"",0,"normal",6.8,10,,,
"Day UpperBody","23 May 2024, 16:42","23 May 2024, 17:47","","Skullcrusher (Barbell)",,"",1,"normal",6.8,10,,,
"Day UpperBody","23 May 2024, 16:42","23 May 2024, 17:47","","Skullcrusher (Barbell)",,"",2,"normal",6.8,10,,,
"Day UpperBody","23 May 2024, 16:42","23 May 2024, 17:47","","Skullcrusher (Barbell)",,"",3,"failure",6.8,12,,,
"Day UpperBody","23 May 2024, 16:42","23 May 2024, 17:47","","Bicep Curl (Barbell)",,"",0,"normal",9.07,10,,,
"Day UpperBody","23 May 2024, 16:42","23 May 2024, 17:47","","Bicep Curl (Barbell)",,"",1,"normal",9.07,10,,,
"Day UpperBody","23 May 2024, 16:42","23 May 2024, 17:47","","Bicep Curl (Barbell)",,"",2,"normal",9.07,10,,,
"Day UpperBody","23 May 2024, 16:42","23 May 2024, 17:47","","Bicep Curl (Barbell)",,"",3,"failure",9.07,15,,,
"Day UpperBody","23 May 2024, 16:42","23 May 2024, 17:47","","Lateral Raise (Dumbbell)",,"This weight if for each arm",0,"normal",4.54,10,,,
"Day UpperBody","23 May 2024, 16:42","23 May 2024, 17:47","","Lateral Raise (Dumbbell)",,"This weight if for each arm",1,"normal",4.54,10,,,
"Day UpperBody","23 May 2024, 16:42","23 May 2024, 17:47","","Lateral Raise (Dumbbell)",,"This weight if for each arm",2,"normal",4.54,10,,,
"Day UpperBody","23 May 2024, 16:42","23 May 2024, 17:47","","Lateral Raise (Dumbbell)",,"This weight if for each arm",3,"normal",4.54,10,,,
"Day UpperBody","23 May 2024, 16:42","23 May 2024, 17:47","","Chest Dip",,"",0,"normal",,8,,,
"Day UpperBody","23 May 2024, 16:42","23 May 2024, 17:47","","Chest Dip",,"",1,"normal",,5,,,
"Day UpperBody","23 May 2024, 16:42","23 May 2024, 17:47","","Chest Dip",,"",2,"normal",,8,,,
"Day UpperBody","23 May 2024, 16:42","23 May 2024, 17:47","","Chest Dip",,"",3,"normal",,8,,,
"Day UpperBody","16 May 2024, 09:54","16 May 2024, 10:54","","Lat Pulldown (Cable)",,"27 is 60 lbs",0,"normal",27,10,,,
"Day UpperBody","16 May 2024, 09:54","16 May 2024, 10:54","","Lat Pulldown (Cable)",,"27 is 60 lbs",1,"normal",41,10,,,
"Day UpperBody","16 May 2024, 09:54","16 May 2024, 10:54","","Lat Pulldown (Cable)",,"27 is 60 lbs",2,"normal",41,9,,,
"Day UpperBody","16 May 2024, 09:54","16 May 2024, 10:54","","Lat Pulldown (Cable)",,"27 is 60 lbs",3,"normal",35,9,,,
"Day UpperBody","16 May 2024, 09:54","16 May 2024, 10:54","","Lat Pulldown (Cable)",,"27 is 60 lbs",4,"failure",35,8,,,
"Day UpperBody","16 May 2024, 09:54","16 May 2024, 10:54","","Bench Press (Barbell)",,"",0,"normal",20,10,,,
"Day UpperBody","16 May 2024, 09:54","16 May 2024, 10:54","","Bench Press (Barbell)",,"",1,"normal",40,10,,,
"Day UpperBody","16 May 2024, 09:54","16 May 2024, 10:54","","Bench Press (Barbell)",,"",2,"normal",40,10,,,
"Day UpperBody","16 May 2024, 09:54","16 May 2024, 10:54","","Bench Press (Barbell)",,"",3,"normal",40,6,,,
"Day UpperBody","16 May 2024, 09:54","16 May 2024, 10:54","","Bench Press (Barbell)",,"",4,"failure",40,6,,,
"Day UpperBody","16 May 2024, 09:54","16 May 2024, 10:54","","Iso-Lateral Row (Machine)",,"",0,"normal",34,10,,,
"Day UpperBody","16 May 2024, 09:54","16 May 2024, 10:54","","Iso-Lateral Row (Machine)",,"",1,"normal",34,10,,,
"Day UpperBody","16 May 2024, 09:54","16 May 2024, 10:54","","Iso-Lateral Row (Machine)",,"",2,"normal",34,8,,,
"Day UpperBody","16 May 2024, 09:54","16 May 2024, 10:54","","Iso-Lateral Row (Machine)",,"",3,"failure",27,8,,,
"Day UpperBody","16 May 2024, 09:54","16 May 2024, 10:54","","Skullcrusher (Barbell)",,"",0,"normal",9.07,10,,,
"Day UpperBody","16 May 2024, 09:54","16 May 2024, 10:54","","Skullcrusher (Barbell)",,"",1,"normal",9.07,10,,,
"Day UpperBody","16 May 2024, 09:54","16 May 2024, 10:54","","Skullcrusher (Barbell)",,"",2,"normal",9.07,11,,,
"Day UpperBody","16 May 2024, 09:54","16 May 2024, 10:54","","Skullcrusher (Barbell)",,"",3,"failure",9.07,10,,,
"Day UpperBody","16 May 2024, 09:54","16 May 2024, 10:54","","Bicep Curl (Barbell)",,"Barre marqué 15",0,"normal",15.88,10,,,
"Day UpperBody","16 May 2024, 09:54","16 May 2024, 10:54","","Bicep Curl (Barbell)",,"Barre marqué 15",1,"normal",11.34,10,,,
"Day UpperBody","16 May 2024, 09:54","16 May 2024, 10:54","","Bicep Curl (Barbell)",,"Barre marqué 15",2,"normal",6.8,10,,,
"Day UpperBody","16 May 2024, 09:54","16 May 2024, 10:54","","Bicep Curl (Barbell)",,"Barre marqué 15",3,"normal",6.8,13,,,
"Day UpperBody","16 May 2024, 09:54","16 May 2024, 10:54","","Lateral Raise (Dumbbell)",,"",0,"normal",10,10,,,
"Day UpperBody","16 May 2024, 09:54","16 May 2024, 10:54","","Lateral Raise (Dumbbell)",,"",1,"normal",10,10,,,
"Day UpperBody","16 May 2024, 09:54","16 May 2024, 10:54","","Lateral Raise (Dumbbell)",,"",2,"normal",10,10,,,
"Day UpperBody","12 Mar 2024, 16:52","12 Mar 2024, 17:49","","Lat Pulldown (Cable)",,"",0,"normal",27,10,,,
"Day UpperBody","12 Mar 2024, 16:52","12 Mar 2024, 17:49","","Lat Pulldown (Cable)",,"",1,"normal",41,10,,,
"Day UpperBody","12 Mar 2024, 16:52","12 Mar 2024, 17:49","","Lat Pulldown (Cable)",,"",2,"normal",41,10,,,
"Day UpperBody","12 Mar 2024, 16:52","12 Mar 2024, 17:49","","Lat Pulldown (Cable)",,"",3,"failure",41,9,,,
"Day UpperBody","12 Mar 2024, 16:52","12 Mar 2024, 17:49","","Bench Press (Barbell)",,"",0,"normal",20,10,,,
"Day UpperBody","12 Mar 2024, 16:52","12 Mar 2024, 17:49","","Bench Press (Barbell)",,"",1,"normal",40,10,,,
"Day UpperBody","12 Mar 2024, 16:52","12 Mar 2024, 17:49","","Bench Press (Barbell)",,"",2,"normal",40,10,,,
"Day UpperBody","12 Mar 2024, 16:52","12 Mar 2024, 17:49","","Bench Press (Barbell)",,"",3,"normal",40,6,,,
"Day UpperBody","12 Mar 2024, 16:52","12 Mar 2024, 17:49","","Iso-Lateral Row (Machine)",,"",0,"normal",41,10,,,
"Day UpperBody","12 Mar 2024, 16:52","12 Mar 2024, 17:49","","Iso-Lateral Row (Machine)",,"",1,"normal",41,8,,,
"Day UpperBody","12 Mar 2024, 16:52","12 Mar 2024, 17:49","","Iso-Lateral Row (Machine)",,"",2,"normal",34,8,,,
"Day UpperBody","12 Mar 2024, 16:52","12 Mar 2024, 17:49","","Iso-Lateral Row (Machine)",,"",3,"failure",27,9,,,
"Day UpperBody","12 Mar 2024, 16:52","12 Mar 2024, 17:49","","Skullcrusher (Barbell)",,"Bar +",0,"normal",13.61,10,,,
"Day UpperBody","12 Mar 2024, 16:52","12 Mar 2024, 17:49","","Skullcrusher (Barbell)",,"Bar +",1,"normal",13.61,10,,,
"Day UpperBody","12 Mar 2024, 16:52","12 Mar 2024, 17:49","","Skullcrusher (Barbell)",,"Bar +",2,"normal",13.61,10,,,
"Day UpperBody","12 Mar 2024, 16:52","12 Mar 2024, 17:49","","Skullcrusher (Barbell)",,"Bar +",3,"normal",13.61,12,,,
"Day UpperBody","12 Mar 2024, 16:52","12 Mar 2024, 17:49","","Bicep Curl (Barbell)",,"Bar +",0,"normal",18.14,10,,,
"Day UpperBody","12 Mar 2024, 16:52","12 Mar 2024, 17:49","","Bicep Curl (Barbell)",,"Bar +",1,"normal",18.14,10,,,
"Day UpperBody","12 Mar 2024, 16:52","12 Mar 2024, 17:49","","Bicep Curl (Barbell)",,"Bar +",2,"normal",18.14,10,,,
"Day UpperBody","12 Mar 2024, 16:52","12 Mar 2024, 17:49","","Bicep Curl (Barbell)",,"Bar +",3,"normal",18.14,13,,,
"Day UpperBody","12 Mar 2024, 16:52","12 Mar 2024, 17:49","","Chest Dip",,"",0,"normal",,8,,,
"Day UpperBody","6 Dec 2023, 20:00","6 Dec 2023, 21:07","","Lat Pulldown (Cable)",,"",0,"normal",25,10,,,
"Day UpperBody","6 Dec 2023, 20:00","6 Dec 2023, 21:07","","Lat Pulldown (Cable)",,"",1,"normal",40,10,,,
"Day UpperBody","6 Dec 2023, 20:00","6 Dec 2023, 21:07","","Lat Pulldown (Cable)",,"",2,"normal",40,10,,,
"Day UpperBody","6 Dec 2023, 20:00","6 Dec 2023, 21:07","","Lat Pulldown (Cable)",,"",3,"normal",35,10,,,
"Day UpperBody","6 Dec 2023, 20:00","6 Dec 2023, 21:07","","Lat Pulldown (Cable)",,"",4,"failure",25,14,,,
"Day UpperBody","6 Dec 2023, 20:00","6 Dec 2023, 21:07","","Bench Press (Barbell)",,"",0,"normal",20,15,,,
"Day UpperBody","6 Dec 2023, 20:00","6 Dec 2023, 21:07","","Bench Press (Barbell)",,"",1,"normal",30,10,,,
"Day UpperBody","6 Dec 2023, 20:00","6 Dec 2023, 21:07","","Bench Press (Barbell)",,"",2,"normal",40,10,,,
"Day UpperBody","6 Dec 2023, 20:00","6 Dec 2023, 21:07","","Bench Press (Barbell)",,"",3,"normal",40,10,,,
"Day UpperBody","6 Dec 2023, 20:00","6 Dec 2023, 21:07","","Bench Press (Barbell)",,"",4,"failure",40,6,,,
"Day UpperBody","6 Dec 2023, 20:00","6 Dec 2023, 21:07","","Iso-Lateral Row (Machine)",,"",0,"normal",70,10,,,
"Day UpperBody","6 Dec 2023, 20:00","6 Dec 2023, 21:07","","Iso-Lateral Row (Machine)",,"",1,"normal",70,10,,,
"Day UpperBody","6 Dec 2023, 20:00","6 Dec 2023, 21:07","","Iso-Lateral Row (Machine)",,"",2,"normal",70,10,,,
"Day UpperBody","6 Dec 2023, 20:00","6 Dec 2023, 21:07","","Iso-Lateral Row (Machine)",,"",3,"failure",70,11,,,
"Day UpperBody","6 Dec 2023, 20:00","6 Dec 2023, 21:07","","Skullcrusher (Barbell)",,"",0,"normal",15,10,,,
"Day UpperBody","6 Dec 2023, 20:00","6 Dec 2023, 21:07","","Skullcrusher (Barbell)",,"",1,"normal",15,10,,,
"Day UpperBody","6 Dec 2023, 20:00","6 Dec 2023, 21:07","","Skullcrusher (Barbell)",,"",2,"normal",15,10,,,
"Day UpperBody","6 Dec 2023, 20:00","6 Dec 2023, 21:07","","Skullcrusher (Barbell)",,"",3,"failure",15,9,,,
"Day UpperBody","6 Dec 2023, 20:00","6 Dec 2023, 21:07","","Bicep Curl (Barbell)",,"",0,"normal",17.5,10,,,
"Day UpperBody","6 Dec 2023, 20:00","6 Dec 2023, 21:07","","Bicep Curl (Barbell)",,"",1,"normal",17.5,10,,,
"Day UpperBody","6 Dec 2023, 20:00","6 Dec 2023, 21:07","","Bicep Curl (Barbell)",,"",2,"normal",17.5,10,,,
"Day UpperBody","6 Dec 2023, 20:00","6 Dec 2023, 21:07","","Bicep Curl (Barbell)",,"",3,"normal",17.5,6,,,
"Day UpperBody","6 Dec 2023, 20:00","6 Dec 2023, 21:07","","Lateral Raise (Dumbbell)",,"",0,"normal",5,10,,,
"Day UpperBody","6 Dec 2023, 20:00","6 Dec 2023, 21:07","","Lateral Raise (Dumbbell)",,"",1,"normal",5,10,,,
"Day UpperBody","6 Dec 2023, 20:00","6 Dec 2023, 21:07","","Lateral Raise (Dumbbell)",,"",2,"normal",5,10,,,
"Day UpperBody","6 Dec 2023, 20:00","6 Dec 2023, 21:07","","Lateral Raise (Dumbbell)",,"",3,"failure",5,9,,,
"Day UpperBody","6 Dec 2023, 20:00","6 Dec 2023, 21:07","","Chest Dip",,"",0,"normal",,9,,,
"Day UpperBody","6 Dec 2023, 20:00","6 Dec 2023, 21:07","","Chest Dip",,"",1,"normal",,7,,,
"Day UpperBody","6 Dec 2023, 20:00","6 Dec 2023, 21:07","","Diamond Push Up",,"",0,"normal",,3,,,
"Day UpperBody","24 Oct 2023, 09:26","24 Oct 2023, 10:21","","Pull Up",,"",0,"normal",,6,,,
"Day UpperBody","24 Oct 2023, 09:26","24 Oct 2023, 10:21","","Pull Up",,"",1,"normal",,6,,,
"Day UpperBody","24 Oct 2023, 09:26","24 Oct 2023, 10:21","","Pull Up",,"",2,"normal",,6,,,
"Day UpperBody","24 Oct 2023, 09:26","24 Oct 2023, 10:21","","Pull Up",,"",3,"normal",,3,,,
"Day UpperBody","24 Oct 2023, 09:26","24 Oct 2023, 10:21","","Bench Press (Barbell)",,"",0,"normal",20,13,,,
"Day UpperBody","24 Oct 2023, 09:26","24 Oct 2023, 10:21","","Bench Press (Barbell)",,"",1,"normal",40,10,,,
"Day UpperBody","24 Oct 2023, 09:26","24 Oct 2023, 10:21","","Bench Press (Barbell)",,"",2,"normal",40,10,,,
"Day UpperBody","24 Oct 2023, 09:26","24 Oct 2023, 10:21","","Bench Press (Barbell)",,"",3,"normal",40,10,,,
"Day UpperBody","24 Oct 2023, 09:26","24 Oct 2023, 10:21","","Bench Press (Barbell)",,"",4,"failure",40,7,,,
"Day UpperBody","24 Oct 2023, 09:26","24 Oct 2023, 10:21","","Iso-Lateral Row (Machine)",,"",0,"normal",40,10,,,
"Day UpperBody","24 Oct 2023, 09:26","24 Oct 2023, 10:21","","Iso-Lateral Row (Machine)",,"",1,"normal",70,10,,,
"Day UpperBody","24 Oct 2023, 09:26","24 Oct 2023, 10:21","","Iso-Lateral Row (Machine)",,"",2,"normal",70,11,,,
"Day UpperBody","24 Oct 2023, 09:26","24 Oct 2023, 10:21","","Iso-Lateral Row (Machine)",,"",3,"failure",70,9,,,
"Day UpperBody","24 Oct 2023, 09:26","24 Oct 2023, 10:21","","Skullcrusher (Barbell)",,"",0,"normal",15,10,,,
"Day UpperBody","24 Oct 2023, 09:26","24 Oct 2023, 10:21","","Skullcrusher (Barbell)",,"",1,"normal",15,10,,,
"Day UpperBody","24 Oct 2023, 09:26","24 Oct 2023, 10:21","","Skullcrusher (Barbell)",,"",2,"normal",15,10,,,
"Day UpperBody","24 Oct 2023, 09:26","24 Oct 2023, 10:21","","Skullcrusher (Barbell)",,"",3,"failure",15,10,,,
"Day UpperBody","24 Oct 2023, 09:26","24 Oct 2023, 10:21","","Bicep Curl (Barbell)",,"",0,"normal",20,10,,,
"Day UpperBody","24 Oct 2023, 09:26","24 Oct 2023, 10:21","","Bicep Curl (Barbell)",,"",1,"normal",20,10,,,
"Day UpperBody","24 Oct 2023, 09:26","24 Oct 2023, 10:21","","Bicep Curl (Barbell)",,"",2,"normal",20,9,,,
"Day UpperBody","24 Oct 2023, 09:26","24 Oct 2023, 10:21","","Bicep Curl (Barbell)",,"",3,"normal",20,4,,,
"Day UpperBody","24 Oct 2023, 09:26","24 Oct 2023, 10:21","","Diamond Push Up",,"",0,"normal",,12,,,
"Day UpperBody","24 Oct 2023, 09:26","24 Oct 2023, 10:21","","Push Up",,"",0,"normal",,7,,,
"Afternoon workout 💪","22 Sep 2023, 02:35","22 Sep 2023, 03:41","","Pull Up",,"",0,"normal",,10,,,
"Afternoon workout 💪","22 Sep 2023, 02:35","22 Sep 2023, 03:41","","Pull Up",,"",1,"normal",,8,,,
"Afternoon workout 💪","22 Sep 2023, 02:35","22 Sep 2023, 03:41","","Pull Up",,"",2,"normal",,6,,,
"Afternoon workout 💪","22 Sep 2023, 02:35","22 Sep 2023, 03:41","","Iso-Lateral Row (Machine)",,"",0,"normal",60,15,,,
"Afternoon workout 💪","22 Sep 2023, 02:35","22 Sep 2023, 03:41","","Iso-Lateral Row (Machine)",,"",1,"normal",70,15,,,
"Afternoon workout 💪","22 Sep 2023, 02:35","22 Sep 2023, 03:41","","Iso-Lateral Row (Machine)",,"",2,"normal",80,13,,,
"Afternoon workout 💪","22 Sep 2023, 02:35","22 Sep 2023, 03:41","","Iso-Lateral Row (Machine)",,"",3,"normal",85,10,,,
"Afternoon workout 💪","22 Sep 2023, 02:35","22 Sep 2023, 03:41","","Seated Row (Machine)",,"Weight / arm",0,"normal",35,15,,,
"Afternoon workout 💪","22 Sep 2023, 02:35","22 Sep 2023, 03:41","","Seated Row (Machine)",,"Weight / arm",1,"normal",40,15,,,
"Afternoon workout 💪","22 Sep 2023, 02:35","22 Sep 2023, 03:41","","Seated Row (Machine)",,"Weight / arm",2,"normal",50,15,,,
"Afternoon workout 💪","22 Sep 2023, 02:35","22 Sep 2023, 03:41","","Seated Row (Machine)",,"Weight / arm",3,"normal",60,15,,,
"Afternoon workout 💪","22 Sep 2023, 02:35","22 Sep 2023, 03:41","","Seated Row (Machine)",,"Weight / arm",4,"normal",70,12,,,
"Afternoon workout 💪","22 Sep 2023, 02:35","22 Sep 2023, 03:41","","Seated Row (Machine)",,"Weight / arm",5,"normal",75,15,,,
"Afternoon workout 💪","22 Sep 2023, 02:35","22 Sep 2023, 03:41","","T Bar Row",,"Bar not counted",0,"normal",20,11,,,
"Afternoon workout 💪","22 Sep 2023, 02:35","22 Sep 2023, 03:41","","T Bar Row",,"Bar not counted",1,"normal",40,10,,,
"Afternoon workout 💪","22 Sep 2023, 02:35","22 Sep 2023, 03:41","","T Bar Row",,"Bar not counted",2,"normal",30,12,,,
"Afternoon workout 💪","22 Sep 2023, 02:35","22 Sep 2023, 03:41","","T Bar Row",,"Bar not counted",3,"normal",30,12,,,
"Afternoon workout 💪","22 Sep 2023, 02:35","22 Sep 2023, 03:41","","Bench Press (Barbell)",,"",0,"normal",20,11,,,
"Afternoon workout 💪","22 Sep 2023, 02:35","22 Sep 2023, 03:41","","Bench Press (Barbell)",,"",1,"normal",60,1,,,
"Afternoon workout 💪","22 Sep 2023, 02:35","22 Sep 2023, 03:41","","Bench Press (Barbell)",,"",2,"normal",70,1,,,
"Afternoon workout 💪","22 Sep 2023, 02:35","22 Sep 2023, 03:41","","Preacher Curl (Barbell)",,"",0,"normal",20,10,,,
"Afternoon workout 💪","22 Sep 2023, 02:35","22 Sep 2023, 03:41","","Preacher Curl (Barbell)",,"",1,"normal",20,5,,,
"Afternoon workout 💪","22 Sep 2023, 02:35","22 Sep 2023, 03:41","","Preacher Curl (Barbell)",,"",2,"normal",20,5,,,
"Afternoon workout 💪","22 Sep 2023, 02:35","22 Sep 2023, 03:41","","Preacher Curl (Barbell)",,"",3,"normal",20,6,,,
"Day UpperBody","19 Sep 2023, 07:02","19 Sep 2023, 08:09","","Lat Pulldown (Cable)",,"",0,"normal",25,10,,,
"Day UpperBody","19 Sep 2023, 07:02","19 Sep 2023, 08:09","","Lat Pulldown (Cable)",,"",1,"normal",45,10,,,
"Day UpperBody","19 Sep 2023, 07:02","19 Sep 2023, 08:09","","Lat Pulldown (Cable)",,"",2,"normal",45,10,,,
"Day UpperBody","19 Sep 2023, 07:02","19 Sep 2023, 08:09","","Lat Pulldown (Cable)",,"",3,"normal",45,10,,,
"Day UpperBody","19 Sep 2023, 07:02","19 Sep 2023, 08:09","","Lat Pulldown (Cable)",,"",4,"failure",45,7,,,
"Day UpperBody","19 Sep 2023, 07:02","19 Sep 2023, 08:09","","Bench Press (Barbell)",,"",0,"normal",20,10,,,
"Day UpperBody","19 Sep 2023, 07:02","19 Sep 2023, 08:09","","Bench Press (Barbell)",,"",1,"normal",45,10,,,
"Day UpperBody","19 Sep 2023, 07:02","19 Sep 2023, 08:09","","Bench Press (Barbell)",,"",2,"normal",45,10,,,
"Day UpperBody","19 Sep 2023, 07:02","19 Sep 2023, 08:09","","Bench Press (Barbell)",,"",3,"normal",45,10,,,
"Day UpperBody","19 Sep 2023, 07:02","19 Sep 2023, 08:09","","Bench Press (Barbell)",,"",4,"failure",45,7,,,
"Day UpperBody","19 Sep 2023, 07:02","19 Sep 2023, 08:09","","Iso-Lateral Row (Machine)",,"",0,"normal",80,10,,,
"Day UpperBody","19 Sep 2023, 07:02","19 Sep 2023, 08:09","","Iso-Lateral Row (Machine)",,"",1,"normal",80,10,,,
"Day UpperBody","19 Sep 2023, 07:02","19 Sep 2023, 08:09","","Iso-Lateral Row (Machine)",,"",2,"normal",80,10,,,
"Day UpperBody","19 Sep 2023, 07:02","19 Sep 2023, 08:09","","Iso-Lateral Row (Machine)",,"",3,"failure",80,14,,,
"Day UpperBody","19 Sep 2023, 07:02","19 Sep 2023, 08:09","","Skullcrusher (Barbell)",,"",0,"normal",20,10,,,
"Day UpperBody","19 Sep 2023, 07:02","19 Sep 2023, 08:09","","Skullcrusher (Barbell)",,"",1,"normal",20,10,,,
"Day UpperBody","19 Sep 2023, 07:02","19 Sep 2023, 08:09","","Skullcrusher (Barbell)",,"",2,"normal",20,7,,,
"Day UpperBody","19 Sep 2023, 07:02","19 Sep 2023, 08:09","","Skullcrusher (Barbell)",,"",3,"failure",15,13,,,
"Day UpperBody","19 Sep 2023, 07:02","19 Sep 2023, 08:09","","Bicep Curl (Barbell)",,"",0,"normal",22.5,10,,,
"Day UpperBody","19 Sep 2023, 07:02","19 Sep 2023, 08:09","","Bicep Curl (Barbell)",,"",1,"normal",22.5,10,,,
"Day UpperBody","19 Sep 2023, 07:02","19 Sep 2023, 08:09","","Bicep Curl (Barbell)",,"",2,"normal",20,8,,,
"Day UpperBody","19 Sep 2023, 07:02","19 Sep 2023, 08:09","","Bicep Curl (Barbell)",,"",3,"normal",15,10,,,
"Day UpperBody","19 Sep 2023, 07:02","19 Sep 2023, 08:09","","Lateral Raise (Dumbbell)",,"",0,"normal",6,10,,,
"Day UpperBody","19 Sep 2023, 07:02","19 Sep 2023, 08:09","","Lateral Raise (Dumbbell)",,"",1,"normal",6,10,,,
"Day UpperBody","19 Sep 2023, 07:02","19 Sep 2023, 08:09","","Lateral Raise (Dumbbell)",,"",2,"normal",6,10,,,
"Day UpperBody","19 Sep 2023, 07:02","19 Sep 2023, 08:09","","Lateral Raise (Dumbbell)",,"",3,"normal",6,8,,,
"Day UpperBody","19 Sep 2023, 07:02","19 Sep 2023, 08:09","","Chest Dip",,"",0,"normal",,8,,,
"Day UpperBody","10 Sep 2023, 07:28","10 Sep 2023, 08:48","","Lat Pulldown (Cable)",,"",0,"normal",45,10,,,
"Day UpperBody","10 Sep 2023, 07:28","10 Sep 2023, 08:48","","Lat Pulldown (Cable)",,"",1,"normal",45,10,,,
"Day UpperBody","10 Sep 2023, 07:28","10 Sep 2023, 08:48","","Lat Pulldown (Cable)",,"",2,"normal",45,10,,,
"Day UpperBody","10 Sep 2023, 07:28","10 Sep 2023, 08:48","","Lat Pulldown (Cable)",,"",3,"normal",40,10,,,
"Day UpperBody","10 Sep 2023, 07:28","10 Sep 2023, 08:48","","Bench Press (Barbell)",,"",0,"normal",20,10,,,
"Day UpperBody","10 Sep 2023, 07:28","10 Sep 2023, 08:48","","Bench Press (Barbell)",,"",1,"normal",45,10,,,
"Day UpperBody","10 Sep 2023, 07:28","10 Sep 2023, 08:48","","Bench Press (Barbell)",,"",2,"normal",45,10,,,
"Day UpperBody","10 Sep 2023, 07:28","10 Sep 2023, 08:48","","Bench Press (Barbell)",,"",3,"normal",45,10,,,
"Day UpperBody","10 Sep 2023, 07:28","10 Sep 2023, 08:48","","Bench Press (Barbell)",,"",4,"normal",45,10,,,
"Day UpperBody","10 Sep 2023, 07:28","10 Sep 2023, 08:48","","Iso-Lateral Row (Machine)",,"",0,"normal",80,10,,,
"Day UpperBody","10 Sep 2023, 07:28","10 Sep 2023, 08:48","","Iso-Lateral Row (Machine)",,"",1,"normal",80,10,,,
"Day UpperBody","10 Sep 2023, 07:28","10 Sep 2023, 08:48","","Iso-Lateral Row (Machine)",,"",2,"normal",80,9,,,
"Day UpperBody","10 Sep 2023, 07:28","10 Sep 2023, 08:48","","Iso-Lateral Row (Machine)",,"",3,"normal",70,10,,,
"Day UpperBody","10 Sep 2023, 07:28","10 Sep 2023, 08:48","","Single Leg Standing Calf Raise (Barbell)",,"",0,"normal",90,10,,,
"Day UpperBody","10 Sep 2023, 07:28","10 Sep 2023, 08:48","","Single Leg Standing Calf Raise (Barbell)",,"",1,"normal",170,10,,,
"Day UpperBody","10 Sep 2023, 07:28","10 Sep 2023, 08:48","","Single Leg Standing Calf Raise (Barbell)",,"",2,"normal",170,10,,,
"Day UpperBody","10 Sep 2023, 07:28","10 Sep 2023, 08:48","","Single Leg Standing Calf Raise (Barbell)",,"",3,"normal",170,10,,,
"Day UpperBody","10 Sep 2023, 07:28","10 Sep 2023, 08:48","","Skullcrusher (Barbell)",,"",0,"normal",15,10,,,
"Day UpperBody","10 Sep 2023, 07:28","10 Sep 2023, 08:48","","Skullcrusher (Barbell)",,"",1,"normal",15,10,,,
"Day UpperBody","10 Sep 2023, 07:28","10 Sep 2023, 08:48","","Skullcrusher (Barbell)",,"",2,"normal",15,10,,,
"Day UpperBody","10 Sep 2023, 07:28","10 Sep 2023, 08:48","","Skullcrusher (Barbell)",,"",3,"normal",15,10,,,
"Day UpperBody","10 Sep 2023, 07:28","10 Sep 2023, 08:48","","Bicep Curl (Barbell)",,"",0,"normal",20,10,,,
"Day UpperBody","10 Sep 2023, 07:28","10 Sep 2023, 08:48","","Bicep Curl (Barbell)",,"",1,"normal",20,10,,,
"Day UpperBody","10 Sep 2023, 07:28","10 Sep 2023, 08:48","","Bicep Curl (Barbell)",,"",2,"normal",20,10,,,
"Day UpperBody","10 Sep 2023, 07:28","10 Sep 2023, 08:48","","Bicep Curl (Barbell)",,"",3,"normal",20,10,,,
"Day UpperBody","10 Sep 2023, 07:28","10 Sep 2023, 08:48","","Chest Dip",,"",0,"normal",,8,,,
"Day UpperBody","10 Sep 2023, 07:28","10 Sep 2023, 08:48","","Chest Dip",,"",1,"normal",,9,,,
"Day UpperBody","10 Sep 2023, 07:28","10 Sep 2023, 08:48","","Chest Dip",,"",2,"normal",,10,,,
"Day UpperBody","10 Sep 2023, 07:28","10 Sep 2023, 08:48","","Chest Dip",,"",3,"normal",,8,,,
"Day UpperBody","9 Sep 2023, 05:34","9 Sep 2023, 06:34","","Pull Up",,"",0,"normal",,6,,,
"Day UpperBody","9 Sep 2023, 05:34","9 Sep 2023, 06:34","","Lat Pulldown (Cable)",,"Up next time",0,"normal",40,10,,,
"Day UpperBody","9 Sep 2023, 05:34","9 Sep 2023, 06:34","","Lat Pulldown (Cable)",,"Up next time",1,"normal",40,10,,,
"Day UpperBody","9 Sep 2023, 05:34","9 Sep 2023, 06:34","","Lat Pulldown (Cable)",,"Up next time",2,"normal",40,10,,,
"Day UpperBody","9 Sep 2023, 05:34","9 Sep 2023, 06:34","","Lat Pulldown (Cable)",,"Up next time",3,"normal",40,10,,,
"Day UpperBody","9 Sep 2023, 05:34","9 Sep 2023, 06:34","","Bench Press (Barbell)",,"",0,"normal",20,15,,,
"Day UpperBody","9 Sep 2023, 05:34","9 Sep 2023, 06:34","","Bench Press (Barbell)",,"",1,"normal",45,10,,,
"Day UpperBody","9 Sep 2023, 05:34","9 Sep 2023, 06:34","","Bench Press (Barbell)",,"",2,"normal",45,10,,,
"Day UpperBody","9 Sep 2023, 05:34","9 Sep 2023, 06:34","","Bench Press (Barbell)",,"",3,"failure",45,8,,,
"Day UpperBody","9 Sep 2023, 05:34","9 Sep 2023, 06:34","","Bench Press (Barbell)",,"",4,"failure",45,4,,,
"Day UpperBody","9 Sep 2023, 05:34","9 Sep 2023, 06:34","","Iso-Lateral Row (Machine)",,"",0,"normal",80,10,,,
"Day UpperBody","9 Sep 2023, 05:34","9 Sep 2023, 06:34","","Iso-Lateral Row (Machine)",,"",1,"normal",80,10,,,
"Day UpperBody","9 Sep 2023, 05:34","9 Sep 2023, 06:34","","Iso-Lateral Row (Machine)",,"",2,"normal",80,9,,,
"Day UpperBody","9 Sep 2023, 05:34","9 Sep 2023, 06:34","","Iso-Lateral Row (Machine)",,"",3,"normal",70,10,,,
"Day UpperBody","9 Sep 2023, 05:34","9 Sep 2023, 06:34","","Skullcrusher (Barbell)",,"",0,"normal",15,10,,,
"Day UpperBody","9 Sep 2023, 05:34","9 Sep 2023, 06:34","","Skullcrusher (Barbell)",,"",1,"normal",15,13,,,
"Day UpperBody","9 Sep 2023, 05:34","9 Sep 2023, 06:34","","Skullcrusher (Barbell)",,"",2,"normal",15,10,,,
"Day UpperBody","9 Sep 2023, 05:34","9 Sep 2023, 06:34","","Bicep Curl (Barbell)",,"",0,"normal",20,10,,,
"Day UpperBody","9 Sep 2023, 05:34","9 Sep 2023, 06:34","","Bicep Curl (Barbell)",,"",1,"normal",20,10,,,
"Day UpperBody","9 Sep 2023, 05:34","9 Sep 2023, 06:34","","Bicep Curl (Barbell)",,"",2,"normal",20,10,,,
"Day UpperBody","9 Sep 2023, 05:34","9 Sep 2023, 06:34","","Bicep Curl (Barbell)",,"",3,"normal",20,7,,,
"Day UpperBody","9 Sep 2023, 05:34","9 Sep 2023, 06:34","","Shoulder Press (Dumbbell)",,"",0,"normal",10,10,,,
"Day UpperBody","9 Sep 2023, 05:34","9 Sep 2023, 06:34","","Shoulder Press (Dumbbell)",,"",1,"normal",10,10,,,
"Afternoon workout 💪","3 Sep 2023, 03:10","3 Sep 2023, 04:17","","Bench Press (Barbell)",,"",0,"normal",20,12,,,
"Afternoon workout 💪","3 Sep 2023, 03:10","3 Sep 2023, 04:17","","Bench Press (Barbell)",,"",1,"normal",40,10,,,
"Afternoon workout 💪","3 Sep 2023, 03:10","3 Sep 2023, 04:17","","Bench Press (Barbell)",,"",2,"normal",50,10,,,
"Afternoon workout 💪","3 Sep 2023, 03:10","3 Sep 2023, 04:17","","Bench Press (Barbell)",,"",3,"normal",50,10,,,
"Afternoon workout 💪","3 Sep 2023, 03:10","3 Sep 2023, 04:17","","Bench Press (Barbell)",,"",4,"normal",50,8,,,
"Afternoon workout 💪","3 Sep 2023, 03:10","3 Sep 2023, 04:17","","Bench Press (Barbell)",,"",5,"normal",60,2,,,
"Afternoon workout 💪","3 Sep 2023, 03:10","3 Sep 2023, 04:17","","Incline Chest Press (Machine)",,"",0,"normal",40,11,,,
"Afternoon workout 💪","3 Sep 2023, 03:10","3 Sep 2023, 04:17","","Incline Chest Press (Machine)",,"",1,"normal",40,10,,,
"Afternoon workout 💪","3 Sep 2023, 03:10","3 Sep 2023, 04:17","","Squat (Barbell)",,"",0,"normal",20,10,,,
"Afternoon workout 💪","3 Sep 2023, 03:10","3 Sep 2023, 04:17","","Squat (Barbell)",,"",1,"normal",40,10,,,
"Afternoon workout 💪","3 Sep 2023, 03:10","3 Sep 2023, 04:17","","Squat (Barbell)",,"",2,"normal",60,10,,,
"Afternoon workout 💪","3 Sep 2023, 03:10","3 Sep 2023, 04:17","","Squat (Barbell)",,"",3,"normal",60,10,,,
"Day UpperBody","1 Sep 2023, 20:33","1 Sep 2023, 21:42","","Lat Pulldown (Cable)",,"",0,"normal",25,10,,,
"Day UpperBody","1 Sep 2023, 20:33","1 Sep 2023, 21:42","","Lat Pulldown (Cable)",,"",1,"normal",40,10,,,
"Day UpperBody","1 Sep 2023, 20:33","1 Sep 2023, 21:42","","Lat Pulldown (Cable)",,"",2,"normal",40,10,,,
"Day UpperBody","1 Sep 2023, 20:33","1 Sep 2023, 21:42","","Lat Pulldown (Cable)",,"",3,"normal",40,10,,,
"Day UpperBody","1 Sep 2023, 20:33","1 Sep 2023, 21:42","","Lat Pulldown (Cable)",,"",4,"failure",40,10,,,
"Day UpperBody","1 Sep 2023, 20:33","1 Sep 2023, 21:42","","Bench Press (Barbell)",,"",0,"normal",40,10,,,
"Day UpperBody","1 Sep 2023, 20:33","1 Sep 2023, 21:42","","Bench Press (Barbell)",,"",1,"normal",45,10,,,
"Day UpperBody","1 Sep 2023, 20:33","1 Sep 2023, 21:42","","Bench Press (Barbell)",,"",2,"normal",45,10,,,
"Day UpperBody","1 Sep 2023, 20:33","1 Sep 2023, 21:42","","Bench Press (Barbell)",,"",3,"normal",45,4,,,
"Day UpperBody","1 Sep 2023, 20:33","1 Sep 2023, 21:42","","Iso-Lateral Row (Machine)",,"Think the weight is either this one one /2",0,"normal",40,10,,,
"Day UpperBody","1 Sep 2023, 20:33","1 Sep 2023, 21:42","","Iso-Lateral Row (Machine)",,"Think the weight is either this one one /2",1,"normal",50,10,,,
"Day UpperBody","1 Sep 2023, 20:33","1 Sep 2023, 21:42","","Iso-Lateral Row (Machine)",,"Think the weight is either this one one /2",2,"normal",60,10,,,
"Day UpperBody","1 Sep 2023, 20:33","1 Sep 2023, 21:42","","Iso-Lateral Row (Machine)",,"Think the weight is either this one one /2",3,"normal",70,10,,,
"Day UpperBody","1 Sep 2023, 20:33","1 Sep 2023, 21:42","","Iso-Lateral Row (Machine)",,"Think the weight is either this one one /2",4,"normal",80,13,,,
"Day UpperBody","1 Sep 2023, 20:33","1 Sep 2023, 21:42","","Skullcrusher (Barbell)",,"",0,"normal",15,10,,,
"Day UpperBody","1 Sep 2023, 20:33","1 Sep 2023, 21:42","","Skullcrusher (Barbell)",,"",1,"normal",15,11,,,
"Day UpperBody","1 Sep 2023, 20:33","1 Sep 2023, 21:42","","Skullcrusher (Barbell)",,"",2,"normal",15,10,,,
"Day UpperBody","1 Sep 2023, 20:33","1 Sep 2023, 21:42","","Skullcrusher (Barbell)",,"",3,"normal",15,10,,,
"Day UpperBody","1 Sep 2023, 20:33","1 Sep 2023, 21:42","","Bicep Curl (Barbell)",,"",0,"normal",17.5,10,,,
"Day UpperBody","1 Sep 2023, 20:33","1 Sep 2023, 21:42","","Bicep Curl (Barbell)",,"",1,"normal",17.5,10,,,
"Day UpperBody","1 Sep 2023, 20:33","1 Sep 2023, 21:42","","Bicep Curl (Barbell)",,"",2,"normal",17.5,10,,,
"Day UpperBody","1 Sep 2023, 20:33","1 Sep 2023, 21:42","","Bicep Curl (Barbell)",,"",3,"normal",17.5,9,,,
"Day UpperBody","1 Sep 2023, 20:33","1 Sep 2023, 21:42","","Shoulder Press (Dumbbell)",,"",0,"normal",10,10,,,
"Day UpperBody","1 Sep 2023, 20:33","1 Sep 2023, 21:42","","Shoulder Press (Dumbbell)",,"",1,"normal",10,10,,,
"Day UpperBody","1 Sep 2023, 20:33","1 Sep 2023, 21:42","","Shoulder Press (Dumbbell)",,"",2,"normal",10,10,,,
"Day UpperBody","1 Sep 2023, 20:33","1 Sep 2023, 21:42","","Shoulder Press (Dumbbell)",,"",3,"normal",10,10,,,
"Day UpperBody","1 Sep 2023, 20:33","1 Sep 2023, 21:42","","Chest Dip",,"",0,"normal",,8,,,
"Day UpperBody","1 Sep 2023, 20:33","1 Sep 2023, 21:42","","Chest Dip",,"",1,"normal",,8,,,
"Day UpperBody","1 Sep 2023, 20:33","1 Sep 2023, 21:42","","Chest Dip",,"",2,"normal",,8,,,
"Day UpperBody","23 Aug 2023, 06:58","23 Aug 2023, 08:00","","Pull Up",,"",0,"normal",,6,,,
"Day UpperBody","23 Aug 2023, 06:58","23 Aug 2023, 08:00","","Pull Up",,"",1,"normal",,6,,,
"Day UpperBody","23 Aug 2023, 06:58","23 Aug 2023, 08:00","","Pull Up",,"",2,"normal",,6,,,
"Day UpperBody","23 Aug 2023, 06:58","23 Aug 2023, 08:00","","Pull Up",,"",3,"failure",,3,,,
"Day UpperBody","23 Aug 2023, 06:58","23 Aug 2023, 08:00","","Bench Press (Barbell)",,"",0,"normal",20.41,12,,,
"Day UpperBody","23 Aug 2023, 06:58","23 Aug 2023, 08:00","","Bench Press (Barbell)",,"",1,"normal",43.09,8,,,
"Day UpperBody","23 Aug 2023, 06:58","23 Aug 2023, 08:00","","Bench Press (Barbell)",,"",2,"normal",43.09,9,,,
"Day UpperBody","23 Aug 2023, 06:58","23 Aug 2023, 08:00","","Bench Press (Barbell)",,"",3,"normal",43.09,9,,,
"Day UpperBody","23 Aug 2023, 06:58","23 Aug 2023, 08:00","","Bench Press (Barbell)",,"",4,"normal",43.09,9,,,
"Day UpperBody","23 Aug 2023, 06:58","23 Aug 2023, 08:00","","Iso-Lateral Row (Machine)",,"",0,"normal",18.14,10,,,
"Day UpperBody","23 Aug 2023, 06:58","23 Aug 2023, 08:00","","Iso-Lateral Row (Machine)",,"",1,"normal",38.56,10,,,
"Day UpperBody","23 Aug 2023, 06:58","23 Aug 2023, 08:00","","Iso-Lateral Row (Machine)",,"",2,"normal",38.56,10,,,
"Day UpperBody","23 Aug 2023, 06:58","23 Aug 2023, 08:00","","Iso-Lateral Row (Machine)",,"",3,"normal",38.56,10,,,
"Day UpperBody","23 Aug 2023, 06:58","23 Aug 2023, 08:00","","Iso-Lateral Row (Machine)",,"",4,"failure",38.56,9,,,
"Day UpperBody","23 Aug 2023, 06:58","23 Aug 2023, 08:00","","Skullcrusher (Barbell)",,"",0,"normal",13.61,10,,,
"Day UpperBody","23 Aug 2023, 06:58","23 Aug 2023, 08:00","","Skullcrusher (Barbell)",,"",1,"normal",13.61,10,,,
"Day UpperBody","23 Aug 2023, 06:58","23 Aug 2023, 08:00","","Skullcrusher (Barbell)",,"",2,"normal",13.61,10,,,
"Day UpperBody","23 Aug 2023, 06:58","23 Aug 2023, 08:00","","Skullcrusher (Barbell)",,"",3,"normal",13.61,13,,,
"Day UpperBody","23 Aug 2023, 06:58","23 Aug 2023, 08:00","","Bicep Curl (Barbell)",,"",0,"normal",15.88,10,,,
"Day UpperBody","23 Aug 2023, 06:58","23 Aug 2023, 08:00","","Bicep Curl (Barbell)",,"",1,"normal",15.88,10,,,
"Day UpperBody","23 Aug 2023, 06:58","23 Aug 2023, 08:00","","Bicep Curl (Barbell)",,"",2,"normal",15.88,10,,,
"Day UpperBody","23 Aug 2023, 06:58","23 Aug 2023, 08:00","","Bicep Curl (Barbell)",,"",3,"normal",15.88,10,,,
"Day UpperBody","23 Aug 2023, 06:58","23 Aug 2023, 08:00","","Shoulder Press (Dumbbell)",,"",0,"normal",11.34,10,,,
"Day UpperBody","23 Aug 2023, 06:58","23 Aug 2023, 08:00","","Shoulder Press (Dumbbell)",,"",1,"normal",11.34,10,,,
"Day UpperBody","23 Aug 2023, 06:58","23 Aug 2023, 08:00","","Shoulder Press (Dumbbell)",,"",2,"normal",11.34,10,,,
"Day UpperBody","23 Aug 2023, 06:58","23 Aug 2023, 08:00","","Shoulder Press (Dumbbell)",,"",3,"normal",11.34,10,,,
"Day UpperBody","23 Aug 2023, 06:58","23 Aug 2023, 08:00","","Chest Dip",,"",0,"normal",,8,,,
"Day UpperBody","23 Aug 2023, 06:58","23 Aug 2023, 08:00","","Chest Dip",,"",1,"normal",,8,,,
"Day UpperBody","23 Aug 2023, 06:58","23 Aug 2023, 08:00","","Chest Dip",,"",2,"normal",,8,,,
"Day UpperBody","23 Aug 2023, 06:58","23 Aug 2023, 08:00","","Chest Dip",,"",3,"normal",,8,,,
"Day UpperBody","21 Aug 2023, 06:54","21 Aug 2023, 07:52","","Pull Up",,"",0,"normal",,6,,,
"Day UpperBody","21 Aug 2023, 06:54","21 Aug 2023, 07:52","","Pull Up",,"",1,"normal",,6,,,
"Day UpperBody","21 Aug 2023, 06:54","21 Aug 2023, 07:52","","Pull Up",,"",2,"normal",,5,,,
"Day UpperBody","21 Aug 2023, 06:54","21 Aug 2023, 07:52","","Pull Up",,"",3,"failure",,3,,,
"Day UpperBody","21 Aug 2023, 06:54","21 Aug 2023, 07:52","","Bench Press (Barbell)",,"",0,"normal",20.41,10,,,
"Day UpperBody","21 Aug 2023, 06:54","21 Aug 2023, 07:52","","Bench Press (Barbell)",,"",1,"normal",43.09,8,,,
"Day UpperBody","21 Aug 2023, 06:54","21 Aug 2023, 07:52","","Bench Press (Barbell)",,"",2,"normal",43.09,8,,,
"Day UpperBody","21 Aug 2023, 06:54","21 Aug 2023, 07:52","","Bench Press (Barbell)",,"",3,"failure",43.09,8,,,
"Day UpperBody","21 Aug 2023, 06:54","21 Aug 2023, 07:52","","Bench Press (Barbell)",,"",4,"failure",43.09,8,,,
"Day UpperBody","21 Aug 2023, 06:54","21 Aug 2023, 07:52","","Iso-Lateral Row (Machine)",,"",0,"normal",18.14,10,,,
"Day UpperBody","21 Aug 2023, 06:54","21 Aug 2023, 07:52","","Iso-Lateral Row (Machine)",,"",1,"normal",38.56,10,,,
"Day UpperBody","21 Aug 2023, 06:54","21 Aug 2023, 07:52","","Iso-Lateral Row (Machine)",,"",2,"normal",38.56,10,,,
"Day UpperBody","21 Aug 2023, 06:54","21 Aug 2023, 07:52","","Iso-Lateral Row (Machine)",,"",3,"normal",38.56,10,,,
"Day UpperBody","21 Aug 2023, 06:54","21 Aug 2023, 07:52","","Iso-Lateral Row (Machine)",,"",4,"failure",38.56,9,,,
"Day UpperBody","21 Aug 2023, 06:54","21 Aug 2023, 07:52","","Skullcrusher (Barbell)",,"",0,"normal",13.61,10,,,
"Day UpperBody","21 Aug 2023, 06:54","21 Aug 2023, 07:52","","Skullcrusher (Barbell)",,"",1,"normal",13.61,10,,,
"Day UpperBody","21 Aug 2023, 06:54","21 Aug 2023, 07:52","","Skullcrusher (Barbell)",,"",2,"normal",13.61,10,,,
"Day UpperBody","21 Aug 2023, 06:54","21 Aug 2023, 07:52","","Skullcrusher (Barbell)",,"",3,"normal",13.61,8,,,
"Day UpperBody","21 Aug 2023, 06:54","21 Aug 2023, 07:52","","Bicep Curl (Barbell)",,"",0,"normal",15.88,10,,,
"Day UpperBody","21 Aug 2023, 06:54","21 Aug 2023, 07:52","","Bicep Curl (Barbell)",,"",1,"normal",15.88,10,,,
"Day UpperBody","21 Aug 2023, 06:54","21 Aug 2023, 07:52","","Bicep Curl (Barbell)",,"",2,"normal",15.88,10,,,
"Day UpperBody","21 Aug 2023, 06:54","21 Aug 2023, 07:52","","Bicep Curl (Barbell)",,"",3,"normal",15.88,10,,,
"Day UpperBody","21 Aug 2023, 06:54","21 Aug 2023, 07:52","","Shoulder Press (Dumbbell)",,"",0,"normal",11.34,10,,,
"Day UpperBody","21 Aug 2023, 06:54","21 Aug 2023, 07:52","","Shoulder Press (Dumbbell)",,"",1,"normal",11.34,10,,,
"Day UpperBody","21 Aug 2023, 06:54","21 Aug 2023, 07:52","","Shoulder Press (Dumbbell)",,"",2,"normal",11.34,10,,,
"Day UpperBody","21 Aug 2023, 06:54","21 Aug 2023, 07:52","","Shoulder Press (Dumbbell)",,"",3,"normal",11.34,10,,,
"Day UpperBody","21 Aug 2023, 06:54","21 Aug 2023, 07:52","","Chest Dip",,"",0,"normal",,8,,,
"Day UpperBody","21 Aug 2023, 06:54","21 Aug 2023, 07:52","","Chest Dip",,"",1,"normal",,8,,,
"Day UpperBody","18 Aug 2023, 07:07","18 Aug 2023, 08:13","","Pull Up",,"",0,"normal",,6,,,
"Day UpperBody","18 Aug 2023, 07:07","18 Aug 2023, 08:13","","Pull Up",,"",1,"normal",,6,,,
"Day UpperBody","18 Aug 2023, 07:07","18 Aug 2023, 08:13","","Pull Up",,"",2,"normal",,5,,,
"Day UpperBody","18 Aug 2023, 07:07","18 Aug 2023, 08:13","","Pull Up",,"",3,"normal",,3,,,
"Day UpperBody","18 Aug 2023, 07:07","18 Aug 2023, 08:13","","Bench Press (Barbell)",,"",0,"normal",20.41,10,,,
"Day UpperBody","18 Aug 2023, 07:07","18 Aug 2023, 08:13","","Bench Press (Barbell)",,"",1,"normal",43.09,8,,,
"Day UpperBody","18 Aug 2023, 07:07","18 Aug 2023, 08:13","","Bench Press (Barbell)",,"",2,"normal",43.09,8,,,
"Day UpperBody","18 Aug 2023, 07:07","18 Aug 2023, 08:13","","Bench Press (Barbell)",,"",3,"normal",43.09,8,,,
"Day UpperBody","18 Aug 2023, 07:07","18 Aug 2023, 08:13","","Bench Press (Barbell)",,"",4,"failure",43.09,8,,,
"Day UpperBody","18 Aug 2023, 07:07","18 Aug 2023, 08:13","","Iso-Lateral Row (Machine)",,"",0,"normal",24.95,10,,,
"Day UpperBody","18 Aug 2023, 07:07","18 Aug 2023, 08:13","","Iso-Lateral Row (Machine)",,"",1,"normal",38.56,10,,,
"Day UpperBody","18 Aug 2023, 07:07","18 Aug 2023, 08:13","","Iso-Lateral Row (Machine)",,"",2,"normal",38.56,10,,,
"Day UpperBody","18 Aug 2023, 07:07","18 Aug 2023, 08:13","","Iso-Lateral Row (Machine)",,"",3,"normal",38.56,9,,,
"Day UpperBody","18 Aug 2023, 07:07","18 Aug 2023, 08:13","","Iso-Lateral Row (Machine)",,"",4,"failure",38.56,9,,,
"Day UpperBody","18 Aug 2023, 07:07","18 Aug 2023, 08:13","","Skullcrusher (Barbell)",,"",0,"normal",13.61,10,,,
"Day UpperBody","18 Aug 2023, 07:07","18 Aug 2023, 08:13","","Skullcrusher (Barbell)",,"",1,"normal",13.61,10,,,
"Day UpperBody","18 Aug 2023, 07:07","18 Aug 2023, 08:13","","Skullcrusher (Barbell)",,"",2,"normal",13.61,10,,,
"Day UpperBody","18 Aug 2023, 07:07","18 Aug 2023, 08:13","","Skullcrusher (Barbell)",,"",3,"normal",13.61,8,,,
"Day UpperBody","18 Aug 2023, 07:07","18 Aug 2023, 08:13","","Bicep Curl (Barbell)",,"",0,"normal",15.88,10,,,
"Day UpperBody","18 Aug 2023, 07:07","18 Aug 2023, 08:13","","Bicep Curl (Barbell)",,"",1,"normal",15.88,10,,,
"Day UpperBody","18 Aug 2023, 07:07","18 Aug 2023, 08:13","","Bicep Curl (Barbell)",,"",2,"normal",15.88,10,,,
"Day UpperBody","18 Aug 2023, 07:07","18 Aug 2023, 08:13","","Bicep Curl (Barbell)",,"",3,"normal",15.88,10,,,
"Day UpperBody","18 Aug 2023, 07:07","18 Aug 2023, 08:13","","Shoulder Press (Dumbbell)",,"",0,"normal",11.34,10,,,
"Day UpperBody","18 Aug 2023, 07:07","18 Aug 2023, 08:13","","Shoulder Press (Dumbbell)",,"",1,"normal",11.34,10,,,
"Day UpperBody","18 Aug 2023, 07:07","18 Aug 2023, 08:13","","Shoulder Press (Dumbbell)",,"",2,"normal",11.34,10,,,
"Day UpperBody","18 Aug 2023, 07:07","18 Aug 2023, 08:13","","Shoulder Press (Dumbbell)",,"",3,"normal",11.34,14,,,
"Day UpperBody","18 Aug 2023, 07:07","18 Aug 2023, 08:13","","Chest Dip",,"",0,"normal",,8,,,
"Day UpperBody","18 Aug 2023, 07:07","18 Aug 2023, 08:13","","Chest Dip",,"",1,"normal",,8,,,
"Day UpperBody","18 Aug 2023, 07:07","18 Aug 2023, 08:13","","Chest Dip",,"",2,"normal",,8,,,
"Day UpperBody","18 Aug 2023, 07:07","18 Aug 2023, 08:13","","Chest Dip",,"",3,"normal",,6,,,
"Day LowerBody","16 Aug 2023, 07:00","16 Aug 2023, 07:56","","Seated Calf Raise",,"",0,"normal",40.82,10,,,
"Day LowerBody","16 Aug 2023, 07:00","16 Aug 2023, 07:56","","Seated Calf Raise",,"",1,"normal",63.5,10,,,
"Day LowerBody","16 Aug 2023, 07:00","16 Aug 2023, 07:56","","Seated Calf Raise",,"",2,"normal",63.5,4,,,
"Day LowerBody","16 Aug 2023, 07:00","16 Aug 2023, 07:56","","Leg Extension (Machine)",,"",0,"normal",15.88,10,,,
"Day LowerBody","16 Aug 2023, 07:00","16 Aug 2023, 07:56","","Leg Extension (Machine)",,"",1,"normal",27.22,10,,,
"Day LowerBody","16 Aug 2023, 07:00","16 Aug 2023, 07:56","","Leg Extension (Machine)",,"",2,"normal",20.41,10,,,
"Day LowerBody","16 Aug 2023, 07:00","16 Aug 2023, 07:56","","Leg Extension (Machine)",,"",3,"normal",20.41,10,,,
"Day LowerBody","16 Aug 2023, 07:00","16 Aug 2023, 07:56","","Leg Extension (Machine)",,"",4,"normal",20.41,10,,,
"Day LowerBody","16 Aug 2023, 07:00","16 Aug 2023, 07:56","","Single Leg Standing Calf Raise (Barbell)",,"",0,"normal",90,10,,,
"Day LowerBody","16 Aug 2023, 07:00","16 Aug 2023, 07:56","","Single Leg Standing Calf Raise (Barbell)",,"",1,"normal",180,10,,,
"Day LowerBody","16 Aug 2023, 07:00","16 Aug 2023, 07:56","","Single Leg Standing Calf Raise (Barbell)",,"",2,"normal",180,10,,,
"Day LowerBody","16 Aug 2023, 07:00","16 Aug 2023, 07:56","","Single Leg Standing Calf Raise (Barbell)",,"",3,"normal",180,10,,,
"Day LowerBody","16 Aug 2023, 07:00","16 Aug 2023, 07:56","","Hip Adduction (Machine)",,"",0,"normal",22.68,10,,,
"Day LowerBody","16 Aug 2023, 07:00","16 Aug 2023, 07:56","","Hip Adduction (Machine)",,"",1,"normal",58.97,10,,,
"Day LowerBody","16 Aug 2023, 07:00","16 Aug 2023, 07:56","","Hip Adduction (Machine)",,"",2,"normal",95.25,10,,,
"Day LowerBody","16 Aug 2023, 07:00","16 Aug 2023, 07:56","","Hip Adduction (Machine)",,"",3,"normal",113.4,10,,,
"Day LowerBody","16 Aug 2023, 07:00","16 Aug 2023, 07:56","","Hip Adduction (Machine)",,"",4,"normal",113.4,10,,,
"Day LowerBody","16 Aug 2023, 07:00","16 Aug 2023, 07:56","","Leg Press Horizontal (Machine)",,"500 calculated on pressure machine so not sure",0,"normal",158.76,10,,,
"Day LowerBody","16 Aug 2023, 07:00","16 Aug 2023, 07:56","","Leg Press Horizontal (Machine)",,"500 calculated on pressure machine so not sure",1,"normal",226.8,10,,,
"Day LowerBody","16 Aug 2023, 07:00","16 Aug 2023, 07:56","","Leg Press Horizontal (Machine)",,"500 calculated on pressure machine so not sure",2,"normal",226.8,12,,,
"Day LowerBody","16 Aug 2023, 07:00","16 Aug 2023, 07:56","","Leg Press Horizontal (Machine)",,"500 calculated on pressure machine so not sure",3,"normal",226.8,10,,,
"Day LowerBody","16 Aug 2023, 07:00","16 Aug 2023, 07:56","","Leg Press Horizontal (Machine)",,"500 calculated on pressure machine so not sure",4,"normal",226.8,10,,,
"Day UpperBody","15 Aug 2023, 07:02","15 Aug 2023, 08:06","","Pull Up",,"",0,"normal",,5,,,
"Day UpperBody","15 Aug 2023, 07:02","15 Aug 2023, 08:06","","Pull Up",,"",1,"normal",,5,,,
"Day UpperBody","15 Aug 2023, 07:02","15 Aug 2023, 08:06","","Pull Up",,"",2,"normal",,5,,,
"Day UpperBody","15 Aug 2023, 07:02","15 Aug 2023, 08:06","","Pull Up",,"",3,"failure",,6,,,
"Day UpperBody","15 Aug 2023, 07:02","15 Aug 2023, 08:06","","Bench Press (Barbell)",,"",0,"normal",20.41,16,,,
"Day UpperBody","15 Aug 2023, 07:02","15 Aug 2023, 08:06","","Bench Press (Barbell)",,"",1,"normal",43.09,8,,,
"Day UpperBody","15 Aug 2023, 07:02","15 Aug 2023, 08:06","","Bench Press (Barbell)",,"",2,"normal",43.09,8,,,
"Day UpperBody","15 Aug 2023, 07:02","15 Aug 2023, 08:06","","Bench Press (Barbell)",,"",3,"normal",43.09,8,,,
"Day UpperBody","15 Aug 2023, 07:02","15 Aug 2023, 08:06","","Bench Press (Barbell)",,"",4,"failure",43.09,10,,,
"Day UpperBody","15 Aug 2023, 07:02","15 Aug 2023, 08:06","","Iso-Lateral Row (Machine)",,"",0,"normal",11.34,15,,,
"Day UpperBody","15 Aug 2023, 07:02","15 Aug 2023, 08:06","","Iso-Lateral Row (Machine)",,"",1,"normal",38.56,9,,,
"Day UpperBody","15 Aug 2023, 07:02","15 Aug 2023, 08:06","","Iso-Lateral Row (Machine)",,"",2,"normal",38.56,9,,,
"Day UpperBody","15 Aug 2023, 07:02","15 Aug 2023, 08:06","","Iso-Lateral Row (Machine)",,"",3,"normal",38.56,9,,,
"Day UpperBody","15 Aug 2023, 07:02","15 Aug 2023, 08:06","","Iso-Lateral Row (Machine)",,"",4,"normal",38.56,11,,,
"Day UpperBody","15 Aug 2023, 07:02","15 Aug 2023, 08:06","","Skullcrusher (Barbell)",,"",0,"normal",11.34,11,,,
"Day UpperBody","15 Aug 2023, 07:02","15 Aug 2023, 08:06","","Skullcrusher (Barbell)",,"",1,"normal",11.34,10,,,
"Day UpperBody","15 Aug 2023, 07:02","15 Aug 2023, 08:06","","Skullcrusher (Barbell)",,"",2,"normal",11.34,10,,,
"Day UpperBody","15 Aug 2023, 07:02","15 Aug 2023, 08:06","","Skullcrusher (Barbell)",,"",3,"normal",11.34,12,,,
"Day UpperBody","15 Aug 2023, 07:02","15 Aug 2023, 08:06","","Bicep Curl (Barbell)",,"",0,"normal",15.88,10,,,
"Day UpperBody","15 Aug 2023, 07:02","15 Aug 2023, 08:06","","Bicep Curl (Barbell)",,"",1,"normal",15.88,10,,,
"Day UpperBody","15 Aug 2023, 07:02","15 Aug 2023, 08:06","","Bicep Curl (Barbell)",,"",2,"normal",15.88,10,,,
"Day UpperBody","15 Aug 2023, 07:02","15 Aug 2023, 08:06","","Bicep Curl (Barbell)",,"",3,"normal",15.88,10,,,
"Day UpperBody","15 Aug 2023, 07:02","15 Aug 2023, 08:06","","Shoulder Press (Dumbbell)",,"",0,"normal",11.34,10,,,
"Day UpperBody","15 Aug 2023, 07:02","15 Aug 2023, 08:06","","Shoulder Press (Dumbbell)",,"",1,"normal",11.34,10,,,
"Day UpperBody","15 Aug 2023, 07:02","15 Aug 2023, 08:06","","Shoulder Press (Dumbbell)",,"",2,"normal",11.34,10,,,
"Day UpperBody","15 Aug 2023, 07:02","15 Aug 2023, 08:06","","Shoulder Press (Dumbbell)",,"",3,"normal",11.34,9,,,
"Day UpperBody","15 Aug 2023, 07:02","15 Aug 2023, 08:06","","Chest Dip",,"",0,"normal",,7,,,
"Day UpperBody","15 Aug 2023, 07:02","15 Aug 2023, 08:06","","Chest Dip",,"",1,"normal",,7,,,
"Day UpperBody","15 Aug 2023, 07:02","15 Aug 2023, 08:06","","Chest Dip",,"",2,"normal",,7,,,
"Day UpperBody","15 Aug 2023, 07:02","15 Aug 2023, 08:06","","Chest Dip",,"",3,"normal",,6,,,
"Morning workout ☀️","14 Aug 2023, 07:00","14 Aug 2023, 07:40","","Seated Calf Raise",,"",0,"normal",50,11,,,
"Morning workout ☀️","14 Aug 2023, 07:00","14 Aug 2023, 07:40","","Seated Calf Raise",,"",1,"normal",90,11,,,
"Morning workout ☀️","14 Aug 2023, 07:00","14 Aug 2023, 07:40","","Seated Calf Raise",,"",2,"normal",140,10,,,
"Morning workout ☀️","14 Aug 2023, 07:00","14 Aug 2023, 07:40","","Seated Calf Raise",,"",3,"normal",140,10,,,
"Morning workout ☀️","14 Aug 2023, 07:00","14 Aug 2023, 07:40","","Leg Extension (Machine)",,"",0,"normal",15.88,10,,,
"Morning workout ☀️","14 Aug 2023, 07:00","14 Aug 2023, 07:40","","Leg Extension (Machine)",,"",1,"normal",40.82,10,,,
"Morning workout ☀️","14 Aug 2023, 07:00","14 Aug 2023, 07:40","","Leg Extension (Machine)",,"",2,"normal",40.82,10,,,
"Morning workout ☀️","14 Aug 2023, 07:00","14 Aug 2023, 07:40","","Leg Extension (Machine)",,"",3,"normal",31.75,10,,,
"Morning workout ☀️","14 Aug 2023, 07:00","14 Aug 2023, 07:40","","Leg Extension (Machine)",,"",4,"normal",22.68,10,,,
"Morning workout ☀️","14 Aug 2023, 07:00","14 Aug 2023, 07:40","","Single Leg Standing Calf Raise (Barbell)",,"",0,"normal",90,10,,,
"Morning workout ☀️","14 Aug 2023, 07:00","14 Aug 2023, 07:40","","Single Leg Standing Calf Raise (Barbell)",,"",1,"normal",160,10,,,
"Morning workout ☀️","14 Aug 2023, 07:00","14 Aug 2023, 07:40","","Single Leg Standing Calf Raise (Barbell)",,"",2,"normal",160,10,,,
"Morning workout ☀️","14 Aug 2023, 07:00","14 Aug 2023, 07:40","","Single Leg Standing Calf Raise (Barbell)",,"",3,"normal",160,10,,,
"Day UpperBody","13 Aug 2023, 11:16","13 Aug 2023, 12:27","","Pull Up",,"",0,"normal",,5,,,
"Day UpperBody","13 Aug 2023, 11:16","13 Aug 2023, 12:27","","Pull Up",,"",1,"normal",,5,,,
"Day UpperBody","13 Aug 2023, 11:16","13 Aug 2023, 12:27","","Pull Up",,"",2,"normal",,5,,,
"Day UpperBody","13 Aug 2023, 11:16","13 Aug 2023, 12:27","","Pull Up",,"",3,"failure",,6,,,
"Day UpperBody","13 Aug 2023, 11:16","13 Aug 2023, 12:27","","Bench Press (Barbell)",,"",0,"normal",20.41,16,,,
"Day UpperBody","13 Aug 2023, 11:16","13 Aug 2023, 12:27","","Bench Press (Barbell)",,"",1,"normal",43.09,10,,,
"Day UpperBody","13 Aug 2023, 11:16","13 Aug 2023, 12:27","","Bench Press (Barbell)",,"",2,"normal",43.09,10,,,
"Day UpperBody","13 Aug 2023, 11:16","13 Aug 2023, 12:27","","Bench Press (Barbell)",,"",3,"failure",43.09,8,,,
"Day UpperBody","13 Aug 2023, 11:16","13 Aug 2023, 12:27","","Bench Press (Barbell)",,"",4,"failure",43.09,5,,,
"Day UpperBody","13 Aug 2023, 11:16","13 Aug 2023, 12:27","","Iso-Lateral Row (Machine)",,"",0,"normal",24.95,10,,,
"Day UpperBody","13 Aug 2023, 11:16","13 Aug 2023, 12:27","","Iso-Lateral Row (Machine)",,"",1,"normal",38.56,8,,,
"Day UpperBody","13 Aug 2023, 11:16","13 Aug 2023, 12:27","","Iso-Lateral Row (Machine)",,"",2,"normal",38.56,8,,,
"Day UpperBody","13 Aug 2023, 11:16","13 Aug 2023, 12:27","","Iso-Lateral Row (Machine)",,"",3,"normal",38.56,8,,,
"Day UpperBody","13 Aug 2023, 11:16","13 Aug 2023, 12:27","","Iso-Lateral Row (Machine)",,"",4,"failure",38.56,9,,,
"Day UpperBody","13 Aug 2023, 11:16","13 Aug 2023, 12:27","","Skullcrusher (Barbell)",,"",0,"normal",11.34,10,,,
"Day UpperBody","13 Aug 2023, 11:16","13 Aug 2023, 12:27","","Skullcrusher (Barbell)",,"",1,"normal",13.61,10,,,
"Day UpperBody","13 Aug 2023, 11:16","13 Aug 2023, 12:27","","Skullcrusher (Barbell)",,"",2,"normal",13.61,10,,,
"Day UpperBody","13 Aug 2023, 11:16","13 Aug 2023, 12:27","","Skullcrusher (Barbell)",,"",3,"normal",13.61,9,,,
"Day UpperBody","13 Aug 2023, 11:16","13 Aug 2023, 12:27","","Bicep Curl (Barbell)",,"",0,"normal",13.61,10,,,
"Day UpperBody","13 Aug 2023, 11:16","13 Aug 2023, 12:27","","Bicep Curl (Barbell)",,"",1,"normal",13.61,10,,,
"Day UpperBody","13 Aug 2023, 11:16","13 Aug 2023, 12:27","","Bicep Curl (Barbell)",,"",2,"normal",13.61,10,,,
"Day UpperBody","13 Aug 2023, 11:16","13 Aug 2023, 12:27","","Bicep Curl (Barbell)",,"",3,"normal",13.61,13,,,
"Day UpperBody","13 Aug 2023, 11:16","13 Aug 2023, 12:27","","Shoulder Press (Dumbbell)",,"",0,"normal",11.34,10,,,
"Day UpperBody","13 Aug 2023, 11:16","13 Aug 2023, 12:27","","Shoulder Press (Dumbbell)",,"",1,"normal",11.34,10,,,
"Day UpperBody","13 Aug 2023, 11:16","13 Aug 2023, 12:27","","Shoulder Press (Dumbbell)",,"",2,"normal",11.34,10,,,
"Day UpperBody","13 Aug 2023, 11:16","13 Aug 2023, 12:27","","Shoulder Press (Dumbbell)",,"",3,"normal",11.34,8,,,
"Day UpperBody","13 Aug 2023, 11:16","13 Aug 2023, 12:27","","Chest Dip",,"",0,"normal",,8,,,
"Day UpperBody","13 Aug 2023, 11:16","13 Aug 2023, 12:27","","Chest Dip",,"",1,"normal",,8,,,
"Day UpperBody","13 Aug 2023, 11:16","13 Aug 2023, 12:27","","Chest Dip",,"",2,"normal",,5,,,
"Afternoon workout 💪","30 Jul 2023, 15:46","30 Jul 2023, 17:14","","Bent Over Row (Barbell)",,"",0,"normal",22.68,10,,,
"Afternoon workout 💪","30 Jul 2023, 15:46","30 Jul 2023, 17:14","","Bent Over Row (Barbell)",,"",1,"normal",56.7,5,,,
"Afternoon workout 💪","30 Jul 2023, 15:46","30 Jul 2023, 17:14","","Bent Over Row (Barbell)",,"",2,"normal",56.7,5,,,
"Afternoon workout 💪","30 Jul 2023, 15:46","30 Jul 2023, 17:14","","Bent Over Row (Barbell)",,"",3,"normal",56.7,5,,,
"Afternoon workout 💪","30 Jul 2023, 15:46","30 Jul 2023, 17:14","","Bent Over Row (Barbell)",,"",4,"normal",56.7,5,,,
"Afternoon workout 💪","30 Jul 2023, 15:46","30 Jul 2023, 17:14","","Bench Press (Barbell)",,"",0,"normal",15.88,15,,,
"Afternoon workout 💪","30 Jul 2023, 15:46","30 Jul 2023, 17:14","","Bench Press (Barbell)",,"",1,"normal",56.7,5,,,
"Afternoon workout 💪","30 Jul 2023, 15:46","30 Jul 2023, 17:14","","Bench Press (Barbell)",,"",2,"normal",56.7,5,,,
"Afternoon workout 💪","30 Jul 2023, 15:46","30 Jul 2023, 17:14","","Bench Press (Barbell)",,"",3,"normal",56.7,5,,,
"Afternoon workout 💪","30 Jul 2023, 15:46","30 Jul 2023, 17:14","","Bench Press (Barbell)",,"",4,"normal",56.7,4,,,
"Afternoon workout 💪","30 Jul 2023, 15:46","30 Jul 2023, 17:14","","Overhead Press (Barbell)",,"",0,"normal",15.88,15,,,
"Afternoon workout 💪","30 Jul 2023, 15:46","30 Jul 2023, 17:14","","Overhead Press (Barbell)",,"",1,"normal",24.95,5,,,
"Afternoon workout 💪","30 Jul 2023, 15:46","30 Jul 2023, 17:14","","Overhead Press (Barbell)",,"",2,"normal",24.95,5,,,
"Afternoon workout 💪","30 Jul 2023, 15:46","30 Jul 2023, 17:14","","Overhead Press (Barbell)",,"",3,"normal",24.95,5,,,
"Afternoon workout 💪","30 Jul 2023, 15:46","30 Jul 2023, 17:14","","Overhead Press (Barbell)",,"",4,"normal",24.95,5,,,
"Afternoon workout 💪","30 Jul 2023, 15:46","30 Jul 2023, 17:14","","Lat Pulldown (Cable)",,"",0,"normal",34.02,12,,,
"Afternoon workout 💪","30 Jul 2023, 15:46","30 Jul 2023, 17:14","","Lat Pulldown (Cable)",,"",1,"normal",40.82,12,,,
"Afternoon workout 💪","30 Jul 2023, 15:46","30 Jul 2023, 17:14","","Lat Pulldown (Cable)",,"",2,"failure",47.63,14,,,
"Afternoon workout 💪","30 Jul 2023, 15:46","30 Jul 2023, 17:14","","Incline Bench Press (Dumbbell)",,"",0,"normal",31.75,12,,,
"Afternoon workout 💪","30 Jul 2023, 15:46","30 Jul 2023, 17:14","","Incline Bench Press (Dumbbell)",,"",1,"normal",31.75,8,,,
"Afternoon workout 💪","30 Jul 2023, 15:46","30 Jul 2023, 17:14","","Incline Bench Press (Dumbbell)",,"",2,"normal",27.22,8,,,
"Afternoon workout 💪","30 Jul 2023, 15:46","30 Jul 2023, 17:14","","Chest Fly (Machine)",,"",0,"normal",31.75,12,,,
"Afternoon workout 💪","30 Jul 2023, 15:46","30 Jul 2023, 17:14","","Chest Fly (Machine)",,"",1,"normal",40.82,8,,,
"Afternoon workout 💪","30 Jul 2023, 15:46","30 Jul 2023, 17:14","","Chest Fly (Machine)",,"",2,"normal",36.29,10,,,
"Afternoon workout 💪","30 Jul 2023, 15:46","30 Jul 2023, 17:14","","Chest Fly (Machine)",,"",3,"normal",31.75,10,,,
"Afternoon workout 💪","30 Jul 2023, 15:46","30 Jul 2023, 17:14","","Triceps Pushdown",,"",0,"normal",13.61,12,,,
"Afternoon workout 💪","30 Jul 2023, 15:46","30 Jul 2023, 17:14","","Triceps Pushdown",,"",1,"normal",13.61,12,,,
"Afternoon workout 💪","30 Jul 2023, 15:46","30 Jul 2023, 17:14","","Triceps Pushdown",,"",2,"normal",18.14,12,,,
"Afternoon workout 💪","30 Jul 2023, 15:46","30 Jul 2023, 17:14","","Triceps Pushdown",,"",3,"normal",31.75,5,,,
"Afternoon workout 💪","30 Jul 2023, 15:46","30 Jul 2023, 17:14","","Hammer Curl (Cable)",,"",0,"normal",13.61,12,,,
"Afternoon workout 💪","30 Jul 2023, 15:46","30 Jul 2023, 17:14","","Hammer Curl (Cable)",,"",1,"normal",13.61,12,,,
"Afternoon workout 💪","30 Jul 2023, 15:46","30 Jul 2023, 17:14","","Hammer Curl (Cable)",,"",2,"normal",13.61,11,,,
"Afternoon workout 💪","30 Jul 2023, 15:46","30 Jul 2023, 17:14","","Chin Up",,"",0,"normal",,8,,,
"Afternoon workout 💪","30 Jul 2023, 15:46","30 Jul 2023, 17:14","","Chin Up",,"",1,"normal",,7,,,
"Afternoon workout 💪","30 Jul 2023, 15:46","30 Jul 2023, 17:14","","Chest Dip",,"",0,"normal",,8,,,
"Afternoon workout 💪","30 Jul 2023, 15:46","30 Jul 2023, 17:14","","Chest Dip",,"",1,"normal",,6,,,
"Afternoon workout 💪","30 Jul 2023, 15:46","30 Jul 2023, 17:14","","Skullcrusher (Barbell)",,"",0,"normal",13.61,12,,,
"Afternoon workout 💪","30 Jul 2023, 15:46","30 Jul 2023, 17:14","","Skullcrusher (Barbell)",,"",1,"normal",13.61,12,,,
"Afternoon workout 💪","30 Jul 2023, 15:46","30 Jul 2023, 17:14","","Skullcrusher (Barbell)",,"",2,"normal",13.61,12,,,
"Afternoon workout 💪","30 Jul 2023, 15:46","30 Jul 2023, 17:14","","Skullcrusher (Barbell)",,"",3,"normal",13.61,12,,,
"Day UpperBody","28 Jul 2023, 09:07","28 Jul 2023, 10:25","","Pull Up",,"",0,"normal",,6,,,
"Day UpperBody","28 Jul 2023, 09:07","28 Jul 2023, 10:25","","Pull Up",,"",1,"normal",,6,,,
"Day UpperBody","28 Jul 2023, 09:07","28 Jul 2023, 10:25","","Pull Up",,"",2,"failure",,5,,,
"Day UpperBody","28 Jul 2023, 09:07","28 Jul 2023, 10:25","","Pull Up",,"",3,"failure",,4,,,
"Day UpperBody","28 Jul 2023, 09:07","28 Jul 2023, 10:25","","Bench Press (Barbell)",,"",0,"normal",20.41,16,,,
"Day UpperBody","28 Jul 2023, 09:07","28 Jul 2023, 10:25","","Bench Press (Barbell)",,"",1,"normal",43.09,10,,,
"Day UpperBody","28 Jul 2023, 09:07","28 Jul 2023, 10:25","","Bench Press (Barbell)",,"",2,"normal",43.09,10,,,
"Day UpperBody","28 Jul 2023, 09:07","28 Jul 2023, 10:25","","Bench Press (Barbell)",,"",3,"normal",43.09,8,,,
"Day UpperBody","28 Jul 2023, 09:07","28 Jul 2023, 10:25","","Bench Press (Barbell)",,"",4,"failure",29.48,15,,,
"Day UpperBody","28 Jul 2023, 09:07","28 Jul 2023, 10:25","","Iso-Lateral Row (Machine)",,"",0,"normal",24.95,10,,,
"Day UpperBody","28 Jul 2023, 09:07","28 Jul 2023, 10:25","","Iso-Lateral Row (Machine)",,"",1,"normal",38.56,10,,,
"Day UpperBody","28 Jul 2023, 09:07","28 Jul 2023, 10:25","","Iso-Lateral Row (Machine)",,"",2,"normal",38.56,10,,,
"Day UpperBody","28 Jul 2023, 09:07","28 Jul 2023, 10:25","","Iso-Lateral Row (Machine)",,"",3,"failure",38.56,9,,,
"Day UpperBody","28 Jul 2023, 09:07","28 Jul 2023, 10:25","","Iso-Lateral Row (Machine)",,"",4,"failure",31.75,10,,,
"Day UpperBody","28 Jul 2023, 09:07","28 Jul 2023, 10:25","","Skullcrusher (Barbell)",,"",0,"normal",9.07,11,,,
"Day UpperBody","28 Jul 2023, 09:07","28 Jul 2023, 10:25","","Skullcrusher (Barbell)",,"",1,"normal",9.07,11,,,
"Day UpperBody","28 Jul 2023, 09:07","28 Jul 2023, 10:25","","Skullcrusher (Barbell)",,"",2,"normal",9.07,10,,,
"Day UpperBody","28 Jul 2023, 09:07","28 Jul 2023, 10:25","","Skullcrusher (Barbell)",,"",3,"normal",9.07,10,,,
"Day UpperBody","28 Jul 2023, 09:07","28 Jul 2023, 10:25","","Bicep Curl (Barbell)",,"",0,"normal",13.61,10,,,
"Day UpperBody","28 Jul 2023, 09:07","28 Jul 2023, 10:25","","Bicep Curl (Barbell)",,"",1,"normal",13.61,10,,,
"Day UpperBody","28 Jul 2023, 09:07","28 Jul 2023, 10:25","","Bicep Curl (Barbell)",,"",2,"normal",13.61,10,,,
"Day UpperBody","28 Jul 2023, 09:07","28 Jul 2023, 10:25","","Bicep Curl (Barbell)",,"",3,"normal",15.88,10,,,
"Day UpperBody","28 Jul 2023, 09:07","28 Jul 2023, 10:25","","Shoulder Press (Dumbbell)",,"",0,"normal",11.34,10,,,
"Day UpperBody","28 Jul 2023, 09:07","28 Jul 2023, 10:25","","Shoulder Press (Dumbbell)",,"",1,"normal",11.34,10,,,
"Day UpperBody","28 Jul 2023, 09:07","28 Jul 2023, 10:25","","Shoulder Press (Dumbbell)",,"",2,"normal",11.34,10,,,
"Day UpperBody","28 Jul 2023, 09:07","28 Jul 2023, 10:25","","Shoulder Press (Dumbbell)",,"",3,"normal",11.34,10,,,
"Day UpperBody","28 Jul 2023, 09:07","28 Jul 2023, 10:25","","Chest Dip",,"",0,"normal",,10,,,
"Day UpperBody","28 Jul 2023, 09:07","28 Jul 2023, 10:25","","Chest Dip",,"",1,"normal",,8,,,
"Day UpperBody","28 Jul 2023, 09:07","28 Jul 2023, 10:25","","Chest Dip",,"",2,"normal",,8,,,
"Day UpperBody","28 Jul 2023, 09:07","28 Jul 2023, 10:25","","Chest Dip",,"",3,"normal",,7,,,
"Morning workout ☀️","25 Jul 2023, 09:08","25 Jul 2023, 10:08","","Leg Extension (Machine)",,"",0,"normal",40.82,10,,,
"Morning workout ☀️","25 Jul 2023, 09:08","25 Jul 2023, 10:08","","Leg Extension (Machine)",,"",1,"normal",31.75,10,,,
"Morning workout ☀️","25 Jul 2023, 09:08","25 Jul 2023, 10:08","","Leg Extension (Machine)",,"",2,"normal",31.75,10,,,
"Morning workout ☀️","25 Jul 2023, 09:08","25 Jul 2023, 10:08","","Leg Extension (Machine)",,"",3,"normal",31.75,10,,,
"Morning workout ☀️","25 Jul 2023, 09:08","25 Jul 2023, 10:08","","Leg Extension (Machine)",,"",4,"normal",31.75,10,,,
"Morning workout ☀️","25 Jul 2023, 09:08","25 Jul 2023, 10:08","","Leg Press (Machine)",,"",0,"normal",31.75,10,,,
"Morning workout ☀️","25 Jul 2023, 09:08","25 Jul 2023, 10:08","","Leg Press (Machine)",,"",1,"normal",31.75,10,,,
"Morning workout ☀️","25 Jul 2023, 09:08","25 Jul 2023, 10:08","","Leg Press (Machine)",,"",2,"normal",40.82,10,,,
"Morning workout ☀️","25 Jul 2023, 09:08","25 Jul 2023, 10:08","","Leg Press (Machine)",,"",3,"normal",40.82,12,,,
"Morning workout ☀️","25 Jul 2023, 09:08","25 Jul 2023, 10:08","","Leg Press (Machine)",,"",4,"normal",40.82,15,,,
"Morning workout ☀️","25 Jul 2023, 09:08","25 Jul 2023, 10:08","","Incline Chest Press (Machine)",,"",0,"normal",22.68,10,,,
"Morning workout ☀️","25 Jul 2023, 09:08","25 Jul 2023, 10:08","","Incline Chest Press (Machine)",,"",1,"normal",31.75,10,,,
"Morning workout ☀️","25 Jul 2023, 09:08","25 Jul 2023, 10:08","","Incline Chest Press (Machine)",,"",2,"normal",31.75,9,,,
"Morning workout ☀️","25 Jul 2023, 09:08","25 Jul 2023, 10:08","","Incline Chest Press (Machine)",,"",3,"normal",22.68,10,,,
"Morning workout ☀️","25 Jul 2023, 09:08","25 Jul 2023, 10:08","","Hip Adduction (Machine)",,"",0,"normal",22.68,10,,,
"Morning workout ☀️","25 Jul 2023, 09:08","25 Jul 2023, 10:08","","Hip Adduction (Machine)",,"",1,"normal",95.25,10,,,
"Morning workout ☀️","25 Jul 2023, 09:08","25 Jul 2023, 10:08","","Hip Adduction (Machine)",,"",2,"normal",95.25,2,,,
"Morning workout ☀️","24 Jul 2023, 08:46","24 Jul 2023, 10:03","","Bench Press (Barbell)",,"",0,"normal",20,10,,,
"Morning workout ☀️","24 Jul 2023, 08:46","24 Jul 2023, 10:03","","Bench Press (Barbell)",,"",1,"normal",27,12,,,
"Morning workout ☀️","24 Jul 2023, 08:46","24 Jul 2023, 10:03","","Bench Press (Barbell)",,"",2,"normal",40,10,,,
"Morning workout ☀️","24 Jul 2023, 08:46","24 Jul 2023, 10:03","","Bench Press (Barbell)",,"",3,"normal",40,10,,,
"Morning workout ☀️","24 Jul 2023, 08:46","24 Jul 2023, 10:03","","Bench Press (Barbell)",,"",4,"normal",40,7,,,
"Morning workout ☀️","24 Jul 2023, 08:46","24 Jul 2023, 10:03","","Lat Pulldown (Cable)",,"",0,"normal",18.14,10,,,
"Morning workout ☀️","24 Jul 2023, 08:46","24 Jul 2023, 10:03","","Lat Pulldown (Cable)",,"",1,"normal",38.56,10,,,
"Morning workout ☀️","24 Jul 2023, 08:46","24 Jul 2023, 10:03","","Lat Pulldown (Cable)",,"",2,"normal",38.56,10,,,
"Morning workout ☀️","24 Jul 2023, 08:46","24 Jul 2023, 10:03","","Lat Pulldown (Cable)",,"",3,"normal",38.56,10,,,
"Morning workout ☀️","24 Jul 2023, 08:46","24 Jul 2023, 10:03","","Lat Pulldown (Cable)",,"",4,"normal",38.56,10,,,
"Morning workout ☀️","24 Jul 2023, 08:46","24 Jul 2023, 10:03","","Iso-Lateral Row (Machine)",,"",0,"normal",24.95,10,,,
"Morning workout ☀️","24 Jul 2023, 08:46","24 Jul 2023, 10:03","","Iso-Lateral Row (Machine)",,"",1,"normal",38.56,10,,,
"Morning workout ☀️","24 Jul 2023, 08:46","24 Jul 2023, 10:03","","Iso-Lateral Row (Machine)",,"",2,"normal",38.56,10,,,
"Morning workout ☀️","24 Jul 2023, 08:46","24 Jul 2023, 10:03","","Iso-Lateral Row (Machine)",,"",3,"normal",31.75,10,,,
"Morning workout ☀️","24 Jul 2023, 08:46","24 Jul 2023, 10:03","","Iso-Lateral Row (Machine)",,"",4,"normal",31.75,10,,,
"Morning workout ☀️","24 Jul 2023, 08:46","24 Jul 2023, 10:03","","Overhead Press (Dumbbell)",,"",0,"normal",9,10,,,
"Morning workout ☀️","24 Jul 2023, 08:46","24 Jul 2023, 10:03","","Overhead Press (Dumbbell)",,"",1,"normal",9,10,,,
"Morning workout ☀️","24 Jul 2023, 08:46","24 Jul 2023, 10:03","","Overhead Press (Dumbbell)",,"",2,"normal",9,10,,,
"Morning workout ☀️","24 Jul 2023, 08:46","24 Jul 2023, 10:03","","Overhead Press (Dumbbell)",,"",3,"normal",9,10,,,
"Morning workout ☀️","24 Jul 2023, 08:46","24 Jul 2023, 10:03","","Bicep Curl (Barbell)",,"",0,"normal",11.34,10,,,
"Morning workout ☀️","24 Jul 2023, 08:46","24 Jul 2023, 10:03","","Bicep Curl (Barbell)",,"",1,"normal",18.14,10,,,
"Morning workout ☀️","24 Jul 2023, 08:46","24 Jul 2023, 10:03","","Bicep Curl (Barbell)",,"",2,"normal",13.61,10,,,
"Morning workout ☀️","24 Jul 2023, 08:46","24 Jul 2023, 10:03","","Bicep Curl (Barbell)",,"",3,"normal",11.34,10,,,
"Morning workout ☀️","24 Jul 2023, 08:46","24 Jul 2023, 10:03","","Chest Dip",,"",0,"normal",,10,,,
"Morning workout ☀️","24 Jul 2023, 08:46","24 Jul 2023, 10:03","","Chest Dip",,"",1,"normal",,8,,,
"Morning workout ☀️","24 Jul 2023, 08:46","24 Jul 2023, 10:03","","Chest Dip",,"",2,"normal",,8,,,
"Morning workout ☀️","24 Jul 2023, 08:46","24 Jul 2023, 10:03","","Chest Dip",,"",3,"normal",,6,,,
"Afternoon workout 💪","11 Jul 2023, 01:34","11 Jul 2023, 03:02","","Bench Press (Barbell)",,"",0,"normal",20,15,,,
"Afternoon workout 💪","11 Jul 2023, 01:34","11 Jul 2023, 03:02","","Bench Press (Barbell)",,"",1,"normal",30,12,,,
"Afternoon workout 💪","11 Jul 2023, 01:34","11 Jul 2023, 03:02","","Bench Press (Barbell)",,"",2,"normal",40,11,,,
"Afternoon workout 💪","11 Jul 2023, 01:34","11 Jul 2023, 03:02","","Bench Press (Barbell)",,"",3,"normal",50,8,,,
"Afternoon workout 💪","11 Jul 2023, 01:34","11 Jul 2023, 03:02","","Bench Press (Barbell)",,"",4,"normal",45,9,,,
"Afternoon workout 💪","11 Jul 2023, 01:34","11 Jul 2023, 03:02","","Bench Press (Barbell)",,"",5,"normal",40,10,,,
"Afternoon workout 💪","11 Jul 2023, 01:34","11 Jul 2023, 03:02","","Hip Adduction (Machine)",,"",0,"normal",30,15,,,
"Afternoon workout 💪","11 Jul 2023, 01:34","11 Jul 2023, 03:02","","Hip Adduction (Machine)",,"",1,"normal",50,11,,,
"Afternoon workout 💪","11 Jul 2023, 01:34","11 Jul 2023, 03:02","","Hip Adduction (Machine)",,"",2,"normal",60,11,,,
"Afternoon workout 💪","11 Jul 2023, 01:34","11 Jul 2023, 03:02","","Hip Adduction (Machine)",,"",3,"normal",60,11,,,
"Afternoon workout 💪","11 Jul 2023, 01:34","11 Jul 2023, 03:02","","Hip Adduction (Machine)",,"",4,"normal",60,11,,,
"Afternoon workout 💪","11 Jul 2023, 01:34","11 Jul 2023, 03:02","","Pull Up",,"",0,"normal",,6,,,
"Afternoon workout 💪","11 Jul 2023, 01:34","11 Jul 2023, 03:02","","Iso-Lateral Row (Machine)",,"",0,"normal",35,10,,,
"Afternoon workout 💪","11 Jul 2023, 01:34","11 Jul 2023, 03:02","","Iso-Lateral Row (Machine)",,"",1,"normal",60,10,,,
"Afternoon workout 💪","11 Jul 2023, 01:34","11 Jul 2023, 03:02","","Iso-Lateral Row (Machine)",,"",2,"normal",70,10,,,
"Afternoon workout 💪","11 Jul 2023, 01:34","11 Jul 2023, 03:02","","Iso-Lateral Row (Machine)",,"",3,"normal",70,10,,,
"Afternoon workout 💪","11 Jul 2023, 01:34","11 Jul 2023, 03:02","","Lat Pulldown (Cable)",,"",0,"normal",25,10,,,
"Afternoon workout 💪","11 Jul 2023, 01:34","11 Jul 2023, 03:02","","Lat Pulldown (Cable)",,"",1,"normal",40,10,,,
"Afternoon workout 💪","11 Jul 2023, 01:34","11 Jul 2023, 03:02","","Lat Pulldown (Cable)",,"",2,"normal",40,10,,,
"Afternoon workout 💪","11 Jul 2023, 01:34","11 Jul 2023, 03:02","","Lat Pulldown (Cable)",,"",3,"normal",35,10,,,
"Afternoon workout 💪","11 Jul 2023, 01:34","11 Jul 2023, 03:02","","Bicep Curl (Barbell)",,"",0,"normal",10,10,,,
"Afternoon workout 💪","11 Jul 2023, 01:34","11 Jul 2023, 03:02","","Bicep Curl (Barbell)",,"",1,"normal",25,10,,,
"Afternoon workout 💪","11 Jul 2023, 01:34","11 Jul 2023, 03:02","","Bicep Curl (Barbell)",,"",2,"normal",20,10,,,
"Afternoon workout 💪","11 Jul 2023, 01:34","11 Jul 2023, 03:02","","Bicep Curl (Barbell)",,"",3,"normal",20,10,,,
"Afternoon workout 💪","11 Jul 2023, 01:34","11 Jul 2023, 03:02","","Bicep Curl (Barbell)",,"",4,"normal",15,10,,,
"Afternoon workout 💪","11 Jul 2023, 01:34","11 Jul 2023, 03:02","","Skullcrusher (Barbell)",,"",0,"normal",10,10,,,
"Afternoon workout 💪","11 Jul 2023, 01:34","11 Jul 2023, 03:02","","Skullcrusher (Barbell)",,"",1,"normal",10,10,,,
"Afternoon workout 💪","11 Jul 2023, 01:34","11 Jul 2023, 03:02","","Skullcrusher (Barbell)",,"",2,"normal",10,10,,,
"Afternoon workout 💪","11 Jul 2023, 01:34","11 Jul 2023, 03:02","","Skullcrusher (Barbell)",,"",3,"normal",10,10,,,
"Afternoon workout 💪","11 Jul 2023, 01:34","11 Jul 2023, 03:02","","Farmers Walk",,"",0,"normal",40,,0.05,,
"Afternoon workout 💪","11 Jul 2023, 01:34","11 Jul 2023, 03:02","","Farmers Walk",,"",1,"normal",40,,0.03,,
"Afternoon workout 💪","7 Jul 2023, 03:28","7 Jul 2023, 04:32","","Bench Press (Barbell)",,"",0,"normal",20,15,,,
"Afternoon workout 💪","7 Jul 2023, 03:28","7 Jul 2023, 04:32","","Bench Press (Barbell)",,"",1,"normal",30,10,,,
"Afternoon workout 💪","7 Jul 2023, 03:28","7 Jul 2023, 04:32","","Bench Press (Barbell)",,"",2,"normal",40,10,,,
"Afternoon workout 💪","7 Jul 2023, 03:28","7 Jul 2023, 04:32","","Bench Press (Barbell)",,"",3,"normal",45,10,,,
"Afternoon workout 💪","7 Jul 2023, 03:28","7 Jul 2023, 04:32","","Bench Press (Barbell)",,"",4,"normal",45,8,,,
"Afternoon workout 💪","7 Jul 2023, 03:28","7 Jul 2023, 04:32","","Bench Press (Barbell)",,"",5,"normal",40,103,,,
"Afternoon workout 💪","7 Jul 2023, 03:28","7 Jul 2023, 04:32","","Lat Pulldown (Cable)",,"",0,"normal",30,10,,,
"Afternoon workout 💪","7 Jul 2023, 03:28","7 Jul 2023, 04:32","","Lat Pulldown (Cable)",,"",1,"normal",40,10,,,
"Afternoon workout 💪","7 Jul 2023, 03:28","7 Jul 2023, 04:32","","Lat Pulldown (Cable)",,"",2,"normal",40,10,,,
"Afternoon workout 💪","7 Jul 2023, 03:28","7 Jul 2023, 04:32","","Lat Pulldown (Cable)",,"",3,"normal",35,10,,,
"Afternoon workout 💪","7 Jul 2023, 03:28","7 Jul 2023, 04:32","","Lat Pulldown (Cable)",,"",4,"normal",35,10,,,
"Afternoon workout 💪","7 Jul 2023, 03:28","7 Jul 2023, 04:32","","Skullcrusher (Barbell)",,"",0,"normal",10,10,,,
"Afternoon workout 💪","7 Jul 2023, 03:28","7 Jul 2023, 04:32","","Skullcrusher (Barbell)",,"",1,"normal",10,10,,,
"Afternoon workout 💪","7 Jul 2023, 03:28","7 Jul 2023, 04:32","","Skullcrusher (Barbell)",,"",2,"normal",10,10,,,
"Afternoon workout 💪","7 Jul 2023, 03:28","7 Jul 2023, 04:32","","Skullcrusher (Barbell)",,"",3,"normal",10,10,,,
"Afternoon workout 💪","7 Jul 2023, 03:28","7 Jul 2023, 04:32","","Diamond Push Up",,"",0,"normal",,13,,,
"Afternoon workout 💪","5 Jul 2023, 02:39","5 Jul 2023, 04:05","","Bench Press (Barbell)",,"",0,"normal",20,11,,,
"Afternoon workout 💪","5 Jul 2023, 02:39","5 Jul 2023, 04:05","","Bench Press (Barbell)",,"",1,"normal",30,11,,,
"Afternoon workout 💪","5 Jul 2023, 02:39","5 Jul 2023, 04:05","","Bench Press (Barbell)",,"",2,"normal",40,11,,,
"Afternoon workout 💪","5 Jul 2023, 02:39","5 Jul 2023, 04:05","","Bench Press (Barbell)",,"",3,"normal",50,8,,,
"Afternoon workout 💪","5 Jul 2023, 02:39","5 Jul 2023, 04:05","","Bench Press (Barbell)",,"",4,"normal",44,12,,,
"Afternoon workout 💪","5 Jul 2023, 02:39","5 Jul 2023, 04:05","","Bench Press (Barbell)",,"",5,"normal",44,8,,,
"Afternoon workout 💪","5 Jul 2023, 02:39","5 Jul 2023, 04:05","","Bench Press (Barbell)",,"",6,"normal",36.5,12,,,
"Afternoon workout 💪","5 Jul 2023, 02:39","5 Jul 2023, 04:05","","Squat (Barbell)",,"",0,"normal",20,10,,,
"Afternoon workout 💪","5 Jul 2023, 02:39","5 Jul 2023, 04:05","","Squat (Barbell)",,"",1,"normal",30,10,,,
"Afternoon workout 💪","5 Jul 2023, 02:39","5 Jul 2023, 04:05","","Squat (Barbell)",,"",2,"normal",40,10,,,
"Afternoon workout 💪","5 Jul 2023, 02:39","5 Jul 2023, 04:05","","Squat (Barbell)",,"",3,"normal",50,10,,,
"Afternoon workout 💪","5 Jul 2023, 02:39","5 Jul 2023, 04:05","","Squat (Barbell)",,"",4,"normal",50,10,,,
"Afternoon workout 💪","5 Jul 2023, 02:39","5 Jul 2023, 04:05","","Squat (Barbell)",,"",5,"normal",50,10,,,
"Afternoon workout 💪","5 Jul 2023, 02:39","5 Jul 2023, 04:05","","Chest Dip",,"",0,"normal",,8,,,
"Afternoon workout 💪","5 Jul 2023, 02:39","5 Jul 2023, 04:05","","Chest Dip",,"",1,"normal",,6,,,
"Afternoon workout 💪","5 Jul 2023, 02:39","5 Jul 2023, 04:05","","Chest Dip",,"",2,"normal",,8,,,
"Afternoon workout 💪","5 Jul 2023, 02:39","5 Jul 2023, 04:05","","Bicep Curl (Barbell)",,"",0,"normal",20,10,,,
"Afternoon workout 💪","5 Jul 2023, 02:39","5 Jul 2023, 04:05","","Bicep Curl (Barbell)",,"",1,"normal",20,10,,,
"Afternoon workout 💪","5 Jul 2023, 02:39","5 Jul 2023, 04:05","","Bicep Curl (Barbell)",,"",2,"normal",10,10,,,
"Afternoon workout 💪","5 Jul 2023, 02:39","5 Jul 2023, 04:05","","Hip Adduction (Machine)",,"",0,"normal",50,10,,,
"Afternoon workout 💪","5 Jul 2023, 02:39","5 Jul 2023, 04:05","","Hip Adduction (Machine)",,"",1,"normal",60,40,,,
"Afternoon workout 💪","5 Jul 2023, 02:39","5 Jul 2023, 04:05","","Hip Adduction (Machine)",,"",2,"normal",60,10,,,
"Afternoon workout 💪","5 Jul 2023, 02:39","5 Jul 2023, 04:05","","Hip Adduction (Machine)",,"",3,"normal",60,10,,,
"Pecs - Arms - Legs","1 Jul 2023, 04:56","1 Jul 2023, 06:36","","Bench Press (Barbell)",,"",0,"normal",40,10,,,
"Pecs - Arms - Legs","1 Jul 2023, 04:56","1 Jul 2023, 06:36","","Bench Press (Barbell)",,"",1,"normal",40,10,,,
"Pecs - Arms - Legs","1 Jul 2023, 04:56","1 Jul 2023, 06:36","","Bench Press (Barbell)",,"",2,"normal",40,10,,,
"Pecs - Arms - Legs","1 Jul 2023, 04:56","1 Jul 2023, 06:36","","Bench Press (Barbell)",,"",3,"normal",40,10,,,
"Pecs - Arms - Legs","1 Jul 2023, 04:56","1 Jul 2023, 06:36","","Bicep Curl (Barbell)",,"",0,"normal",20,10,,,
"Pecs - Arms - Legs","1 Jul 2023, 04:56","1 Jul 2023, 06:36","","Bicep Curl (Barbell)",,"",1,"normal",20,10,,,
"Pecs - Arms - Legs","1 Jul 2023, 04:56","1 Jul 2023, 06:36","","Bicep Curl (Barbell)",,"",2,"normal",20,10,,,
"Pecs - Arms - Legs","1 Jul 2023, 04:56","1 Jul 2023, 06:36","","Bicep Curl (Barbell)",,"",3,"normal",20,10,,,
"Pecs - Arms - Legs","1 Jul 2023, 04:56","1 Jul 2023, 06:36","","Leg Extension (Machine)",,"",0,"normal",41,10,,,
"Pecs - Arms - Legs","1 Jul 2023, 04:56","1 Jul 2023, 06:36","","Leg Extension (Machine)",,"",1,"normal",59,10,,,
"Pecs - Arms - Legs","1 Jul 2023, 04:56","1 Jul 2023, 06:36","","Leg Extension (Machine)",,"",2,"normal",66,10,,,
"Pecs - Arms - Legs","1 Jul 2023, 04:56","1 Jul 2023, 06:36","","Leg Extension (Machine)",,"",3,"normal",73,10,,,
"Pecs - Arms - Legs","1 Jul 2023, 04:56","1 Jul 2023, 06:36","","Leg Extension (Machine)",,"",4,"normal",73,10,,,
"Pecs - Arms - Legs","1 Jul 2023, 04:56","1 Jul 2023, 06:36","","Overhead Press (Dumbbell)",,"",0,"normal",9,10,,,
"Pecs - Arms - Legs","1 Jul 2023, 04:56","1 Jul 2023, 06:36","","Overhead Press (Dumbbell)",,"",1,"normal",9,10,,,
"Pecs - Arms - Legs","1 Jul 2023, 04:56","1 Jul 2023, 06:36","","Overhead Press (Dumbbell)",,"",2,"normal",9,10,,,
"Pecs - Arms - Legs","1 Jul 2023, 04:56","1 Jul 2023, 06:36","","Overhead Press (Dumbbell)",,"",3,"normal",9,10,,,
"Pecs - Arms - Legs","1 Jul 2023, 04:56","1 Jul 2023, 06:36","","Leg Press (Machine)",,"",0,"normal",59,10,,,
"Pecs - Arms - Legs","1 Jul 2023, 04:56","1 Jul 2023, 06:36","","Leg Press (Machine)",,"",1,"normal",59,10,,,
"Pecs - Arms - Legs","1 Jul 2023, 04:56","1 Jul 2023, 06:36","","Leg Press (Machine)",,"",2,"normal",66,10,,,
"Pecs - Arms - Legs","1 Jul 2023, 04:56","1 Jul 2023, 06:36","","Leg Press (Machine)",,"",3,"normal",66,13,,,
"Pecs - Arms - Legs","1 Jul 2023, 04:56","1 Jul 2023, 06:36","","Iso-Lateral Row (Machine)",,"",0,"normal",28.75,10,,,
"Pecs - Arms - Legs","1 Jul 2023, 04:56","1 Jul 2023, 06:36","","Iso-Lateral Row (Machine)",,"",1,"normal",36.25,10,,,
"Pecs - Arms - Legs","1 Jul 2023, 04:56","1 Jul 2023, 06:36","","Iso-Lateral Row (Machine)",,"",2,"normal",41.25,10,,,
"Pecs - Arms - Legs","1 Jul 2023, 04:56","1 Jul 2023, 06:36","","Iso-Lateral Row (Machine)",,"",3,"normal",41.25,10,,,
"Pecs - Arms - Legs","1 Jul 2023, 04:56","1 Jul 2023, 06:36","","Chest Press (Machine)",,"",0,"normal",36,10,,,
"Pecs - Arms - Legs","1 Jul 2023, 04:56","1 Jul 2023, 06:36","","Chest Press (Machine)",,"",1,"normal",50,11,,,
"Pecs - Arms - Legs","1 Jul 2023, 04:56","1 Jul 2023, 06:36","","Chest Press (Machine)",,"",2,"normal",50,10,,,
"Pecs - Arms - Legs","1 Jul 2023, 04:56","1 Jul 2023, 06:36","","Chest Press (Machine)",,"",3,"normal",45,10,,,
"Pecs - Back - Shoulders","12 Jun 2023, 06:56","12 Jun 2023, 08:16","","Lat Pulldown (Cable)",,"",0,"normal",35,10,,,
"Pecs - Back - Shoulders","12 Jun 2023, 06:56","12 Jun 2023, 08:16","","Lat Pulldown (Cable)",,"",1,"normal",35,10,,,
"Pecs - Back - Shoulders","12 Jun 2023, 06:56","12 Jun 2023, 08:16","","Lat Pulldown (Cable)",,"",2,"normal",35,10,,,
"Pecs - Back - Shoulders","12 Jun 2023, 06:56","12 Jun 2023, 08:16","","Lat Pulldown (Cable)",,"",3,"normal",35,10,,,
"Pecs - Back - Shoulders","12 Jun 2023, 06:56","12 Jun 2023, 08:16","","Iso-Lateral Row (Machine)",,"",0,"normal",50,10,,,
"Pecs - Back - Shoulders","12 Jun 2023, 06:56","12 Jun 2023, 08:16","","Iso-Lateral Row (Machine)",,"",1,"normal",43,10,,,
"Pecs - Back - Shoulders","12 Jun 2023, 06:56","12 Jun 2023, 08:16","","Iso-Lateral Row (Machine)",,"",2,"normal",43,10,,,
"Pecs - Back - Shoulders","12 Jun 2023, 06:56","12 Jun 2023, 08:16","","Iso-Lateral Row (Machine)",,"",3,"normal",43,10,,,
"Pecs - Back - Shoulders","12 Jun 2023, 06:56","12 Jun 2023, 08:16","","Overhead Press (Dumbbell)",,"",0,"normal",10,10,,,
"Pecs - Back - Shoulders","12 Jun 2023, 06:56","12 Jun 2023, 08:16","","Overhead Press (Dumbbell)",,"",1,"normal",10,10,,,
"Pecs - Back - Shoulders","12 Jun 2023, 06:56","12 Jun 2023, 08:16","","Overhead Press (Dumbbell)",,"",2,"normal",10,10,,,
"Pecs - Back - Shoulders","12 Jun 2023, 06:56","12 Jun 2023, 08:16","","Overhead Press (Dumbbell)",,"",3,"normal",10,10,,,
"Pecs - Back - Shoulders","12 Jun 2023, 06:56","12 Jun 2023, 08:16","","100 With 1 Kilos Shoulder (30Side, 30Front, 30Elevated, 10Side)",,"",0,"normal",1.25,100,,,
"Pecs - Back - Shoulders","12 Jun 2023, 06:56","12 Jun 2023, 08:16","","Incline Chest Press (Machine)",,"",0,"normal",35,10,,,
"Pecs - Back - Shoulders","12 Jun 2023, 06:56","12 Jun 2023, 08:16","","Incline Chest Press (Machine)",,"",1,"normal",35,10,,,
"Pecs - Back - Shoulders","12 Jun 2023, 06:56","12 Jun 2023, 08:16","","Incline Chest Press (Machine)",,"",2,"normal",35,10,,,
"Pecs - Back - Shoulders","12 Jun 2023, 06:56","12 Jun 2023, 08:16","","Incline Chest Press (Machine)",,"",3,"normal",35,10,,,
"Pecs - Back - Shoulders","12 Jun 2023, 06:56","12 Jun 2023, 08:16","","Bicep Curl (Barbell)",,"",0,"normal",25,10,,,
"Pecs - Back - Shoulders","12 Jun 2023, 06:56","12 Jun 2023, 08:16","","Bicep Curl (Barbell)",,"",1,"normal",22.5,10,,,
"Pecs - Back - Shoulders","12 Jun 2023, 06:56","12 Jun 2023, 08:16","","Bicep Curl (Barbell)",,"",2,"normal",20,10,,,
"Pecs - Back - Shoulders","12 Jun 2023, 06:56","12 Jun 2023, 08:16","","Bicep Curl (Barbell)",,"",3,"normal",20,10,,,
"Pecs - Back - Shoulders","12 Jun 2023, 06:56","12 Jun 2023, 08:16","","Chest Dip",,"",0,"normal",,8,,,
"Pecs - Back - Shoulders","12 Jun 2023, 06:56","12 Jun 2023, 08:16","","Chest Dip",,"",1,"normal",,8,,,
"Pecs - Back - Shoulders","12 Jun 2023, 06:56","12 Jun 2023, 08:16","","Chest Dip",,"",2,"normal",,8,,,
"Pecs - Back - Shoulders","12 Jun 2023, 06:56","12 Jun 2023, 08:16","","Chest Dip",,"",3,"normal",,7,,,
"Pecs - Back - Shoulders","6 Jun 2023, 23:13","7 Jun 2023, 00:09","","Bench Press (Barbell)",,"",0,"normal",45,10,,,
"Pecs - Back - Shoulders","6 Jun 2023, 23:13","7 Jun 2023, 00:09","","Bench Press (Barbell)",,"",1,"normal",45,10,,,
"Pecs - Back - Shoulders","6 Jun 2023, 23:13","7 Jun 2023, 00:09","","Bench Press (Barbell)",,"",2,"normal",45,9,,,
"Pecs - Back - Shoulders","6 Jun 2023, 23:13","7 Jun 2023, 00:09","","Bench Press (Barbell)",,"",3,"normal",45,3,,,
"Pecs - Back - Shoulders","6 Jun 2023, 23:13","7 Jun 2023, 00:09","","Bicep Curl (Barbell)",,"",0,"normal",25,10,,,
"Pecs - Back - Shoulders","6 Jun 2023, 23:13","7 Jun 2023, 00:09","","Bicep Curl (Barbell)",,"",1,"normal",25,10,,,
"Pecs - Back - Shoulders","6 Jun 2023, 23:13","7 Jun 2023, 00:09","","Bicep Curl (Barbell)",,"",2,"normal",20,10,,,
"Pecs - Back - Shoulders","6 Jun 2023, 23:13","7 Jun 2023, 00:09","","Bicep Curl (Barbell)",,"",3,"normal",20,10,,,
"Pecs - Back - Shoulders","6 Jun 2023, 23:13","7 Jun 2023, 00:09","","Chest Dip",,"",0,"normal",,8,,,
"Pecs - Back - Shoulders","6 Jun 2023, 23:13","7 Jun 2023, 00:09","","Chest Dip",,"",1,"normal",,8,,,
"Pecs - Back - Shoulders","6 Jun 2023, 23:13","7 Jun 2023, 00:09","","Chest Dip",,"",2,"normal",,8,,,
"Pecs - Back - Shoulders","6 Jun 2023, 23:13","7 Jun 2023, 00:09","","Chest Dip",,"",3,"normal",,8,,,
"Pecs - Back - Shoulders","6 Jun 2023, 23:13","7 Jun 2023, 00:09","","Lateral Raise (Dumbbell)",,"",0,"normal",4,11,,,
"Pecs - Back - Shoulders","6 Jun 2023, 23:13","7 Jun 2023, 00:09","","Lateral Raise (Dumbbell)",,"",1,"normal",7,8,,,
"Pecs - Back - Shoulders","6 Jun 2023, 23:13","7 Jun 2023, 00:09","","Lateral Raise (Dumbbell)",,"",2,"normal",5,12,,,
"Pecs - Back - Shoulders","6 Jun 2023, 23:13","7 Jun 2023, 00:09","","Lateral Raise (Dumbbell)",,"",3,"normal",5,16,,,
"Pecs - Back - Shoulders","6 Jun 2023, 23:13","7 Jun 2023, 00:09","","Front Raise (Dumbbell)",,"",0,"normal",5,12,,,
"Pecs - Back - Shoulders","6 Jun 2023, 23:13","7 Jun 2023, 00:09","","Front Raise (Dumbbell)",,"",1,"normal",6,10,,,
"Pecs - Back - Shoulders","6 Jun 2023, 23:13","7 Jun 2023, 00:09","","Front Raise (Dumbbell)",,"",2,"normal",6,10,,,
"Pecs - Back - Shoulders","6 Jun 2023, 23:13","7 Jun 2023, 00:09","","Front Raise (Dumbbell)",,"",3,"normal",6,10,,,
"Pecs - Back - Shoulders","4 Jun 2023, 23:57","5 Jun 2023, 00:25","","Bench Press (Barbell)",,"",0,"normal",45,10,,,
"Pecs - Back - Shoulders","4 Jun 2023, 23:57","5 Jun 2023, 00:25","","Bench Press (Barbell)",,"",1,"normal",45,10,,,
"Pecs - Back - Shoulders","4 Jun 2023, 23:57","5 Jun 2023, 00:25","","Bench Press (Barbell)",,"",2,"normal",45,10,,,
"Pecs - Back - Shoulders","4 Jun 2023, 23:57","5 Jun 2023, 00:25","","Bench Press (Barbell)",,"",3,"normal",45,9,,,
"Pecs - Back - Shoulders","4 Jun 2023, 23:57","5 Jun 2023, 00:25","","Lat Pulldown (Cable)",,"",0,"normal",40,10,,,
"Pecs - Back - Shoulders","4 Jun 2023, 23:57","5 Jun 2023, 00:25","","Lat Pulldown (Cable)",,"",1,"normal",40,10,,,
"Pecs - Back - Shoulders","4 Jun 2023, 23:57","5 Jun 2023, 00:25","","Lat Pulldown (Cable)",,"",2,"normal",40,6,,,
"Pecs - Back - Shoulders","4 Jun 2023, 23:57","5 Jun 2023, 00:25","","Bicep Curl (Barbell)",,"",0,"normal",25,10,,,
"Pecs - Back - Shoulders","4 Jun 2023, 23:57","5 Jun 2023, 00:25","","Bicep Curl (Barbell)",,"",1,"normal",25,10,,,
"Pecs - Arms - Legs","31 May 2023, 21:02","31 May 2023, 22:01","","Bicep Curl (Barbell)",,"",0,"normal",22.5,10,,,
"Pecs - Arms - Legs","31 May 2023, 21:02","31 May 2023, 22:01","","Bicep Curl (Barbell)",,"",1,"normal",22.5,10,,,
"Pecs - Arms - Legs","31 May 2023, 21:02","31 May 2023, 22:01","","Bicep Curl (Barbell)",,"",2,"normal",22.5,10,,,
"Pecs - Arms - Legs","31 May 2023, 21:02","31 May 2023, 22:01","","Bicep Curl (Barbell)",,"",3,"normal",22.5,10,,,
"Pecs - Arms - Legs","31 May 2023, 21:02","31 May 2023, 22:01","","Leg Extension (Machine)",,"",0,"normal",70,10,,,
"Pecs - Arms - Legs","31 May 2023, 21:02","31 May 2023, 22:01","","Leg Extension (Machine)",,"",1,"normal",70,10,,,
"Pecs - Arms - Legs","31 May 2023, 21:02","31 May 2023, 22:01","","Leg Extension (Machine)",,"",2,"normal",70,10,,,
"Pecs - Arms - Legs","31 May 2023, 21:02","31 May 2023, 22:01","","Leg Extension (Machine)",,"",3,"normal",70,10,,,
"Pecs - Arms - Legs","31 May 2023, 21:02","31 May 2023, 22:01","","Single Leg Standing Calf Raise (Machine)",,"",0,"normal",43,10,,,
"Pecs - Arms - Legs","31 May 2023, 21:02","31 May 2023, 22:01","","Single Leg Standing Calf Raise (Machine)",,"",1,"normal",58,10,,,
"Pecs - Arms - Legs","31 May 2023, 21:02","31 May 2023, 22:01","","Single Leg Standing Calf Raise (Machine)",,"",2,"normal",58,10,,,
"Pecs - Arms - Legs","31 May 2023, 21:02","31 May 2023, 22:01","","Single Leg Standing Calf Raise (Machine)",,"",3,"normal",58,10,,,
"Pecs - Arms - Legs","31 May 2023, 21:02","31 May 2023, 22:01","","Single Leg Standing Calf Raise (Machine)",,"",4,"normal",58,10,,,
"Pecs - Arms - Legs","31 May 2023, 21:02","31 May 2023, 22:01","","Leg Press (Machine)",,"",0,"normal",73,11,,,
"Pecs - Arms - Legs","31 May 2023, 21:02","31 May 2023, 22:01","","Leg Press (Machine)",,"",1,"normal",95,11,,,
"Pecs - Arms - Legs","31 May 2023, 21:02","31 May 2023, 22:01","","Leg Press (Machine)",,"",2,"normal",95,12,,,
"Pecs - Arms - Legs","31 May 2023, 21:02","31 May 2023, 22:01","","Leg Press (Machine)",,"",3,"normal",95,13,,,
"Pecs - Arms - Legs","31 May 2023, 21:02","31 May 2023, 22:01","","Incline Chest Press (Machine)",,"",0,"normal",35,10,,,
"Pecs - Arms - Legs","31 May 2023, 21:02","31 May 2023, 22:01","","Incline Chest Press (Machine)",,"",1,"normal",28,10,,,
"Pecs - Arms - Legs","31 May 2023, 21:02","31 May 2023, 22:01","","Incline Chest Press (Machine)",,"",2,"normal",20,10,,,
"Pecs - Back - Shoulders","30 May 2023, 23:28","31 May 2023, 00:43","","Bench Press (Barbell)",,"",0,"normal",45,10,,,
"Pecs - Back - Shoulders","30 May 2023, 23:28","31 May 2023, 00:43","","Bench Press (Barbell)",,"",1,"normal",45,10,,,
"Pecs - Back - Shoulders","30 May 2023, 23:28","31 May 2023, 00:43","","Bench Press (Barbell)",,"",2,"normal",45,7,,,
"Pecs - Back - Shoulders","30 May 2023, 23:28","31 May 2023, 00:43","","Bench Press (Barbell)",,"",3,"normal",40,10,,,
"Pecs - Back - Shoulders","30 May 2023, 23:28","31 May 2023, 00:43","","Lat Pulldown (Cable)",,"",0,"normal",40,10,,,
"Pecs - Back - Shoulders","30 May 2023, 23:28","31 May 2023, 00:43","","Lat Pulldown (Cable)",,"",1,"normal",40,10,,,
"Pecs - Back - Shoulders","30 May 2023, 23:28","31 May 2023, 00:43","","Lat Pulldown (Cable)",,"",2,"normal",40,10,,,
"Pecs - Back - Shoulders","30 May 2023, 23:28","31 May 2023, 00:43","","Lat Pulldown (Cable)",,"",3,"normal",40,8,,,
"Pecs - Back - Shoulders","30 May 2023, 23:28","31 May 2023, 00:43","","Iso-Lateral Row (Machine)",,"",0,"normal",50,10,,,
"Pecs - Back - Shoulders","30 May 2023, 23:28","31 May 2023, 00:43","","Iso-Lateral Row (Machine)",,"",1,"normal",50,10,,,
"Pecs - Back - Shoulders","30 May 2023, 23:28","31 May 2023, 00:43","","Iso-Lateral Row (Machine)",,"",2,"normal",50,9,,,
"Pecs - Back - Shoulders","30 May 2023, 23:28","31 May 2023, 00:43","","Iso-Lateral Row (Machine)",,"",3,"normal",50,8,,,
"Pecs - Back - Shoulders","30 May 2023, 23:28","31 May 2023, 00:43","","Overhead Press (Dumbbell)",,"",0,"normal",10,10,,,
"Pecs - Back - Shoulders","30 May 2023, 23:28","31 May 2023, 00:43","","Overhead Press (Dumbbell)",,"",1,"normal",10,10,,,
"Pecs - Back - Shoulders","30 May 2023, 23:28","31 May 2023, 00:43","","Overhead Press (Dumbbell)",,"",2,"normal",10,10,,,
"Pecs - Back - Shoulders","30 May 2023, 23:28","31 May 2023, 00:43","","Overhead Press (Dumbbell)",,"",3,"normal",10,10,,,
"Pecs - Back - Shoulders","30 May 2023, 23:28","31 May 2023, 00:43","","Diamond Push Up",,"",0,"normal",,13,,,
"Pecs - Back - Shoulders","30 May 2023, 23:28","31 May 2023, 00:43","","Chest Dip",,"",0,"normal",,8,,,
"Pecs - Back - Shoulders","30 May 2023, 23:28","31 May 2023, 00:43","","Bicep Curl (Barbell)",,"",0,"normal",20,10,,,
"Pecs - Back - Shoulders","30 May 2023, 23:28","31 May 2023, 00:43","","Bicep Curl (Barbell)",,"",1,"normal",20,10,,,
"Pecs - Back - Shoulders","30 May 2023, 23:28","31 May 2023, 00:43","","Bicep Curl (Barbell)",,"",2,"normal",20,10,,,
"Pecs - Back - Shoulders","30 May 2023, 23:28","31 May 2023, 00:43","","Bicep Curl (Barbell)",,"",3,"normal",20,10,,,
"Pecs - Back - Shoulders","24 May 2023, 21:12","24 May 2023, 22:10","","Bench Press (Barbell)",,"",0,"normal",40,10,,,
"Pecs - Back - Shoulders","24 May 2023, 21:12","24 May 2023, 22:10","","Bench Press (Barbell)",,"",1,"normal",40,10,,,
"Pecs - Back - Shoulders","24 May 2023, 21:12","24 May 2023, 22:10","","Bench Press (Barbell)",,"",2,"normal",40,10,,,
"Pecs - Back - Shoulders","24 May 2023, 21:12","24 May 2023, 22:10","","Bench Press (Barbell)",,"",3,"normal",40,10,,,
"Pecs - Back - Shoulders","24 May 2023, 21:12","24 May 2023, 22:10","","Lat Pulldown (Cable)",,"",0,"normal",35,10,,,
"Pecs - Back - Shoulders","24 May 2023, 21:12","24 May 2023, 22:10","","Lat Pulldown (Cable)",,"",1,"normal",35,10,,,
"Pecs - Back - Shoulders","24 May 2023, 21:12","24 May 2023, 22:10","","Lat Pulldown (Cable)",,"",2,"normal",35,10,,,
"Pecs - Back - Shoulders","24 May 2023, 21:12","24 May 2023, 22:10","","Lat Pulldown (Cable)",,"",3,"normal",35,10,,,
"Pecs - Back - Shoulders","24 May 2023, 21:12","24 May 2023, 22:10","","Iso-Lateral Row (Machine)",,"",0,"normal",43,10,,,
"Pecs - Back - Shoulders","24 May 2023, 21:12","24 May 2023, 22:10","","Iso-Lateral Row (Machine)",,"",1,"normal",43,10,,,
"Pecs - Back - Shoulders","24 May 2023, 21:12","24 May 2023, 22:10","","Iso-Lateral Row (Machine)",,"",2,"normal",43,10,,,
"Pecs - Back - Shoulders","24 May 2023, 21:12","24 May 2023, 22:10","","Iso-Lateral Row (Machine)",,"",3,"normal",43,10,,,
"Pecs - Back - Shoulders","24 May 2023, 21:12","24 May 2023, 22:10","","Overhead Press (Dumbbell)",,"",0,"normal",8,10,,,
"Pecs - Back - Shoulders","24 May 2023, 21:12","24 May 2023, 22:10","","Overhead Press (Dumbbell)",,"",1,"normal",10,10,,,
"Pecs - Back - Shoulders","24 May 2023, 21:12","24 May 2023, 22:10","","Overhead Press (Dumbbell)",,"",2,"normal",10,10,,,
"Pecs - Back - Shoulders","24 May 2023, 21:12","24 May 2023, 22:10","","Overhead Press (Dumbbell)",,"",3,"normal",10,10,,,
"Pecs - Back - Shoulders","24 May 2023, 21:12","24 May 2023, 22:10","","100 With 1 Kilos Shoulder (30Side, 30Front, 30Elevated, 10Side)",,"",0,"normal",1,100,,,
"Morning workout ☀️","23 May 2023, 23:01","24 May 2023, 00:20","","Bench Press (Barbell)",,"",0,"normal",40,10,,,
"Morning workout ☀️","23 May 2023, 23:01","24 May 2023, 00:20","","Bench Press (Barbell)",,"",1,"normal",40,10,,,
"Morning workout ☀️","23 May 2023, 23:01","24 May 2023, 00:20","","Bench Press (Barbell)",,"",2,"normal",40,10,,,
"Morning workout ☀️","23 May 2023, 23:01","24 May 2023, 00:20","","Bench Press (Barbell)",,"",3,"normal",40,10,,,
"Morning workout ☀️","23 May 2023, 23:01","24 May 2023, 00:20","","Chest Dip",,"",0,"normal",,8,,,
"Morning workout ☀️","23 May 2023, 23:01","24 May 2023, 00:20","","Chest Dip",,"",1,"normal",,8,,,
"Morning workout ☀️","23 May 2023, 23:01","24 May 2023, 00:20","","Chest Dip",,"",2,"normal",,8,,,
"Morning workout ☀️","23 May 2023, 23:01","24 May 2023, 00:20","","Chest Dip",,"",3,"normal",,8,,,
"Morning workout ☀️","23 May 2023, 23:01","24 May 2023, 00:20","","Bicep Curl (Barbell)",,"",0,"normal",20,10,,,
"Morning workout ☀️","23 May 2023, 23:01","24 May 2023, 00:20","","Bicep Curl (Barbell)",,"",1,"normal",20,10,,,
"Morning workout ☀️","23 May 2023, 23:01","24 May 2023, 00:20","","Bicep Curl (Barbell)",,"",2,"normal",20,10,,,
"Morning workout ☀️","23 May 2023, 23:01","24 May 2023, 00:20","","Bicep Curl (Barbell)",,"",3,"normal",20,9,,,
"Morning workout ☀️","23 May 2023, 23:01","24 May 2023, 00:20","","Leg Extension (Machine)",,"",0,"normal",70,10,,,
"Morning workout ☀️","23 May 2023, 23:01","24 May 2023, 00:20","","Leg Extension (Machine)",,"",1,"normal",70,11,,,
"Morning workout ☀️","23 May 2023, 23:01","24 May 2023, 00:20","","Leg Extension (Machine)",,"",2,"normal",70,11,,,
"Morning workout ☀️","23 May 2023, 23:01","24 May 2023, 00:20","","Leg Extension (Machine)",,"",3,"normal",70,14,,,
"Morning workout ☀️","23 May 2023, 23:01","24 May 2023, 00:20","","Single Leg Standing Calf Raise (Machine)",,"",0,"normal",35,10,,,
"Morning workout ☀️","23 May 2023, 23:01","24 May 2023, 00:20","","Single Leg Standing Calf Raise (Machine)",,"",1,"normal",50,10,,,
"Morning workout ☀️","23 May 2023, 23:01","24 May 2023, 00:20","","Single Leg Standing Calf Raise (Machine)",,"",2,"normal",50,10,,,
"Morning workout ☀️","23 May 2023, 23:01","24 May 2023, 00:20","","Single Leg Standing Calf Raise (Machine)",,"",3,"normal",58,10,,,
"Morning workout ☀️","23 May 2023, 23:01","24 May 2023, 00:20","","Single Leg Standing Calf Raise (Machine)",,"",4,"normal",58,10,,,
"Morning workout ☀️","23 May 2023, 23:01","24 May 2023, 00:20","","Leg Press (Machine)",,"",0,"normal",73,10,,,
"Morning workout ☀️","23 May 2023, 23:01","24 May 2023, 00:20","","Leg Press (Machine)",,"",1,"normal",88,10,,,
"Morning workout ☀️","23 May 2023, 23:01","24 May 2023, 00:20","","Leg Press (Machine)",,"",2,"normal",95,10,,,
"Morning workout ☀️","23 May 2023, 23:01","24 May 2023, 00:20","","Leg Press (Machine)",,"",3,"normal",95,10,,,
"Morning workout ☀️","5 May 2023, 19:36","5 May 2023, 20:25","","Bench Press (Barbell)",,"",0,"normal",40,10,,,
"Morning workout ☀️","5 May 2023, 19:36","5 May 2023, 20:25","","Bench Press (Barbell)",,"",1,"normal",40,10,,,
"Morning workout ☀️","5 May 2023, 19:36","5 May 2023, 20:25","","Bench Press (Barbell)",,"",2,"normal",40,10,,,
"Morning workout ☀️","5 May 2023, 19:36","5 May 2023, 20:25","","Bench Press (Barbell)",,"",3,"normal",40,8,,,
"Morning workout ☀️","5 May 2023, 19:36","5 May 2023, 20:25","","Lat Pulldown (Cable)",,"",0,"normal",35,10,,,
"Morning workout ☀️","5 May 2023, 19:36","5 May 2023, 20:25","","Lat Pulldown (Cable)",,"",1,"normal",35,10,,,
"Morning workout ☀️","5 May 2023, 19:36","5 May 2023, 20:25","","Lat Pulldown (Cable)",,"",2,"normal",35,10,,,
"Morning workout ☀️","5 May 2023, 19:36","5 May 2023, 20:25","","Lat Pulldown (Cable)",,"",3,"normal",35,8,,,
"Morning workout ☀️","5 May 2023, 19:36","5 May 2023, 20:25","","Iso-Lateral Row (Machine)",,"",0,"normal",43,10,,,
"Morning workout ☀️","5 May 2023, 19:36","5 May 2023, 20:25","","Iso-Lateral Row (Machine)",,"",1,"normal",43,10,,,
"Morning workout ☀️","5 May 2023, 19:36","5 May 2023, 20:25","","Iso-Lateral Row (Machine)",,"",2,"normal",43,10,,,
"Morning workout ☀️","5 May 2023, 19:36","5 May 2023, 20:25","","Iso-Lateral Row (Machine)",,"",3,"normal",43,9,,,
"Morning workout ☀️","5 May 2023, 19:36","5 May 2023, 20:25","","Chest Dip",,"",0,"normal",,8,,,
"Morning workout ☀️","5 May 2023, 19:36","5 May 2023, 20:25","","Chest Dip",,"",1,"normal",,8,,,
"Morning workout ☀️","5 May 2023, 19:36","5 May 2023, 20:25","","Chest Dip",,"",2,"normal",,8,,,
"Morning workout ☀️","5 May 2023, 19:36","5 May 2023, 20:25","","Chest Dip",,"",3,"normal",,7,,,
"Morning workout ☀️","5 May 2023, 19:36","5 May 2023, 20:25","","Crunch",,"",0,"normal",,30,,,
"Morning workout ☀️","5 May 2023, 19:36","5 May 2023, 20:25","","Crunch",,"",1,"normal",,30,,,
"Morning workout ☀️","3 May 2023, 21:43","3 May 2023, 22:29","","Bench Press (Barbell)",,"",0,"normal",40,10,,,
"Morning workout ☀️","3 May 2023, 21:43","3 May 2023, 22:29","","Bench Press (Barbell)",,"",1,"normal",40,10,,,
"Morning workout ☀️","3 May 2023, 21:43","3 May 2023, 22:29","","Bench Press (Barbell)",,"",2,"normal",40,9,,,
"Morning workout ☀️","3 May 2023, 21:43","3 May 2023, 22:29","","Bench Press (Barbell)",,"",3,"normal",40,9,,,
"Morning workout ☀️","3 May 2023, 21:43","3 May 2023, 22:29","","Lat Pulldown (Cable)",,"",0,"normal",30,10,,,
"Morning workout ☀️","3 May 2023, 21:43","3 May 2023, 22:29","","Lat Pulldown (Cable)",,"",1,"normal",35,10,,,
"Morning workout ☀️","3 May 2023, 21:43","3 May 2023, 22:29","","Lat Pulldown (Cable)",,"",2,"normal",35,10,,,
"Morning workout ☀️","3 May 2023, 21:43","3 May 2023, 22:29","","Lat Pulldown (Cable)",,"",3,"normal",35,10,,,
"Morning workout ☀️","3 May 2023, 21:43","3 May 2023, 22:29","","Iso-Lateral Row (Machine)",,"",0,"normal",43,10,,,
"Morning workout ☀️","3 May 2023, 21:43","3 May 2023, 22:29","","Iso-Lateral Row (Machine)",,"",1,"normal",43,10,,,
"Morning workout ☀️","3 May 2023, 21:43","3 May 2023, 22:29","","Iso-Lateral Row (Machine)",,"",2,"normal",43,10,,,
"Morning workout ☀️","3 May 2023, 21:43","3 May 2023, 22:29","","Iso-Lateral Row (Machine)",,"",3,"normal",43,9,,,
"Morning workout ☀️","3 May 2023, 21:43","3 May 2023, 22:29","","Chest Dip",,"",0,"normal",,8,,,
"Morning workout ☀️","3 May 2023, 21:43","3 May 2023, 22:29","","Chest Dip",,"",1,"normal",,8,,,
"Morning workout ☀️","3 May 2023, 21:43","3 May 2023, 22:29","","Chest Dip",,"",2,"normal",,6,,,
"Morning workout ☀️","3 May 2023, 21:43","3 May 2023, 22:29","","Chest Dip",,"",3,"normal",,4,,,
"Morning workout ☀️","3 May 2023, 21:43","3 May 2023, 22:29","","100 With 1 Kilos Shoulder (30Side, 30Front, 30Elevated, 10Side)",,"",0,"normal",1,100,,,
"Morning workout ☀️","1 May 2023, 21:06","1 May 2023, 21:33","","Bench Press (Barbell)",,"",0,"normal",40,8,,,
"Morning workout ☀️","1 May 2023, 21:06","1 May 2023, 21:33","","Bench Press (Barbell)",,"",1,"normal",40,10,,,
"Morning workout ☀️","1 May 2023, 21:06","1 May 2023, 21:33","","Bench Press (Barbell)",,"",2,"normal",40,8,,,
"Morning workout ☀️","1 May 2023, 21:06","1 May 2023, 21:33","","Bench Press (Barbell)",,"",3,"normal",40,8,,,
"Morning workout ☀️","1 May 2023, 21:06","1 May 2023, 21:33","","Lat Pulldown (Cable)",,"",0,"normal",30,10,,,
"Morning workout ☀️","1 May 2023, 21:06","1 May 2023, 21:33","","Lat Pulldown (Cable)",,"",1,"normal",30,10,,,
"Morning workout ☀️","1 May 2023, 21:06","1 May 2023, 21:33","","Lat Pulldown (Cable)",,"",2,"normal",30,10,,,
"Morning workout ☀️","1 May 2023, 21:06","1 May 2023, 21:33","","Lat Pulldown (Cable)",,"",3,"normal",30,10,,,
"Morning workout ☀️","1 May 2023, 21:06","1 May 2023, 21:33","","Iso-Lateral Row (Machine)",,"",0,"normal",43,10,,,
"Morning workout ☀️","1 May 2023, 21:06","1 May 2023, 21:33","","Iso-Lateral Row (Machine)",,"",1,"normal",43,10,,,
"Morning workout ☀️","1 May 2023, 21:06","1 May 2023, 21:33","","Iso-Lateral Row (Machine)",,"",2,"normal",43,9,,,
"Morning workout ☀️","1 May 2023, 21:06","1 May 2023, 21:33","","Iso-Lateral Row (Machine)",,"",3,"normal",43,10,,,
"Morning workout ☀️","1 May 2023, 21:06","1 May 2023, 21:33","","Chest Dip",,"",0,"normal",,8,,,
"Morning workout ☀️","1 May 2023, 21:06","1 May 2023, 21:33","","Chest Dip",,"",1,"normal",,7,,,
"Morning workout ☀️","1 May 2023, 21:06","1 May 2023, 21:33","","Chest Dip",,"",2,"normal",,5,,,
"Morning workout ☀️","1 May 2023, 21:06","1 May 2023, 21:33","","Chest Dip",,"",3,"normal",,4,,,